"ID","gamedate","Day","Time","League","HomeTeam","AwayTeam","bet_type","HOY.Odds","HOY.SpreadTotal","D.Odds","AUN.Odds","AUN.SpreadTotal","Home_pred","Away_pred","HOY_ImpliedOdds","AUN_ImpliedOdds","D_ImpliedOdds","HOY_ProjOdds1","AUN_ProjOdds1","D_ProjOdds1","HOY_ProjOdds2","AUN_ProjOdds2","D_ProjOdds2","HOY_ProjOdds","AUN_ProjOdds","D_ProjOdds","HOY.Odds_Diff","AUN.Odds_Diff","D.Odds_Diff","Pick","Pick_Odds","Pick_SpreadTotal","Pick_WinProb","Pick_LoseProb","Pick_Edge","Fract_Odds","Kelly_Criteria","EV","bet_type_full","Machine_Odds","KC_tier","run_timestamp"
"CuiabaVascodaGama202412081500",2024-12-08,"Sun","15:00","Brasileiro Serie A","Cuiaba","Vasco da Gama","ML",230,,235,125,,1.34644247136247,1.09126520224688,0.303030303030303,0.444444444444444,0.298507462686567,0.42564206885991,0.303035931129383,0.271322000010707,0.442794244291681,0.280320349834543,0.276885405873776,0.434218156575795,0.291678140481963,0.274103702942241,0.131187853545492,-0.152766303962481,-0.0244037597443257,"Cuiaba",230,,0.434218156575795,0.565781843424205,0.131187853545492,2.3,0.188226050739185,4.32919916700125,"3-Way Moneyline",130,"0.15",2024-12-07 22:37:03
"CuiabaVascodaGama202412081500",2024-12-08,"Sun","15:00","Brasileiro Serie A","Cuiaba","Vasco da Gama","Alt Spread",225,-0.5,,-285,0.5,1.34644247136247,1.09126520224688,0.307692307692308,0.74025974025974,,0.42564206885991,0.574357713628978,,0.442794244291681,0.557205740807158,,0.434218156575795,0.565781727218068,,0.126525848883488,-0.174478013041673,,"Cuiaba",225,-0.5,0.434218156575795,0.565781727218068,0.126525848883488,2.25,0.182759559498371,4.11209125077472,"Alternate Spread - Home: -0.5",130,"0.15",2024-12-07 22:37:03
"CuiabaVascodaGama202412081500",2024-12-08,"Sun","15:00","Brasileiro Serie A","Cuiaba","Vasco da Gama","Alt Spread",525,-1,,-850,1,1.34644247136247,1.09126520224688,0.16,0.894736842105263,,0.197646566507254,0.574357713628978,,0.219317975269843,0.507334332712245,,0.208482270888548,0.540846023170611,,0.0484822708885482,-0.353890818934652,,"Cuiaba",525,-1,0.208482270888548,0.540846023170611,0.0484822708885482,5.25,0.140744693076392,5.53685898994267,"Alternate Spread - Home: -1",200,"0.1",2024-12-07 22:37:03
"CuiabaVascodaGama202412081500",2024-12-08,"Sun","15:00","Brasileiro Serie A","Cuiaba","Vasco da Gama","Alt Spread",134,0,,-162,0,1.34644247136247,1.09126520224688,0.427350427350427,0.618320610687023,,0.42564206885991,0.303035931129383,,0.442794244291681,0.280320349834543,,0.434218156575795,0.291678140481963,,0.0068677292253681,-0.32664247020506,,"Cuiaba",134,0,0.434218156575795,0.291678140481963,0.0068677292253681,1.34,0.298317959965496,2.90174189329603,"Alternate Spread - Home: 0",-133,"0.25",2024-12-07 22:37:03
"CuiabaVascodaGama202412081500",2024-12-08,"Sun","15:00","Brasileiro Serie A","Cuiaba","Vasco da Gama","Alt Spread",-150,0.5,,125,-0.5,1.34644247136247,1.09126520224688,0.6,0.444444444444444,,0.696963851359504,0.303035931129383,,0.719679635264296,0.280320349834543,,0.7083217433119,0.291678140481963,,0.1083217433119,-0.152766303962481,,"Cuiaba",-150,0.5,0.7083217433119,0.291678140481963,0.1083217433119,0.666666666666667,0.27080435827975,2.70804532588955,"Alternate Spread - Home: 0.5",-243,"0.25",2024-12-07 22:37:03
"CuiabaVascodaGama202412081500",2024-12-08,"Sun","15:00","Brasileiro Serie A","Cuiaba","Vasco da Gama","Alt Spread",-330,1,,260,-1,1.34644247136247,1.09126520224688,0.767441860465116,0.277777777777778,,0.696963851359504,0.118250050352401,,0.655154564860491,0.142259867058406,,0.676059208109997,0.130254958705403,,-0.0913826523551189,-0.147522819072375,,"Cuiaba",-330,1,0.676059208109997,0.130254958705403,-0.0913826523551189,0.303030303030303,0.305362170870225,2.46217844382167,"Alternate Spread - Home: 1",-340,"0.3",2024-12-07 22:37:03
"CuiabaVascodaGama202412081500",2024-12-08,"Sun","15:00","Brasileiro Serie A","Cuiaba","Vasco da Gama","Alt Spread",-470,1.5,,345,-1.5,1.34644247136247,1.09126520224688,0.824561403508772,0.224719101123595,,0.881749732136487,0.118250050352401,,0.882879436379778,0.117120563620222,,0.882314584258132,0.117685306986312,,0.0577531807493602,-0.107033794137284,,"Cuiaba",-470,1.5,0.882314584258132,0.117685306986312,0.0577531807493602,0.212765957446809,0.329193130271354,3.29193641422468,"Alternate Spread - Home: 1.5",-750,"0.3",2024-12-07 22:37:03
"CuiabaVascodaGama202412081500",2024-12-08,"Sun","15:00","Brasileiro Serie A","Cuiaba","Vasco da Gama","Alt Total",-255,1.5,,205,1.5,1.34644247136247,1.09126520224688,0.71830985915493,0.327868852459016,,0.699678608883089,0.300321173605798,,0.456849582145246,0.543150417854754,,0.578264095514167,0.421735795730276,,-0.140045763640762,0.0938669432712599,,"Under",205,1.5,0.421735795730276,0.578264095514167,0.0938669432712599,2.05,0.139655696086509,2.86294285732899,"Alternate Total - 1.5",137,"0.1",2024-12-07 22:37:03
"CuiabaVascodaGama202412081500",2024-12-08,"Sun","15:00","Brasileiro Serie A","Cuiaba","Vasco da Gama","Alt Total",-155,2,,128,2,1.34644247136247,1.09126520224688,0.607843137254902,0.43859649122807,,0.440111140081981,0.300321173605798,,0.394923069670353,0.331093001102214,,0.417517104876167,0.315707087354006,,-0.190326032378735,-0.122889403874064,,"Under",128,2,0.315707087354006,0.417517104876167,-0.122889403874064,1.28,-0.0142905143359071,-0.13412033063039,"Alternate Total - 2",123,"-0.05",2024-12-07 22:37:03
"CuiabaVascodaGama202412081500",2024-12-08,"Sun","15:00","Brasileiro Serie A","Cuiaba","Vasco da Gama","Alt Total",120,2.5,,-145,2.5,1.34644247136247,1.09126520224688,0.454545454545455,0.591836734693878,,0.440111140081981,0.559888642406907,,0.456849582145246,0.543150417854754,,0.448480361113613,0.55151953013083,,-0.00606509343184131,-0.0403172045630471,,"Over",120,2.5,0.448480361113613,0.55151953013083,-0.00606509343184131,1.2,-0.0111193379583757,-0.133430967944946,"Alternate Total - 2.5",123,"-0.05",2024-12-07 22:37:03
"CuiabaVascodaGama202412081500",2024-12-08,"Sun","15:00","Brasileiro Serie A","Cuiaba","Vasco da Gama","Alt Total",225,3,,-285,3,1.34644247136247,1.09126520224688,0.307692307692308,0.74025974025974,,0.229194603243375,0.559888642406907,,0.235397238917471,0.529379708010498,,0.232295921080423,0.544634175208702,,-0.0753963866118848,-0.195625565051038,,"Over",225,3,0.232295921080423,0.544634175208702,-0.0753963866118848,2.25,-0.0125670409632756,-0.21968352777751,"Alternate Total - 3",191,"-0.05",2024-12-07 22:37:03
"CuiabaVascodaGama202412081500",2024-12-08,"Sun","15:00","Brasileiro Serie A","Cuiaba","Vasco da Gama","Alt Total",300,3.5,,-400,3.5,1.34644247136247,1.09126520224688,0.25,0.8,,0.229194603243375,0.770805179245513,,0.277742013097866,0.722257986902134,,0.25346830817062,0.746531583073823,,0.00346830817062038,-0.0534684169261767,,"Over",300,3.5,0.25346830817062,0.746531583073823,0.00346830817062038,3,0.00462441089416051,0.138733414380377,"Alternate Total - 3.5",295,"0",2024-12-07 22:37:03
"CuiabaVascodaGama202412081500",2024-12-08,"Sun","15:00","Brasileiro Serie A","Cuiaba","Vasco da Gama","Draw No Bet",136,,,-165,,1.34644247136247,1.09126520224688,0.423728813559322,0.622641509433962,,0.42564206885991,0.303035931129383,,0.442794244291681,0.280320349834543,,0.434218156575795,0.291678140481963,,0.0104893430164734,-0.330963368951999,,"Cuiaba",136,,0.434218156575795,0.291678140481963,0.0104893430164734,1.36,0.302727726431273,2.98858552461119,"Draw No Bet",-133,"0.3",2024-12-07 22:37:03
"CuiabaVascodaGama202412081500",2024-12-08,"Sun","15:00","Brasileiro Serie A","Cuiaba","Vasco da Gama","TT",-210,0.5,,169,0.5,1.34644247136247,1.09126520224688,0.67741935483871,0.371747211895911,,0.739835648938373,0.260164157717882,,0.695469224480592,0.304530775519408,,0.717652436709483,0.282347466618645,,0.0402330818707729,-0.0893997452772657,,"Over",-210,0.5,0.717652436709483,0.282347466618645,0.0402330818707729,0.476190476190476,0.124722553799396,1.24722756810328,"Total Goals O/U - Cuiaba - 0.5",-254,"0.1",2024-12-07 22:37:03
"CuiabaVascodaGama202412081500",2024-12-08,"Sun","15:00","Brasileiro Serie A","Cuiaba","Vasco da Gama","Alt TT",225,1.5,,-285,1.5,1.34644247136247,1.09126520224688,0.307692307692308,0.74025974025974,,0.389539577460773,0.610460229195482,,0.44071594105129,0.55928405894871,,0.415127759256031,0.584872144072096,,0.107435451563724,-0.155387596187644,,"Over",225,1.5,0.415127759256031,0.584872144072096,0.107435451563724,2.25,0.155184541147601,3.49165314253974,"Total Goals O/U - Cuiaba - 1.5",141,"0.15",2024-12-07 22:37:03
"CuiabaVascodaGama202412081500",2024-12-08,"Sun","15:00","Brasileiro Serie A","Cuiaba","Vasco da Gama","Alt TT",750,2.5,,-1500,2.5,1.34644247136247,1.09126520224688,0.117647058823529,0.9375,,0.15371282336634,0.846286983289915,,0.200558350514881,0.799441649485119,,0.177135586940611,0.822864316387517,,0.0594885281170812,-0.114635683612483,,"Over",750,2.5,0.177135586940611,0.822864316387517,0.0594885281170812,7.5,0.0674203318660254,5.05652585667063,"Total Goals O/U - Cuiaba - 2.5",465,"0.05",2024-12-07 22:37:03
"CuiabaVascodaGama202412081500",2024-12-08,"Sun","15:00","Brasileiro Serie A","Cuiaba","Vasco da Gama","Alt TT",1600,3.5,,-10000,3.5,1.34644247136247,1.09126520224688,0.0588235294117647,0.99009900990099,,0.0478704375009083,0.952129369155347,,0.117716765626235,0.882283234373765,,0.0827936015635718,0.917206301764556,,0.0239700721518071,-0.0728927081364343,,"Over",1600,3.5,0.0827936015635718,0.917206301764556,0.0239700721518071,16,0.0254682016612951,4.07491323252594,"Total Goals O/U - Cuiaba - 3.5",1108,"0",2024-12-07 22:37:03
"CuiabaVascodaGama202412081500",2024-12-08,"Sun","15:00","Brasileiro Serie A","Cuiaba","Vasco da Gama","Alt TT",-320,0.5,,255,0.5,1.34644247136247,1.09126520224688,0.761904761904762,0.28169014084507,,0.664208595005578,0.33579138082705,,0.614366406238715,0.385633593761285,,0.639287500622146,0.360712487294168,,-0.122617261282616,0.0790223464490972,,"Under",255,0.5,0.360712487294168,0.639287500622146,0.0790223464490972,2.55,0.110011501919331,2.80529341977981,"Total Goals O/U - Vasco da Gama - 0.5",177,"0.1",2024-12-07 22:37:03
"CuiabaVascodaGama202412081500",2024-12-08,"Sun","15:00","Brasileiro Serie A","Cuiaba","Vasco da Gama","TT",143,1.5,,-175,1.5,1.34644247136247,1.09126520224688,0.411522633744856,0.636363636363636,,0.297771145894587,0.70222882993804,,0.303519652548471,0.696480347451529,,0.300645399221529,0.699354588694785,,-0.110877234523327,0.0629909523311484,,"Under",-175,1.5,0.699354588694785,0.300645399221529,0.0629909523311484,0.571428571428571,0.173225118910658,1.73225140057109,"Total Goals O/U - Vasco da Gama - 1.5",-233,"0.15",2024-12-07 22:37:03
"CuiabaVascodaGama202412081500",2024-12-08,"Sun","15:00","Brasileiro Serie A","Cuiaba","Vasco da Gama","Alt TT",450,2.5,,-675,2.5,1.34644247136247,1.09126520224688,0.181818181818182,0.870967741935484,,0.0978309273871191,0.902169048445508,,0.157958459823046,0.842041540176953,,0.127894693605083,0.872105294311231,,-0.053923488213099,0.00113755237574709,,"Under",-675,2.5,0.872105294311231,0.127894693605083,0.00113755237574709,0.148148148148148,0.00881603091204053,0.0881611247692202,"Total Goals O/U - Vasco da Gama - 2.5",-682,"0",2024-12-07 22:37:03
"CuiabaVascodaGama202412081500",2024-12-08,"Sun","15:00","Brasileiro Serie A","Cuiaba","Vasco da Gama","Alt TT",1100,3.5,,-3300,3.5,1.34644247136247,1.09126520224688,0.0833333333333333,0.970588235294118,,0.0251016597248397,0.974898316107788,,0.105405060116098,0.894594939883902,,0.065253359920469,0.934746627995845,,-0.0180799734128643,-0.0358416072982729,,"Over",1100,3.5,0.065253359920469,0.934746627995845,-0.0180799734128643,11,-0.0197236073594883,-2.16959668870685,"Total Goals O/U - Vasco da Gama - 3.5",1432,"-0.05",2024-12-07 22:37:03
"FortalezaInternacional202412081600",2024-12-08,"Sun","16:00","Brasileiro Serie A","Fortaleza","Internacional","ML",145,,235,190,,1.19530289583084,1.28686323270644,0.408163265306122,0.344827586206897,0.298507462686567,0.342701941862756,0.386461862675143,0.2708361954621,0.32507823346819,0.377523043506514,0.297398723025296,0.333890087665473,0.381992453090829,0.284117459243698,-0.0742731776406494,0.0371648668839323,-0.0143900034428691,"Internacional",190,,0.381992453090829,0.618007546909171,0.0371648668839323,1.9,0.0567253231386336,1.07778113963404,"3-Way Moneyline",162,"0.05",2024-12-07 22:37:03
"FortalezaInternacional202412081600",2024-12-08,"Sun","16:00","Brasileiro Serie A","Fortaleza","Internacional","Alt Spread",145,-0.5,,-177,0.5,1.19530289583084,1.28686323270644,0.408163265306122,0.63898916967509,,0.342701941862756,0.657297874216533,,0.32507823346819,0.67492176653181,,0.333890087665473,0.666109820374172,,-0.0742731776406494,0.0271206506990813,,"Internacional",-177,0.5,0.666109820374172,0.333890087665473,0.0271206506990813,0.564971751412429,0.0751242024364553,0.751243652062842,"Alternate Spread - Home: -0.5",-199,"0.05",2024-12-07 22:37:03
"FortalezaInternacional202412081600",2024-12-08,"Sun","16:00","Brasileiro Serie A","Fortaleza","Internacional","Alt Spread",290,-1,,-380,1,1.19530289583084,1.28686323270644,0.256410256410256,0.791666666666667,,0.143578732483123,0.657297874216533,,0.166367116510935,0.590165027853628,,0.154972924497029,0.62373145103508,,-0.101437331913228,-0.167935215631586,,"Fortaleza",290,-1,0.154972924497029,0.62373145103508,-0.101437331913228,2.9,-0.0771883247267624,-1.74309969993697,"Alternate Spread - Home: -1",276,"-0.1",2024-12-07 22:37:03
"FortalezaInternacional202412081600",2024-12-08,"Sun","16:00","Brasileiro Serie A","Fortaleza","Internacional","Alt Spread",-227,0.5,,185,-0.5,1.19530289583084,1.28686323270644,0.694189602446483,0.350877192982456,,0.613537953404146,0.386461862675143,,0.622476956493486,0.377523043506514,,0.618007454948816,0.381992453090829,,-0.0761821474976675,0.0311152601083727,,"Internacional",185,-0.5,0.381992453090829,0.618007454948816,0.0311152601083727,1.85,0.0479343196264119,0.886785832692176,"Alternate Spread - Home: 0.5",162,"0",2024-12-07 22:37:03
"FortalezaInternacional202412081600",2024-12-08,"Sun","16:00","Brasileiro Serie A","Fortaleza","Internacional","Alt Spread",-550,1,,395,-1,1.19530289583084,1.28686323270644,0.846153846153846,0.202020202020202,,0.613537953404146,0.172085792958484,,0.566352260998285,0.193376377270955,,0.589945107201215,0.182731085114719,,-0.256208738952631,-0.0192891169054829,,"Internacional",395,-1,0.182731085114719,0.589945107201215,-0.0192891169054829,3.95,0.0431977764426333,1.31842679001925,"Alternate Spread - Home: 1",237,"0",2024-12-07 22:37:03
"FortalezaInternacional202412081600",2024-12-08,"Sun","16:00","Brasileiro Serie A","Fortaleza","Internacional","Alt Total",-365,1.5,,280,1.5,1.19530289583084,1.28686323270644,0.78494623655914,0.263157894736842,,0.70902296882149,0.290976847257799,,0.546199479305547,0.453800520694453,,0.627611224063519,0.372388683976126,,-0.157335012495621,0.109230789239284,,"Under",280,1.5,0.372388683976126,0.627611224063519,0.109230789239284,2.8,0.148241785396171,4.15077091069634,"Alternate Total - 1.5",169,"0.1",2024-12-07 22:37:03
"FortalezaInternacional202412081600",2024-12-08,"Sun","16:00","Brasileiro Serie A","Fortaleza","Internacional","Alt Total",-235,2,,190,2,1.19530289583084,1.28686323270644,0.701492537313433,0.344827586206897,,0.451603943561458,0.290976847257799,,0.413872561981819,0.312908416432513,,0.432738252771638,0.301942631845156,,-0.268754284541794,-0.0428849543617406,,"Under",190,2,0.301942631845156,0.432738252771638,-0.0428849543617406,1.9,0.100976707378038,1.40952747734158,"Alternate Total - 2",130,"0.1",2024-12-07 22:37:03
"FortalezaInternacional202412081600",2024-12-08,"Sun","16:00","Brasileiro Serie A","Fortaleza","Internacional","Alt Total",150,3,,-183,3,1.19530289583084,1.28686323270644,0.4,0.646643109540636,,0.238618348447613,0.548395872517831,,0.258168286453165,0.508238277933455,,0.248393317450389,0.528317075225643,,-0.151606682549611,-0.118326034314993,,"Under",-183,3,0.528317075225643,0.248393317450389,-0.118326034314993,0.546448087431694,0.0949611399395757,0.737573042914311,"Alternate Total - 3",-178,"0.05",2024-12-07 22:37:03
"FortalezaInternacional202412081600",2024-12-08,"Sun","16:00","Brasileiro Serie A","Fortaleza","Internacional","Alt Total",212,3.5,,-265,3.5,1.19530289583084,1.28686323270644,0.320512820512821,0.726027397260274,,0.238618348447613,0.761381467631676,,0.300133917169242,0.699866082830758,,0.269376132808427,0.730623775231217,,-0.0511366877043932,0.00459637797094326,,"Under",-265,3.5,0.730623775231217,0.269376132808427,0.00459637797094326,0.377358490566038,0.016776779593943,0.167770232888848,"Alternate Total - 3.5",-271,"0",2024-12-07 22:37:03
"FortalezaInternacional202412081600",2024-12-08,"Sun","16:00","Brasileiro Serie A","Fortaleza","Internacional","Draw No Bet",-128,,,108,,1.19530289583084,1.28686323270644,0.56140350877193,0.480769230769231,,0.342701941862756,0.386461862675143,,0.32507823346819,0.377523043506514,,0.333890087665473,0.381992453090829,,-0.227513421106457,-0.0987767776784019,,"Internacional",108,,0.381992453090829,0.333890087665473,-0.0987767776784019,1.08,0.101741501384766,0.786617616726221,"Draw No Bet",-110,"0.1",2024-12-07 22:37:03
"FortalezaInternacional202412081600",2024-12-08,"Sun","16:00","Brasileiro Serie A","Fortaleza","Internacional","Spread",-128,0,,108,0,1.19530289583084,1.28686323270644,0.56140350877193,0.480769230769231,,0.342701941862756,0.386461862675143,,0.32507823346819,0.377523043506514,,0.333890087665473,0.381992453090829,,-0.227513421106457,-0.0987767776784019,,"Internacional",108,0,0.381992453090829,0.333890087665473,-0.0987767776784019,1.08,0.101741501384766,0.786617616726221,"Goal Spread",-110,"0.1",2024-12-07 22:37:03
"FortalezaInternacional202412081600",2024-12-08,"Sun","16:00","Brasileiro Serie A","Fortaleza","Internacional","Total",-115,2.5,,-105,2.5,1.19530289583084,1.28686323270644,0.534883720930233,0.51219512195122,,0.451603943561458,0.548395872517831,,0.546199479305547,0.453800520694453,,0.498901711433502,0.501098196606142,,-0.0359820094967301,-0.0110969253450773,,"Under",-105,2.5,0.501098196606142,0.498901711433502,-0.0110969253450773,0.952380952380952,-0.0227486969574086,-0.227486003990354,"Total",-100,"-0.05",2024-12-07 22:37:03
"FortalezaInternacional202412081600",2024-12-08,"Sun","16:00","Brasileiro Serie A","Fortaleza","Internacional","Alt TT",-365,0.5,,280,0.5,1.19530289583084,1.28686323270644,0.78494623655914,0.263157894736842,,0.697387659835633,0.302612280300962,,0.668566034536887,0.331433965463113,,0.68297684718626,0.317023122882037,,-0.10196938937288,0.0538652281451952,,"Under",280,0.5,0.317023122882037,0.68297684718626,0.0538652281451952,2.8,0.073102809625622,2.04687896883445,"Total Goals O/U - Fortaleza - 0.5",215,"0.05",2024-12-07 22:37:03
"FortalezaInternacional202412081600",2024-12-08,"Sun","16:00","Brasileiro Serie A","Fortaleza","Internacional","TT",128,1.5,,-155,1.5,1.19530289583084,1.28686323270644,0.43859649122807,0.607843137254902,,0.335674324877919,0.664325615258675,,0.376911391099112,0.623088608900888,,0.356292857988516,0.643707112079782,,-0.0823036332395546,0.0358639748248797,,"Under",-155,1.5,0.643707112079782,0.356292857988516,0.0358639748248797,0.645161290322581,0.0914531358034428,0.914531821975825,"Total Goals O/U - Fortaleza - 1.5",-181,"0.05",2024-12-07 22:37:03
"FortalezaInternacional202412081600",2024-12-08,"Sun","16:00","Brasileiro Serie A","Fortaleza","Internacional","Alt TT",400,2.5,,-575,2.5,1.19530289583084,1.28686323270644,0.2,0.851851851851852,,0.119495826510127,0.880504113626467,,0.178561313948685,0.821438686051315,,0.149028570229406,0.850971399838891,,-0.0509714297705937,-0.000880452012961053,,"Under",-575,2.5,0.850971399838891,0.149028570229406,-0.000880452012961053,0.173913043478261,-0.00594305108748758,-0.0594287898019541,"Total Goals O/U - Fortaleza - 2.5",-571,"-0.05",2024-12-07 22:37:03
"FortalezaInternacional202412081600",2024-12-08,"Sun","16:00","Brasileiro Serie A","Fortaleza","Internacional","Alt TT",1000,3.5,,-2500,3.5,1.19530289583084,1.28686323270644,0.0909090909090909,0.961538461538462,,0.0333628981383322,0.966637041998262,,0.117217066605982,0.882782933394018,,0.0752899823721571,0.92470998769614,,-0.0156191085369338,-0.0368284738423216,,"Over",1000,3.5,0.0752899823721571,0.92470998769614,-0.0156191085369338,10,-0.0171810193906272,-1.71810163974569,"Total Goals O/U - Fortaleza - 3.5",1228,"-0.05",2024-12-07 22:37:03
"FortalezaInternacional202412081600",2024-12-08,"Sun","16:00","Brasileiro Serie A","Fortaleza","Internacional","Alt TT",-300,0.5,,240,0.5,1.19530289583084,1.28686323270644,0.75,0.294117647058824,,0.723864276809427,0.276135599133261,,0.676945698286089,0.323054301713911,,0.700404987547758,0.299594950423586,,-0.0495950124522422,0.00547730336476243,,"Under",240,0.5,0.299594950423586,0.700404987547758,0.00547730336476243,2.4,0.00775951310008007,0.186228934688485,"Total Goals O/U - Internacional - 0.5",234,"0",2024-12-07 22:37:03
"FortalezaInternacional202412081600",2024-12-08,"Sun","16:00","Brasileiro Serie A","Fortaleza","Internacional","TT",152,1.5,,-185,1.5,1.19530289583084,1.28686323270644,0.396825396825397,0.649122807017544,,0.368515527043468,0.63148434889922,,0.458481498930259,0.541518501069741,,0.413498512986863,0.58650142498448,,0.0166731161614666,-0.0626213820330634,,"Over",152,1.5,0.413498512986863,0.58650142498448,0.0166731161614666,1.52,0.0276422715308524,0.420163147555519,"Total Goals O/U - Internacional - 1.5",142,"0",2024-12-07 22:37:03
"FortalezaInternacional202412081600",2024-12-08,"Sun","16:00","Brasileiro Serie A","Fortaleza","Internacional","Alt TT",500,2.5,,-800,2.5,1.19530289583084,1.28686323270644,0.166666666666667,0.888888888888889,,0.139872906612461,0.860126969330227,,0.183834040112718,0.816165959887282,,0.161853473362589,0.838146464608754,,-0.0048131933040774,-0.0507424242801344,,"Over",500,2.5,0.161853473362589,0.838146464608754,-0.0048131933040774,5,-0.00577583196489289,-0.288790977958081,"Total Goals O/U - Internacional - 2.5",518,"-0.05",2024-12-07 22:37:03
"FortalezaInternacional202412081600",2024-12-08,"Sun","16:00","Brasileiro Serie A","Fortaleza","Internacional","Alt TT",1200,3.5,,-5000,3.5,1.19530289583084,1.28686323270644,0.0769230769230769,0.980392156862745,,0.0417956460583546,0.958204229884333,,0.12285861306279,0.87714138693721,,0.0823271295605721,0.917672808410772,,0.00540405263749522,-0.0627193484519735,,"Over",1200,3.5,0.0823271295605721,0.917672808410772,0.00540405263749522,12,0.00585439035728648,0.702527463160942,"Total Goals O/U - Internacional - 3.5",1115,"0",2024-12-07 22:37:03
"GremioCorinthians202412081600",2024-12-08,"Sun","16:00","Brasileiro Serie A","Gremio","Corinthians","ML",160,,245,165,,1.33052521591803,1.26155488464379,0.384615384615385,0.377358490566038,0.289855072463768,0.38407831343936,0.351724699788908,0.264196986771732,0.341393415693152,0.3590535860471,0.299552998259748,0.362735864566256,0.355389142918004,0.28187499251574,-0.0218795200491286,-0.0219693476480336,-0.00798007994802824,"Draw",245,,0.28187499251574,0.71812500748426,-0.00798007994802824,2.45,-0.0112372554370194,-0.275312758206975,"3-Way Moneyline",255,"-0.05",2024-12-07 22:37:03
"GremioCorinthians202412081600",2024-12-08,"Sun","16:00","Brasileiro Serie A","Gremio","Corinthians","Alt Spread",160,-0.5,,-195,0.5,1.33052521591803,1.26155488464379,0.384615384615385,0.661016949152542,,0.38407831343936,0.615921412426408,,0.341393415693152,0.658606584306848,,0.362735864566256,0.637263998366628,,-0.0218795200491286,-0.0237529507859143,,"Gremio",160,-0.5,0.362735864566256,0.637263998366628,-0.0218795200491286,1.6,-0.0355542200798339,-0.568866150606184,"Alternate Spread - Home: -0.5",176,"-0.05",2024-12-07 22:37:03
"GremioCorinthians202412081600",2024-12-08,"Sun","16:00","Brasileiro Serie A","Gremio","Corinthians","Alt Spread",320,-1,,-430,1,1.33052521591803,1.26155488464379,0.238095238095238,0.811320754716981,,0.173922745760617,0.615921412426408,,0.167250036042161,0.609475991554814,,0.170586390901389,0.612698701990611,,-0.0675088471938491,-0.19862205272637,,"Gremio",320,-1,0.170586390901389,0.612698701990611,-0.0675088471938491,3.2,-0.0266594547249429,-0.668222511061663,"Alternate Spread - Home: -1",258,"-0.05",2024-12-07 22:37:03
"GremioCorinthians202412081600",2024-12-08,"Sun","16:00","Brasileiro Serie A","Gremio","Corinthians","Alt Spread",-202,0.5,,165,-0.5,1.33052521591803,1.26155488464379,0.66887417218543,0.377358490566038,,0.64827502607686,0.351724699788908,,0.6409464139529,0.3590535860471,,0.64461072001488,0.355389142918004,,-0.0242634521705505,-0.0219693476480336,,"Corinthians",165,-0.5,0.355389142918004,0.64461072001488,-0.0219693476480336,1.65,-0.035284103798357,-0.582186342001731,"Alternate Spread - Home: 0.5",181,"-0.05",2024-12-07 22:37:03
"GremioCorinthians202412081600",2024-12-08,"Sun","16:00","Brasileiro Serie A","Gremio","Corinthians","Alt Spread",-450,1,,335,-1,1.33052521591803,1.26155488464379,0.818181818181818,0.229885057471264,,0.64827502607686,0.152462949790973,,0.58819513442189,0.183775701989709,,0.618235080249375,0.168119325890341,,-0.199946737932443,-0.0617657315809235,,"Corinthians",335,-1,0.168119325890341,0.618235080249375,-0.0617657315809235,3.35,-0.0208919275207919,-0.550353385167332,"Alternate Spread - Home: 1",264,"-0.05",2024-12-07 22:37:03
"GremioCorinthians202412081600",2024-12-08,"Sun","16:00","Brasileiro Serie A","Gremio","Corinthians","Alt Total",-400,1.5,,300,1.5,1.33052521591803,1.26155488464379,0.8,0.25,,0.731081691469684,0.268918034396084,,0.550907410284644,0.449092589715355,,0.640994550877164,0.35900531205572,,-0.159005449122836,0.10900531205572,,"Under",300,1.5,0.35900531205572,0.640994550877164,0.10900531205572,3,0.145340416074293,4.36021385289995,"Alternate Total - 1.5",179,"0.1",2024-12-07 22:37:03
"GremioCorinthians202412081600",2024-12-08,"Sun","16:00","Brasileiro Serie A","Gremio","Corinthians","Alt Total",-260,2,,210,2,1.33052521591803,1.26155488464379,0.722222222222222,0.32258064516129,,0.4795800893254,0.268918034396084,,0.423165547827852,0.306779803893907,,0.451372818576626,0.287848919144996,,-0.270849403645596,-0.0347317260162948,,"Under",210,2,0.287848919144996,0.451372818576626,-0.0347317260162948,2.1,0.0986300564594748,1.53109911627865,"Alternate Total - 2",139,"0.05",2024-12-07 22:37:03
"GremioCorinthians202412081600",2024-12-08,"Sun","16:00","Brasileiro Serie A","Gremio","Corinthians","Alt Total",136,3,,-165,3,1.33052521591803,1.26155488464379,0.423728813559322,0.622641509433962,,0.262275989932861,0.520419636540369,,0.250299928920519,0.496400009768969,,0.25628795942669,0.508409823154669,,-0.167440854132632,-0.114231686279293,,"Under",-165,3,0.508409823154669,0.25628795942669,-0.114231686279293,0.606060606060606,0.111854241046567,0.855346901006309,"Alternate Total - 3",-167,"0.1",2024-12-07 22:37:03
"GremioCorinthians202412081600",2024-12-08,"Sun","16:00","Brasileiro Serie A","Gremio","Corinthians","Alt Total",195,3.5,,-245,3.5,1.33052521591803,1.26155488464379,0.338983050847458,0.710144927536232,,0.262275989932861,0.737723735932907,,0.288702357492151,0.711297642507849,,0.275489173712506,0.724510689220378,,-0.0634938771349515,0.0143657616841461,,"Under",-245,3.5,0.724510689220378,0.275489173712506,0.0143657616841461,0.408163265306122,0.0495618778103043,0.49562213624738,"Alternate Total - 3.5",-263,"0",2024-12-07 22:37:03
"GremioCorinthians202412081600",2024-12-08,"Sun","16:00","Brasileiro Serie A","Gremio","Corinthians","Draw No Bet",-112,,,-108,,1.33052521591803,1.26155488464379,0.528301886792453,0.519230769230769,,0.38407831343936,0.351724699788908,,0.341393415693152,0.3590535860471,,0.362735864566256,0.355389142918004,,-0.165566022226197,-0.163841626312765,,"Corinthians",-108,,0.355389142918004,0.362735864566256,-0.163841626312765,0.925925925925926,-0.0506396385511605,-0.363655908135523,"Draw No Bet",101,"-0.1",2024-12-07 22:37:03
"GremioCorinthians202412081600",2024-12-08,"Sun","16:00","Brasileiro Serie A","Gremio","Corinthians","Spread",-112,0,,-108,0,1.33052521591803,1.26155488464379,0.528301886792453,0.519230769230769,,0.38407831343936,0.351724699788908,,0.341393415693152,0.3590535860471,,0.362735864566256,0.355389142918004,,-0.165566022226197,-0.163841626312765,,"Corinthians",-108,0,0.355389142918004,0.362735864566256,-0.163841626312765,0.925925925925926,-0.0506396385511605,-0.363655908135523,"Goal Spread",101,"-0.1",2024-12-07 22:37:03
"GremioCorinthians202412081600",2024-12-08,"Sun","16:00","Brasileiro Serie A","Gremio","Corinthians","Total",-122,2.5,,102,2.5,1.33052521591803,1.26155488464379,0.54954954954955,0.495049504950495,,0.4795800893254,0.520419636540369,,0.550907410284644,0.449092589715355,,0.515243749805022,0.484756113127862,,-0.0343057997445276,-0.0102933918226329,,"Under",102,2.5,0.484756113127862,0.515243749805022,-0.0102933918226329,1.02,-0.0203849524330575,-0.207925144146027,"Total",106,"-0.05",2024-12-07 22:37:03
"GremioCorinthians202412081600",2024-12-08,"Sun","16:00","Brasileiro Serie A","Gremio","Corinthians","Alt TT",-350,0.5,,270,0.5,1.33052521591803,1.26155488464379,0.777777777777778,0.27027027027027,,0.716786578049281,0.283213319922552,,0.653383304353771,0.346616695646228,,0.685084941201526,0.31491500778439,,-0.0926928365762515,0.04464473751412,,"Under",270,0.5,0.31491500778439,0.685084941201526,0.04464473751412,2.7,0.0611798254823126,1.65185579816328,"Total Goals O/U - Corinthians - 0.5",218,"0.05",2024-12-07 22:37:03
"GremioCorinthians202412081600",2024-12-08,"Sun","16:00","Brasileiro Serie A","Gremio","Corinthians","TT",132,1.5,,-160,1.5,1.33052521591803,1.26155488464379,0.431034482758621,0.615384615384615,,0.359497430904802,0.640502467067031,,0.429887461138688,0.570112538861312,,0.394692446021745,0.605307502964171,,-0.0363420367368756,-0.010077112420444,,"Under",-160,1.5,0.605307502964171,0.394692446021745,-0.010077112420444,0.625,-0.0262004922931542,-0.262004106706206,"Total Goals O/U - Corinthians - 1.5",-153,"-0.05",2024-12-07 22:37:03
"GremioCorinthians202412081600",2024-12-08,"Sun","16:00","Brasileiro Serie A","Gremio","Corinthians","Alt TT",435,2.5,,-650,2.5,1.33052521591803,1.26155488464379,0.186915887850467,0.866666666666667,,0.134127496499636,0.865872401472197,,0.183158174582659,0.816841825417341,,0.158642835541148,0.841357113444769,,-0.0282730523093195,-0.0253095532218979,,"Under",-650,2.5,0.841357113444769,0.158642835541148,-0.0253095532218979,0.153846153846154,-0.189821649164234,-1.89821317572692,"Total Goals O/U - Corinthians - 2.5",-530,"-0.2",2024-12-07 22:37:03
"GremioCorinthians202412081600",2024-12-08,"Sun","16:00","Brasileiro Serie A","Gremio","Corinthians","Alt TT",1100,3.5,,-3300,3.5,1.33052521591803,1.26155488464379,0.0833333333333333,0.970588235294118,,0.039355315966074,0.960644582005759,,0.121840770728218,0.878159229271782,,0.080598043347146,0.919401905638771,,-0.00273528998618736,-0.051186329655347,,"Over",1100,3.5,0.080598043347146,0.919401905638771,-0.00273528998618736,11,-0.0029839527122044,-0.328234288201649,"Total Goals O/U - Corinthians - 3.5",1141,"-0.05",2024-12-07 22:37:03
"GremioCorinthians202412081600",2024-12-08,"Sun","16:00","Brasileiro Serie A","Gremio","Corinthians","Alt TT",-360,0.5,,275,0.5,1.33052521591803,1.26155488464379,0.782608695652174,0.266666666666667,,0.735661437789811,0.264338390104106,,0.69104137318041,0.30895862681959,,0.71335140548511,0.286648508461848,,-0.0692572901670635,0.0199818417951815,,"Under",275,0.5,0.286648508461848,0.71335140548511,0.0199818417951815,2.75,0.0272479660843384,0.74931992784972,"Total Goals O/U - Gremio - 0.5",249,"0",2024-12-07 22:37:03
"GremioCorinthians202412081600",2024-12-08,"Sun","16:00","Brasileiro Serie A","Gremio","Corinthians","TT",132,1.5,,-160,1.5,1.33052521591803,1.26155488464379,0.431034482758621,0.615384615384615,,0.383952544221121,0.616047283672797,,0.409608527848463,0.590391472151537,,0.396780536034792,0.603219377912167,,-0.0342539467238286,-0.0121652374724486,,"Under",-160,1.5,0.603219377912167,0.396780536034792,-0.0121652374724486,0.625,-0.0316296174283663,-0.316294797435004,"Total Goals O/U - Gremio - 1.5",-152,"-0.05",2024-12-07 22:37:03
"GremioCorinthians202412081600",2024-12-08,"Sun","16:00","Brasileiro Serie A","Gremio","Corinthians","Alt TT",410,2.5,,-600,2.5,1.33052521591803,1.26155488464379,0.196078431372549,0.857142857142857,,0.149973768443235,0.850026059450683,,0.190229100397964,0.809770899602036,,0.1701014344206,0.829898479526359,,-0.0259769969519495,-0.027244377616498,,"Over",410,2.5,0.1701014344206,0.829898479526359,-0.0259769969519495,4.1,-0.0323128498670591,-1.32482598401901,"Total Goals O/U - Gremio - 2.5",488,"-0.05",2024-12-07 22:37:03
"GremioCorinthians202412081600",2024-12-08,"Sun","16:00","Brasileiro Serie A","Gremio","Corinthians","Alt TT",1000,3.5,,-2500,3.5,1.33052521591803,1.26155488464379,0.0909090909090909,0.961538461538462,,0.0462022147225322,0.953797613171385,,0.121329202434784,0.878670797565216,,0.0837657085786583,0.9162342053683,,-0.00714338233043266,-0.0453042561701611,,"Over",1000,3.5,0.0837657085786583,0.9162342053683,-0.00714338233043266,10,-0.00785772056347592,-0.78577119581718,"Total Goals O/U - Gremio - 3.5",1094,"-0.05",2024-12-07 22:37:03
"JuventudeCruzeiroMG202412081600",2024-12-08,"Sun","16:00","Brasileiro Serie A","Juventude","Cruzeiro MG","ML",140,,225,205,,1.35113575389447,1.03702180457012,0.416666666666667,0.327868852459016,0.307692307692308,0.439443286804606,0.287413195877851,0.273143517317544,0.411507034111259,0.29620892338792,0.292284042500822,0.425475160457932,0.291811059632885,0.282713779909183,0.00880849379126547,-0.036057792826131,-0.0249785277831251,"Juventude",140,,0.425475160457932,0.574524839542068,0.00880849379126547,1.4,0.0151002750707407,0.21140385099037,"3-Way Moneyline",135,"0",2024-12-07 22:37:03
"JuventudeCruzeiroMG202412081600",2024-12-08,"Sun","16:00","Brasileiro Serie A","Juventude","Cruzeiro MG","Alt Spread",140,-0.5,,-170,0.5,1.35113575389447,1.03702180457012,0.416666666666667,0.62962962962963,,0.439443286804606,0.560556498671045,,0.411507034111259,0.588492985756956,,0.425475160457932,0.574524742214001,,0.00880849379126547,-0.0551048874156289,,"Juventude",140,-0.5,0.425475160457932,0.574524742214001,0.00880849379126547,1.4,0.0151002750707407,0.211404824271042,"Alternate Spread - Home: -0.5",135,"0",2024-12-07 22:37:03
"JuventudeCruzeiroMG202412081600",2024-12-08,"Sun","16:00","Brasileiro Serie A","Juventude","Cruzeiro MG","Alt Spread",295,-1,,-390,1,1.35113575389447,1.03702180457012,0.253164556962025,0.795918367346939,,0.205680823294841,0.560556498671045,,0.206976741790282,0.527033566922017,,0.206328782542561,0.543795032796531,,-0.046835774419464,-0.252123334550407,,"Juventude",295,-1,0.206328782542561,0.543795032796531,-0.046835774419464,2.95,0.0293171378375164,0.648748757040246,"Alternate Spread - Home: -1",202,"0",2024-12-07 22:37:03
"JuventudeCruzeiroMG202412081600",2024-12-08,"Sun","16:00","Brasileiro Serie A","Juventude","Cruzeiro MG","Alt Spread",395,-1.5,,-550,1.5,1.35113575389447,1.03702180457012,0.202020202020202,0.846153846153846,,0.205680823294841,0.79431896218081,,0.140987765678422,0.859012234321578,,0.173334294486631,0.826665598251194,,-0.0286859075335706,-0.0194882479026522,,"Cruzeiro MG",-550,1.5,0.826665598251194,0.173334294486631,-0.0194882479026522,0.181818181818182,-0.12667361136724,-1.26673021425279,"Alternate Spread - Home: -1.5",-477,"-0.15",2024-12-07 22:37:03
"JuventudeCruzeiroMG202412081600",2024-12-08,"Sun","16:00","Brasileiro Serie A","Juventude","Cruzeiro MG","Alt Spread",-140,0,,115,0,1.35113575389447,1.03702180457012,0.583333333333333,0.465116279069767,,0.439443286804606,0.287413195877851,,0.411507034111259,0.29620892338792,,0.425475160457932,0.291811059632885,,-0.157858172875401,-0.173305219436882,,"Juventude",-140,0,0.425475160457932,0.291811059632885,-0.157858172875401,0.714285714285714,0.0236163423992003,0.169396769718927,"Alternate Spread - Home: 0",-131,"0",2024-12-07 22:37:03
"JuventudeCruzeiroMG202412081600",2024-12-08,"Sun","16:00","Brasileiro Serie A","Juventude","Cruzeiro MG","Alt Spread",-250,0.5,,200,-0.5,1.35113575389447,1.03702180457012,0.714285714285714,0.333333333333333,,0.7125865895978,0.287413195877851,,0.703791096480295,0.29620892338792,,0.708188843039047,0.291811059632885,,-0.0060968712466668,-0.041522273700448,,"Juventude",-250,0.5,0.708188843039047,0.291811059632885,-0.0060968712466668,0.4,-0.0213390493633339,-0.213388060431659,"Alternate Spread - Home: 0.5",-243,"-0.05",2024-12-07 22:37:03
"JuventudeCruzeiroMG202412081600",2024-12-08,"Sun","16:00","Brasileiro Serie A","Juventude","Cruzeiro MG","Alt Spread",-675,1,,450,-1,1.35113575389447,1.03702180457012,0.870967741935484,0.181818181818182,,0.7125865895978,0.107996160209215,,0.643130191718764,0.142331814484479,,0.677858390658282,0.125163987346847,,-0.193109351277202,-0.0566541944713347,,"Cruzeiro MG",450,-1,0.125163987346847,0.677858390658282,-0.0566541944713347,4.5,-0.0317191790351984,-1.1462044759747,"Alternate Spread - Home: 1",347,"-0.05",2024-12-07 22:37:03
"JuventudeCruzeiroMG202412081600",2024-12-08,"Sun","16:00","Brasileiro Serie A","Juventude","Cruzeiro MG","Alt Total",-260,1.5,,210,1.5,1.35113575389447,1.03702180457012,0.722222222222222,0.32258064516129,,0.688971455535483,0.311028329940168,,0.511859052986621,0.488140947013379,,0.600415254261052,0.399584638476773,,-0.12180696796117,0.0770039933154831,,"Under",210,1.5,0.399584638476773,0.600415254261052,0.0770039933154831,2.1,0.113672561560951,2.38712486540172,"Alternate Total - 1.5",150,"0.1",2024-12-07 22:37:03
"JuventudeCruzeiroMG202412081600",2024-12-08,"Sun","16:00","Brasileiro Serie A","Juventude","Cruzeiro MG","Alt Total",-160,2,,132,2,1.35113575389447,1.03702180457012,0.615384615384615,0.431034482758621,,0.427193961068374,0.311028329940168,,0.42722598265305,0.312455611466485,,0.427209971860712,0.311741970703326,,-0.188174643523903,-0.119292512055294,,"Under",132,2,0.311741970703326,0.427209971860712,-0.119292512055294,1.32,-0.0161065242371144,-0.157105705323212,"Alternate Total - 2",126,"-0.05",2024-12-07 22:37:03
"JuventudeCruzeiroMG202412081600",2024-12-08,"Sun","16:00","Brasileiro Serie A","Juventude","Cruzeiro MG","Alt Total",118,2.5,,-143,2.5,1.35113575389447,1.03702180457012,0.458715596330275,0.588477366255144,,0.427193961068374,0.572805824407277,,0.511859052986621,0.488140947013379,,0.469526507027497,0.530473385710328,,0.010810910697222,-0.0580039805448159,,"Over",118,2.5,0.469526507027497,0.530473385710328,0.010810910697222,1.18,0.0199726994236814,0.235678925821186,"Alternate Total - 2.5",113,"0",2024-12-07 22:37:03
"JuventudeCruzeiroMG202412081600",2024-12-08,"Sun","16:00","Brasileiro Serie A","Juventude","Cruzeiro MG","Alt Total",220,3,,-275,3,1.35113575389447,1.03702180457012,0.3125,0.733333333333333,,0.218805327052524,0.572805824407277,,0.25121769462602,0.508309903503093,,0.235011510839272,0.540557863955185,,-0.077488489160728,-0.192775469378148,,"Over",220,3,0.235011510839272,0.540557863955185,-0.077488489160728,2.2,-0.0137919436842029,-0.235325401087866,"Alternate Total - 3",188,"-0.05",2024-12-07 22:37:03
"JuventudeCruzeiroMG202412081600",2024-12-08,"Sun","16:00","Brasileiro Serie A","Juventude","Cruzeiro MG","Alt Total",290,3.5,,-380,3.5,1.35113575389447,1.03702180457012,0.256410256410256,0.791666666666667,,0.218805327052524,0.781194458423127,,0.289096751007189,0.710903248992811,,0.253951039029856,0.746048853707969,,-0.00245921738039989,-0.0456178129586977,,"Over",290,3.5,0.253951039029856,0.746048853707969,-0.00245921738039989,2.9,-0.00330722337364129,-0.0959084052138506,"Alternate Total - 3.5",294,"-0.05",2024-12-07 22:37:03
"JuventudeCruzeiroMG202412081600",2024-12-08,"Sun","16:00","Brasileiro Serie A","Juventude","Cruzeiro MG","Draw No Bet",-140,,,115,,1.35113575389447,1.03702180457012,0.583333333333333,0.465116279069767,,0.439443286804606,0.287413195877851,,0.411507034111259,0.29620892338792,,0.425475160457932,0.291811059632885,,-0.157858172875401,-0.173305219436882,,"Juventude",-140,,0.425475160457932,0.291811059632885,-0.157858172875401,0.714285714285714,0.0236163423992003,0.169396769718927,"Draw No Bet",-131,"0",2024-12-07 22:37:03
"JuventudeCruzeiroMG202412081600",2024-12-08,"Sun","16:00","Brasileiro Serie A","Juventude","Cruzeiro MG","TT",-230,0.5,,188,0.5,1.35113575389447,1.03702180457012,0.696969696969697,0.347222222222222,,0.645491077365095,0.354508908143845,,0.646971320494323,0.353028679505677,,0.646231198929709,0.353768793824761,,-0.0507384980399876,0.00654657160253835,,"Under",188,0.5,0.353768793824761,0.646231198929709,0.00654657160253835,1.88,0.0100287905400587,0.188541334608405,"Total Goals O/U - Cruzeiro MG - 0.5",183,"0",2024-12-07 22:37:03
"JuventudeCruzeiroMG202412081600",2024-12-08,"Sun","16:00","Brasileiro Serie A","Juventude","Cruzeiro MG","TT",200,1.5,,-250,1.5,1.35113575389447,1.03702180457012,0.333333333333333,0.714285714285714,,0.277857609705582,0.722142375803358,,0.380572528630816,0.619427471369184,,0.329215069168199,0.670784923586271,,-0.00411826416513433,-0.0435007906994432,,"Over",200,1.5,0.329215069168199,0.670784923586271,-0.00411826416513433,2,-0.00617739624770153,-0.123547852498731,"Total Goals O/U - Cruzeiro MG - 1.5",204,"-0.05",2024-12-07 22:37:03
"JuventudeCruzeiroMG202412081600",2024-12-08,"Sun","16:00","Brasileiro Serie A","Juventude","Cruzeiro MG","Alt TT",675,2.5,,-1200,2.5,1.35113575389447,1.03702180457012,0.129032258064516,0.923076923076923,,0.0872356486792627,0.912764336829677,,0.167332165462156,0.832667834537844,,0.127283907070709,0.872716085683761,,-0.00174835099380691,-0.0503608373931623,,"Over",675,2.5,0.127283907070709,0.872716085683761,-0.00174835099380691,6.75,-0.00200736595585237,-0.135497129564737,"Total Goals O/U - Cruzeiro MG - 2.5",686,"-0.05",2024-12-07 22:37:03
"JuventudeCruzeiroMG202412081600",2024-12-08,"Sun","16:00","Brasileiro Serie A","Juventude","Cruzeiro MG","Alt TT",1500,3.5,,-7500,3.5,1.35113575389447,1.03702180457012,0.0625,0.986842105263158,,0.021342605341193,0.978657380167747,,0.117536591712371,0.882463408287629,,0.0694395985267821,0.930560394227688,,0.00693959852678214,-0.05628171103547,,"Over",1500,3.5,0.0694395985267821,0.930560394227688,0.00693959852678214,15,0.00740223842856761,1.11033583674044,"Total Goals O/U - Cruzeiro MG - 3.5",1340,"0",2024-12-07 22:37:03
"JuventudeCruzeiroMG202412081600",2024-12-08,"Sun","16:00","Brasileiro Serie A","Juventude","Cruzeiro MG","Alt TT",-300,0.5,,240,0.5,1.35113575389447,1.03702180457012,0.75,0.294117647058824,,0.741053805317941,0.258945994648767,,0.702977498899987,0.297022501100013,,0.722015652108964,0.27798424787439,,-0.0279843478910364,-0.0161333991844331,,"Under",240,0.5,0.27798424787439,0.722015652108964,-0.0161333991844331,2.4,-0.0228556488446136,-0.548534572104265,"Total Goals O/U - Juventude - 0.5",260,"-0.05",2024-12-07 22:37:03
"JuventudeCruzeiroMG202412081600",2024-12-08,"Sun","16:00","Brasileiro Serie A","Juventude","Cruzeiro MG","TT",152,1.5,,-185,1.5,1.35113575389447,1.03702180457012,0.396825396825397,0.649122807017544,,0.391182613620224,0.608817186346484,,0.396247137905214,0.603752862094786,,0.393714875762719,0.606285024220635,,-0.00311052106267734,-0.0428377827969093,,"Over",152,1.5,0.393714875762719,0.606285024220635,-0.00311052106267734,1.52,-0.00515691649864944,-0.07838413061301,"Total Goals O/U - Juventude - 1.5",154,"-0.05",2024-12-07 22:37:03
"JuventudeCruzeiroMG202412081600",2024-12-08,"Sun","16:00","Brasileiro Serie A","Juventude","Cruzeiro MG","Alt TT",500,2.5,,-800,2.5,1.35113575389447,1.03702180457012,0.166666666666667,0.888888888888889,,0.154820875439999,0.845178924526709,,0.203666896880286,0.796333103119714,,0.179243886160143,0.820756013823212,,0.0125772194934759,-0.0681328750656773,,"Over",500,2.5,0.179243886160143,0.820756013823212,0.0125772194934759,5,0.015092663392171,0.754634169775011,"Total Goals O/U - Juventude - 2.5",458,"0",2024-12-07 22:37:03
"JuventudeCruzeiroMG202412081600",2024-12-08,"Sun","16:00","Brasileiro Serie A","Juventude","Cruzeiro MG","Alt TT",1200,3.5,,-5000,3.5,1.35113575389447,1.03702180457012,0.0769230769230769,0.980392156862745,,0.0483686103373504,0.951631189629358,,0.124516355077466,0.875483644922534,,0.0864424827074083,0.913557417275946,,0.00951940578433139,-0.0668347395867994,,"Over",1200,3.5,0.0864424827074083,0.913557417275946,0.00951940578433139,12,0.0103126895996923,1.23752375212954,"Total Goals O/U - Juventude - 3.5",1057,"0",2024-12-07 22:37:03
"PalmeirasFluminense202412081600",2024-12-08,"Sun","16:00","Brasileiro Serie A","Palmeiras","Fluminense","ML",-200,,340,525,,1.81914551237269,0.871755695909751,0.666666666666667,0.16,0.227272727272727,0.597488507929127,0.176188269359531,0.226323222711342,0.582976785878303,0.185831400169533,0.231191813952164,0.590232646903715,0.181009834764532,0.228757518331753,-0.0764340197629515,0.021009834764532,0.00148479105902569,"Fluminense",525,,0.181009834764532,0.818990165235468,0.021009834764532,5.25,0.0250117080530143,1.31311467278325,"3-Way Moneyline",452,"0",2024-12-07 22:37:03
"PalmeirasFluminense202412081600",2024-12-08,"Sun","16:00","Brasileiro Serie A","Palmeiras","Fluminense","Alt Spread",-195,-0.5,,160,0.5,1.81914551237269,0.871755695909751,0.661016949152542,0.384615384615385,,0.597488507929127,0.402508040305344,,0.582976785878303,0.417023219088751,,0.590232646903715,0.409765629697047,,-0.0707843022488273,0.0251502450816626,,"Fluminense",160,0.5,0.409765629697047,0.590232646903715,0.0251502450816626,1.6,0.0408691482577017,0.653923606115605,"Alternate Spread - Home: -0.5",144,"0",2024-12-07 22:37:03
"PalmeirasFluminense202412081600",2024-12-08,"Sun","16:00","Brasileiro Serie A","Palmeiras","Fluminense","Alt Spread",140,-1.5,,-170,1.5,1.81914551237269,0.871755695909751,0.416666666666667,0.62962962962963,,0.346728832403412,0.653267715831059,,0.242415822324875,0.757584177675125,,0.294572327364144,0.705425946753092,,-0.122094339302523,0.0757963171234622,,"Fluminense",-170,1.5,0.705425946753092,0.294572327364144,0.0757963171234622,0.588235294117647,0.204650056233348,2.04652990234048,"Alternate Spread - Home: -1.5",-239,"0.2",2024-12-07 22:37:03
"PalmeirasFluminense202412081600",2024-12-08,"Sun","16:00","Brasileiro Serie A","Palmeiras","Fluminense","Alt Spread",270,-2,,-350,2,1.81914551237269,0.871755695909751,0.27027027027027,0.777777777777778,,0.162102656852394,0.653267715831059,,0.19698385940452,0.566305378606589,,0.179543258128457,0.609786547218824,,-0.0907270121418132,-0.167991230558954,,"Palmeiras",270,-2,0.179543258128457,0.609786547218824,-0.0907270121418132,2.7,-0.0586619318036215,-1.2501975027199,"Alternate Spread - Home: -2",251,"-0.1",2024-12-07 22:37:03
"PalmeirasFluminense202412081600",2024-12-08,"Sun","16:00","Brasileiro Serie A","Palmeiras","Fluminense","Alt Spread",-525,0,,380,0,1.81914551237269,0.871755695909751,0.84,0.208333333333333,,0.597488507929127,0.176188269359531,,0.582976785878303,0.185831400169533,,0.590232646903715,0.181009834764532,,-0.249767353096285,-0.0273234985688014,,"Fluminense",380,0,0.181009834764532,0.590232646903715,-0.0273234985688014,3.8,0.0333039927272123,0.976047252015064,"Alternate Spread - Home: 0",239,"0",2024-12-07 22:37:03
"PalmeirasFluminense202412081600",2024-12-08,"Sun","16:00","Brasileiro Serie A","Palmeiras","Fluminense","Alt Total",-370,1.5,,285,1.5,1.81914551237269,0.871755695909751,0.787234042553192,0.25974025974026,,0.749680395758704,0.250316152475766,,0.550176990060427,0.449823009939573,,0.649928692909566,0.35006958120767,,-0.137305349643626,0.09032932146741,,"Under",285,1.5,0.35006958120767,0.649928692909566,0.09032932146741,2.85,0.122023820227905,3.47769613532293,"Alternate Total - 1.5",186,"0.1",2024-12-07 22:37:03
"PalmeirasFluminense202412081600",2024-12-08,"Sun","16:00","Brasileiro Serie A","Palmeiras","Fluminense","Alt Total",-250,2,,200,2,1.81914551237269,0.871755695909751,0.714285714285714,0.333333333333333,,0.504140557389588,0.250316152475766,,0.466551571131435,0.270007561050475,,0.485346064260511,0.260161856763121,,-0.228939650025203,-0.0731714765702124,,"Under",200,2,0.260161856763121,0.485346064260511,-0.0731714765702124,2,0.0234589387177161,0.349776492657305,"Alternate Total - 2",158,"0",2024-12-07 22:37:03
"PalmeirasFluminense202412081600",2024-12-08,"Sun","16:00","Brasileiro Serie A","Palmeiras","Fluminense","Alt Total",143,3,,-175,3,1.81914551237269,0.871755695909751,0.411522633744856,0.636363636363636,,0.283899408139943,0.495855990844883,,0.279872797504255,0.471046040630388,,0.281886102822099,0.483451015737636,,-0.129636530922757,-0.152912620626,,"Over",143,3,0.281886102822099,0.483451015737636,-0.129636530922757,1.43,-0.0734206262811452,-0.803538887020339,"Alternate Total - 3",150,"-0.1",2024-12-07 22:37:03
"PalmeirasFluminense202412081600",2024-12-08,"Sun","16:00","Brasileiro Serie A","Palmeiras","Fluminense","Alt Total",205,3.5,,-255,3.5,1.81914551237269,0.871755695909751,0.327868852459016,0.71830985915493,,0.283899408139943,0.716097140094527,,0.322934632295649,0.677065367704351,,0.303417020217796,0.696581253899439,,-0.0244518322412202,-0.0217286052554903,,"Under",-255,3.5,0.696581253899439,0.303417020217796,-0.0217286052554903,0.392156862745098,-0.0771365486569905,-0.771321476559408,"Alternate Total - 3.5",-230,"-0.1",2024-12-07 22:37:03
"PalmeirasFluminense202412081600",2024-12-08,"Sun","16:00","Brasileiro Serie A","Palmeiras","Fluminense","Draw No Bet",-525,,,380,,1.81914551237269,0.871755695909751,0.84,0.208333333333333,,0.597488507929127,0.176188269359531,,0.582976785878303,0.185831400169533,,0.590232646903715,0.181009834764532,,-0.249767353096285,-0.0273234985688014,,"Fluminense",380,,0.181009834764532,0.590232646903715,-0.0273234985688014,3.8,0.0333039927272123,0.976047252015064,"Draw No Bet",239,"0",2024-12-07 22:37:03
"PalmeirasFluminense202412081600",2024-12-08,"Sun","16:00","Brasileiro Serie A","Palmeiras","Fluminense","Spread",-120,-1,,100,1,1.81914551237269,0.871755695909751,0.545454545454545,0.5,,0.346728832403412,0.402508040305344,,0.378835986852847,0.334156142831282,,0.362782409628129,0.368332091568313,,-0.182672135826416,-0.131667908431687,,"Fluminense",100,1,0.368332091568313,0.362782409628129,-0.131667908431687,1,0.00759071517676291,0.0554968194018324,"Goal Spread",-101,"0",2024-12-07 22:37:03
"PalmeirasFluminense202412081600",2024-12-08,"Sun","16:00","Brasileiro Serie A","Palmeiras","Fluminense","Total",-120,2.5,,100,2.5,1.81914551237269,0.871755695909751,0.545454545454545,0.5,,0.504140557389588,0.495855990844883,,0.550176990060427,0.449823009939573,,0.527158773725007,0.472839500392228,,-0.0182957717295382,-0.0271604996077718,,"Over",-120,2.5,0.527158773725007,0.472839500392228,-0.0182957717295382,0.833333333333333,-0.0402506978049841,-0.402486267456667,"Total",-111,"-0.05",2024-12-07 22:37:03
"PalmeirasFluminense202412081600",2024-12-08,"Sun","16:00","Brasileiro Serie A","Palmeiras","Fluminense","TT",-136,0.5,,113,0.5,1.81914551237269,0.871755695909751,0.576271186440678,0.469483568075117,,0.581783354453666,0.41821664305092,,0.572534532381651,0.427465467618349,,0.577158943417659,0.422841055334634,,0.000887756976980958,-0.046642512740483,,"Over",-136,0.5,0.577158943417659,0.422841055334634,0.000887756976980958,0.735294117647059,0.00209510646567519,0.0209510816255625,"Total Goals O/U - Fluminense - 0.5",-136,"0",2024-12-07 22:37:03
"PalmeirasFluminense202412081600",2024-12-08,"Sun","16:00","Brasileiro Serie A","Palmeiras","Fluminense","Alt TT",350,1.5,,-480,1.5,1.81914551237269,0.871755695909751,0.222222222222222,0.827586206896552,,0.217200613749772,0.782799383754815,,0.310872999475391,0.689127000524609,,0.264036806612581,0.735963192139712,,0.0418145843903591,-0.0916230147568396,,"Over",350,1.5,0.264036806612581,0.735963192139712,0.0418145843903591,3.5,0.0537616085018902,1.88165631004322,"Total Goals O/U - Fluminense - 1.5",279,"0.05",2024-12-07 22:37:03
"PalmeirasFluminense202412081600",2024-12-08,"Sun","16:00","Brasileiro Serie A","Palmeiras","Fluminense","Alt TT",1200,2.5,,-5000,2.5,1.81914551237269,0.871755695909751,0.0769230769230769,0.980392156862745,,0.0582870733302677,0.941712924174319,,0.135743339834776,0.864256660165224,,0.0970152065825218,0.902984792169772,,0.0200921296594448,-0.0774073646929735,,"Over",1200,2.5,0.0970152065825218,0.902984792169772,0.0200921296594448,12,0.0217664737977319,2.61197686820489,"Total Goals O/U - Fluminense - 2.5",931,"0",2024-12-07 22:37:03
"PalmeirasFluminense202412081600",2024-12-08,"Sun","16:00","Brasileiro Serie A","Palmeiras","Fluminense","Alt TT",-800,0.5,,500,0.5,1.81914551237269,0.871755695909751,0.888888888888889,0.166666666666667,,0.837832291628187,0.162164259101689,,0.773642960220486,0.226357039779514,,0.805737625924336,0.194260649440602,,-0.0831512629645526,0.027593982773935,,"Under",500,0.5,0.194260649440602,0.805737625924336,0.027593982773935,5,0.033112779328722,1.65565621278672,"Total Goals O/U - Palmeiras - 0.5",415,"0",2024-12-07 22:37:03
"PalmeirasFluminense202412081600",2024-12-08,"Sun","16:00","Brasileiro Serie A","Palmeiras","Fluminense","TT",-155,1.5,,128,1.5,1.81914551237269,0.871755695909751,0.607843137254902,0.43859649122807,,0.542831907416106,0.45716464331377,,0.540141029963344,0.459858970036656,,0.541486468689725,0.458511806675213,,-0.066356668565177,0.0199153154471427,,"Under",128,1.5,0.458511806675213,0.541486468689725,0.0199153154471427,1.28,0.035474155640223,0.454086438545475,"Total Goals O/U - Palmeiras - 1.5",118,"0",2024-12-07 22:37:03
"PalmeirasFluminense202412081600",2024-12-08,"Sun","16:00","Brasileiro Serie A","Palmeiras","Fluminense","TT",193,2.5,,-240,2.5,1.81914551237269,0.871755695909751,0.341296928327645,0.705882352941177,,0.274507594872293,0.725488955857583,,0.322176571890759,0.677823428109241,,0.298342083381526,0.701656191983412,,-0.0429548449461191,-0.00422616095776462,,"Under",-240,2.5,0.701656191983412,0.298342083381526,-0.00422616095776462,0.416666666666667,-0.0143689472563995,-0.143648081322505,"Total Goals O/U - Palmeiras - 2.5",-235,"-0.05",2024-12-07 22:37:03
"PalmeirasFluminense202412081600",2024-12-08,"Sun","16:00","Brasileiro Serie A","Palmeiras","Fluminense","Alt TT",500,3.5,,-800,3.5,1.81914551237269,0.871755695909751,0.166666666666667,0.888888888888889,,0.111800605197438,0.888195945532438,,0.180872173560002,0.819127826439998,,0.14633638937872,0.853661885986218,,-0.020330277287947,-0.0352270029026707,,"Over",500,3.5,0.14633638937872,0.853661885986218,-0.020330277287947,5,-0.0243963327455364,-1.2197993909262,"Total Goals O/U - Palmeiras - 3.5",583,"-0.05",2024-12-07 22:37:03
