gamedate,AwayTeam,AwaySP,HomeTeam,HomeSP,bet_type,AO.Odds,AO.SpreadTotal,HU.Odds,HU.SpreadTotal,AwayRunsProj,HomeRunsProj,AO_ImpliedOdds,HU_ImpliedOdds,AO_ProjOdds,HU_ProjOdds,AO.Odds_Diff,HU.Odds_Diff,Pick,Pick_Odds,Pick_SpreadTotal,Pick_WinProb,Pick_Edge,Fract_Odds,Kelly_Criteria,bet_type_full,KC_tier,bet,
8/16/2021,Padres,Ryan Weathers,Rockies,Antonio Senzatela,Alt Total,145,14.5,-190,14.5,4.901015991,4.692623224,0.408163265,0.655172414,0.064000112,0.935999801,-0.344163153,0.280827387,Under,-190,14.5,0.935999801,0.280827387,0.526315789,0.814399423,Alternate Total - Game - 14.5,0.8,,
8/16/2021,Padres,Ryan Weathers,Rockies,Antonio Senzatela,Alt Total,115,13.5,-150,13.5,4.901015991,4.692623224,0.465116279,0.6,0.107741688,0.892258225,-0.357374591,0.292258225,Under,-150,13.5,0.892258225,0.292258225,0.666666667,0.730645563,Alternate Total - Game - 13.5,0.7,,
8/16/2021,Indians,Cal Quantrill,Twins,Griffin Jax,Alt TT,-180,3.5,135,3.5,6.703208084,5.396537082,0.642857143,0.425531915,0.901382097,0.098610195,0.258524955,-0.32692172,Over,-180,3.5,0.901382097,0.258524955,0.555555556,0.723869873,Team Total - Cleveland Indians - 3.5,0.7,,
8/16/2021,Indians,Cal Quantrill,Twins,Griffin Jax,Alt Total,-240,7.5,175,7.5,6.703208084,5.396537082,0.705882353,0.363636364,0.914754967,0.085237049,0.208872614,-0.278399315,Over,-240,7.5,0.914754967,0.208872614,0.416666667,0.710166887,Alternate Total - Game - 7.5,0.7,,
8/16/2021,Padres,Ryan Weathers,Rockies,Antonio Senzatela,Alt Total,135,14,-180,14,4.901015991,4.692623224,0.425531915,0.642857143,0.064000112,0.892258225,-0.361531803,0.249401082,Under,-180,14,0.892258225,0.249401082,0.555555556,0.69832303,Alternate Total - Game - 14,0.65,,
8/16/2021,Astros,Jake Odorizzi,Royals,Carlos Hernandez,ML,-160,NA,140,NA,6.651556157,4.082034312,0.615384615,0.416666667,0.782437098,0.217556022,0.167052483,-0.199110645,Astros,-160,NA,0.782437098,0.167052483,0.625,0.434336455,Moneyline - Game,0.4,40,
8/16/2021,Padres,Ryan Weathers,Rockies,Antonio Senzatela,Alt TT,135,7.5,-180,7.5,4.901015991,4.692623224,0.425531915,0.642857143,0.123239869,0.876760072,-0.302292046,0.233902929,Under,-180,7.5,0.876760072,0.233902929,0.555555556,0.654928203,Team Total - San Diego Padres - 7.5,0.65,,
8/16/2021,Padres,Ryan Weathers,Rockies,Antonio Senzatela,Alt Total,-125,12.5,-105,12.5,4.901015991,4.692623224,0.555555556,0.512195122,0.17157378,0.828426133,-0.383981776,0.316231011,Under,-105,12.5,0.828426133,0.316231011,0.952380952,0.648273573,Alternate Total - Game - 12.5,0.6,,
8/16/2021,Indians,Cal Quantrill,Twins,Griffin Jax,Alt Total,-180,8.5,135,8.5,6.703208084,5.396537082,0.642857143,0.425531915,0.851391824,0.148600191,0.208534681,-0.276931724,Over,-180,8.5,0.851391824,0.208534681,0.555555556,0.583897108,Alternate Total - Game - 8.5,0.55,,
8/16/2021,Braves,Touki Toussaint,Marlins,Braxton Garrett,F5 Total,-105,4.5,-125,4.5,2.572273814,3.071820999,0.512195122,0.555555556,0.664489379,0.335510621,0.152294257,-0.220044934,Over,-105,4.5,0.664489379,0.152294257,0.952380952,0.312203227,Total - 5 Inning Line,0.3,30,10
8/16/2021,Astros,Jake Odorizzi,Royals,Carlos Hernandez,Alt RL,-340,1.5,240,-1.5,6.651556157,4.082034312,0.772727273,0.294117647,0.8964596,0.10353352,0.123732327,-0.190584127,Astros,-340,1.5,0.8964596,0.123732327,0.294117647,0.544422239,Alternate Runline - Game - 1.5,0.5,,
8/16/2021,Padres,Ryan Weathers,Rockies,Antonio Senzatela,Alt Total,-165,11.5,125,11.5,4.901015991,4.692623224,0.622641509,0.444444444,0.258070382,0.741929531,-0.364571127,0.297485086,Under,125,11.5,0.741929531,0.297485086,1.25,0.535473155,Alternate Total - Game - 11.5,0.5,,
8/16/2021,Indians,Cal Quantrill,Twins,Griffin Jax,Alt Total,-215,8,160,8,6.703208084,5.396537082,0.682539683,0.384615385,0.851391824,0.085237049,0.168852142,-0.299378336,Over,-215,8,0.851391824,0.168852142,0.465116279,0.531884246,Alternate Total - Game - 8,0.5,,
8/16/2021,Braves,Touki Toussaint,Marlins,Braxton Garrett,F5RL,-120,-0.5,-110,0.5,2.572273814,3.071820999,0.545454545,0.523809524,0.334195208,0.665804792,-0.211259337,0.141995268,Marlins,-110,0.5,0.665804792,0.141995268,0.909090909,0.298190063,Runline - 5 Inning Line,0.25,25,
8/16/2021,Braves,Touki Toussaint,Marlins,Braxton Garrett,F5ML,-165,NA,125,NA,2.572273814,3.071820999,0.622641509,0.444444444,0.418542247,0.581457753,-0.204099262,0.137013308,Marlins,125,NA,0.581457753,0.137013308,1.25,0.246623955,Moneyline - 5 Inning Line,0.2,20,
8/16/2021,Padres,Ryan Weathers,Rockies,Antonio Senzatela,Alt Total,-145,12,110,12,4.901015991,4.692623224,0.591836735,0.476190476,0.17157378,0.741929531,-0.420262955,0.265739055,Under,110,12,0.741929531,0.265739055,1.1,0.507320013,Alternate Total - Game - 12,0.5,,
8/16/2021,Indians,Cal Quantrill,Twins,Griffin Jax,TT,-145,4,110,4,6.703208084,5.396537082,0.591836735,0.476190476,0.79816461,0.098610195,0.206327876,-0.377580281,Over,-145,4,0.79816461,0.206327876,0.689655172,0.505503295,Team Total - Cleveland Indians - 4,0.5,,
8/16/2021,Cubs,Justin Steele,Reds,Wade Miley,Alt TT,-230,2.5,170,2.5,4.713588555,4.778646837,0.696969697,0.37037037,0.849059306,0.150940663,0.152089609,-0.219429707,Over,-230,2.5,0.849059306,0.152089609,0.434782609,0.501895711,Team Total - Chicago Cubs - 2.5,0.5,,
8/16/2021,Padres,Ryan Weathers,Rockies,Antonio Senzatela,Alt TT,120,6.5,-160,6.5,4.901015991,4.692623224,0.454545455,0.615384615,0.194391444,0.805608527,-0.26015401,0.190223912,Under,-160,6.5,0.805608527,0.190223912,0.625,0.49458217,Team Total - Colorado Rockies - 6.5,0.45,,
8/16/2021,Braves,Touki Toussaint,Marlins,Braxton Garrett,Alt F5 Total,-190,3.5,145,3.5,2.572273814,3.071820999,0.655172414,0.408163265,0.814101482,0.185898518,0.158929068,-0.222264747,Over,-190,3.5,0.814101482,0.158929068,0.526315789,0.460894298,Alternate Total - 5 Inning Line - 3.5,0.45,,
8/16/2021,Braves,Touki Toussaint,Marlins,Braxton Garrett,Alt Total,-260,6.5,190,6.5,5.341808907,4.333679384,0.722222222,0.344827586,0.848032809,0.151966947,0.125810587,-0.192860639,Over,-260,6.5,0.848032809,0.125810587,0.384615385,0.452918114,Alternate Total - Game - 6.5,0.45,,
8/16/2021,Padres,Ryan Weathers,Rockies,Antonio Senzatela,Alt TT,115,7,-150,7,4.901015991,4.692623224,0.465116279,0.6,0.123239869,0.776509214,-0.34187641,0.176509214,Under,-150,7,0.776509214,0.176509214,0.666666667,0.441273035,Team Total - San Diego Padres - 7,0.4,,
8/16/2021,Braves,Touki Toussaint,Marlins,Braxton Garrett,Total,-105,8.5,-115,8.5,5.341808907,4.333679384,0.512195122,0.534883721,0.629483235,0.370516521,0.117288114,-0.1643672,Over,-105,8.5,0.629483235,0.117288114,0.952380952,0.240440633,Total - Game,0.2,20,
8/16/2021,Cubs,Justin Steele,Reds,Wade Miley,TT,-125,3.5,-105,3.5,4.713588555,4.778646837,0.555555556,0.512195122,0.692449749,0.30755022,0.136894193,-0.204644902,Over,-125,3.5,0.692449749,0.136894193,0.8,0.308011935,Team Total - Chicago Cubs - 3.5,0.3,30,
8/16/2021,Indians,Cal Quantrill,Twins,Griffin Jax,Alt Total,-145,9,110,9,6.703208084,5.396537082,0.591836735,0.476190476,0.766205393,0.148600191,0.174368659,-0.327590285,Over,-145,9,0.766205393,0.174368659,0.689655172,0.427203214,Alternate Total - Game - 9,0.4,,
8/16/2021,Indians,Cal Quantrill,Twins,Griffin Jax,Alt TT,145,5.5,-190,5.5,6.703208084,5.396537082,0.408163265,0.655172414,0.659786952,0.340205341,0.251623686,-0.314967073,Over,145,5.5,0.659786952,0.251623686,1.45,0.425157263,Team Total - Cleveland Indians - 5.5,0.4,,
8/16/2021,Padres,Ryan Weathers,Rockies,Antonio Senzatela,Alt Total,-240,10.5,175,10.5,4.901015991,4.692623224,0.705882353,0.363636364,0.366262821,0.633737092,-0.339619532,0.270100728,Under,175,10.5,0.633737092,0.270100728,1.75,0.424444001,Alternate Total - Game - 10.5,0.4,,
8/16/2021,Astros,Jake Odorizzi,Royals,Carlos Hernandez,Alt TT,-180,4.5,135,4.5,6.651556157,4.082034312,0.642857143,0.425531915,0.792778361,0.207214762,0.149921218,-0.218317153,Over,-180,4.5,0.792778361,0.149921218,0.555555556,0.41977941,Team Total - Houston Astros - 4.5,0.4,,
8/16/2021,Orioles,Matt Harvey,Rays,Collin McHugh,Alt TT,-165,2.5,125,2.5,4.078348179,4.90764518,0.622641509,0.444444444,0.773153305,0.226846693,0.150511795,-0.217597752,Over,-165,2.5,0.773153305,0.150511795,0.606060606,0.398856257,Team Total - Baltimore Orioles - 2.5,0.35,,
8/16/2021,Padres,Ryan Weathers,Rockies,Antonio Senzatela,Alt Total,-210,11,155,11,4.901015991,4.692623224,0.677419355,0.392156863,0.258070382,0.633737092,-0.419348973,0.241580229,Under,155,11,0.633737092,0.241580229,1.55,0.397438441,Alternate Total - Game - 11,0.35,,
8/16/2021,Mets,Rich Hill,Giants,Kevin Gausman,Alt RL,240,-1.5,-340,1.5,3.401001357,5.00668311,0.294117647,0.772727273,0.138086551,0.861913366,-0.156031096,0.089186094,Giants,-340,1.5,0.861913366,0.089186094,0.294117647,0.392418812,Alternate Runline - Game - 1.5,0.35,,
8/16/2021,Braves,Touki Toussaint,Marlins,Braxton Garrett,Alt TT,-215,2.5,160,2.5,5.341808907,4.333679384,0.682539683,0.384615385,0.806832177,0.193167815,0.124292494,-0.191447569,Over,-215,2.5,0.806832177,0.124292494,0.465116279,0.391521358,Team Total - Miami Marlins - 2.5,0.35,,
8/16/2021,Indians,Cal Quantrill,Twins,Griffin Jax,Alt Total,120,10.5,-160,10.5,6.703208084,5.396537082,0.454545455,0.615384615,0.663131983,0.336860032,0.208586528,-0.278524583,Over,120,10.5,0.663131983,0.208586528,1.2,0.382408635,Alternate Total - Game - 10.5,0.35,,
8/16/2021,Indians,Cal Quantrill,Twins,Griffin Jax,TT,120,5,-160,5,6.703208084,5.396537082,0.454545455,0.615384615,0.659786952,0.201827682,0.205241497,-0.413556933,Over,120,5,0.659786952,0.205241497,1.2,0.376276078,Team Total - Cleveland Indians - 5,0.35,,
8/16/2021,Braves,Touki Toussaint,Marlins,Braxton Garrett,Alt TT,-185,3.5,140,3.5,5.341808907,4.333679384,0.649122807,0.416666667,0.779721614,0.22027815,0.130598807,-0.196388516,Over,-185,3.5,0.779721614,0.130598807,0.540540541,0.3722066,Team Total - Atlanta Braves - 3.5,0.35,,
8/16/2021,Astros,Jake Odorizzi,Royals,Carlos Hernandez,Alt Total,-290,7.5,210,7.5,6.651556157,4.082034312,0.743589744,0.322580645,0.838749523,0.161243598,0.095159779,-0.161337048,Over,-290,7.5,0.838749523,0.095159779,0.344827586,0.371123138,Alternate Total - Game - 7.5,0.35,,
8/16/2021,Angels,Jose Suarez,Yankees,Gerrit Cole,Alt TT,-160,2.5,120,2.5,3.953246688,4.89100788,0.615384615,0.454545455,0.754965779,0.245034219,0.139581164,-0.209511235,Over,-160,2.5,0.754965779,0.139581164,0.625,0.362911026,Team Total - Los Angeles Angels - 2.5,0.35,,
8/16/2021,Cubs,Justin Steele,Reds,Wade Miley,Alt TT,155,6.5,-210,6.5,4.713588555,4.778646837,0.392156863,0.677419355,0.206218257,0.793781704,-0.185938606,0.116362349,Under,-210,6.5,0.793781704,0.116362349,0.476190476,0.360723283,Team Total - Cincinnati Reds - 6.5,0.35,,
8/16/2021,Indians,Cal Quantrill,Twins,Griffin Jax,TT,-110,4.5,-120,4.5,6.703208084,5.396537082,0.523809524,0.545454545,0.79816461,0.201827682,0.274355087,-0.343626863,Over,-110,4.5,0.79816461,0.274355087,0.909090909,0.576145682,Team Total - Cleveland Indians - 4.5,0.55,55,15
8/16/2021,Cubs,Justin Steele,Reds,Wade Miley,RL,-105,1.5,-115,-1.5,4.713588555,4.778646837,0.512195122,0.534883721,0.682341087,0.317658844,0.170145965,-0.217224877,Cubs,-105,1.5,0.682341087,0.170145965,0.952380952,0.348799227,Runline - Game,0.3,,
8/16/2021,Braves,Touki Toussaint,Marlins,Braxton Garrett,Alt Total,-160,7.5,120,7.5,5.341808907,4.333679384,0.615384615,0.454545455,0.749116357,0.2508834,0.133731742,-0.203662055,Over,-160,7.5,0.749116357,0.133731742,0.625,0.347702529,Alternate Total - Game - 7.5,0.3,,
8/16/2021,Indians,Cal Quantrill,Twins,Griffin Jax,Alt Total,105,10,-135,10,6.703208084,5.396537082,0.487804878,0.574468085,0.663131983,0.233786622,0.175327105,-0.340681463,Over,105,10,0.663131983,0.175327105,1.05,0.3423053,Alternate Total - Game - 10,0.3,,
8/16/2021,Padres,Ryan Weathers,Rockies,Antonio Senzatela,TT,-165,5.5,125,5.5,4.901015991,4.692623224,0.622641509,0.444444444,0.366676551,0.633323391,-0.255964959,0.188878947,Under,125,5.5,0.633323391,0.188878947,1.25,0.339982104,Team Total - San Diego Padres - 5.5,0.3,,
8/16/2021,Indians,Cal Quantrill,Twins,Griffin Jax,Alt TT,-215,3.5,160,3.5,6.703208084,5.396537082,0.682539683,0.384615385,0.786297918,0.213701805,0.103758235,-0.17091358,Over,-215,3.5,0.786297918,0.103758235,0.465116279,0.326838441,Team Total - Minnesota Twins - 3.5,0.3,,
8/16/2021,Athletics,Frankie Montas,White Sox,Dallas Keuchel,Alt Total,-300,6.5,220,6.5,4.982657916,4.453803964,0.75,0.3125,0.830137977,0.169861935,0.080137977,-0.142638065,Over,-300,6.5,0.830137977,0.080137977,0.333333333,0.320551907,Alternate Total - Game - 6.5,0.3,,
8/16/2021,Orioles,Matt Harvey,Rays,Josh Fleming,Alt TT,-165,2.5,125,2.5,3.861692993,4.90764518,0.622641509,0.444444444,0.740922749,0.25907725,0.11828124,-0.185367195,Over,-165,2.5,0.740922749,0.11828124,0.606060606,0.313445286,Team Total - Baltimore Orioles - 2.5,0.3,,
8/16/2021,Indians,Cal Quantrill,Twins,Griffin Jax,Total,-110,9.5,-110,9.5,6.703208084,5.396537082,0.523809524,0.523809524,0.766205393,0.233786622,0.24239587,-0.290022902,Over,-110,9.5,0.766205393,0.24239587,0.909090909,0.509031326,Total - Game,0.5,50,
8/16/2021,Indians,Cal Quantrill,Twins,Griffin Jax,RL,-170,1.5,150,-1.5,6.703208084,5.396537082,0.62962963,0.4,0.792375008,0.207617007,0.162745378,-0.192382993,Indians,-170,1.5,0.792375008,0.162745378,0.588235294,0.439412522,Runline - Game,0.4,40,
8/16/2021,Indians,Cal Quantrill,Twins,Griffin Jax,ML,105,NA,-125,NA,6.703208084,5.396537082,0.487804878,0.555555556,0.645130766,0.35486125,0.157325888,-0.200694306,Indians,105,NA,0.645130766,0.157325888,1.05,0.307160066,Moneyline - Game,0.3,,
8/16/2021,Orioles,Matt Harvey,Rays,Collin McHugh,Alt TT,155,6.5,-210,6.5,4.078348179,4.90764518,0.392156863,0.677419355,0.224440636,0.775559304,-0.167716227,0.098139949,Under,-210,6.5,0.775559304,0.098139949,0.476190476,0.304233842,Team Total - Tampa Bay Rays - 6.5,0.3,,
8/16/2021,Orioles,Matt Harvey,Rays,Josh Fleming,Alt TT,155,6.5,-210,6.5,3.861692993,4.90764518,0.392156863,0.677419355,0.224440636,0.775559304,-0.167716227,0.098139949,Under,-210,6.5,0.775559304,0.098139949,0.476190476,0.304233842,Team Total - Tampa Bay Rays - 6.5,0.3,,
8/16/2021,Padres,Ryan Weathers,Rockies,Antonio Senzatela,Total,-125,12.5,105,12.5,4.901015991,4.692623224,0.555555556,0.487804878,0.17157378,0.828426133,-0.383981776,0.340621255,Under,105,12.5,0.828426133,0.340621255,1.05,0.66502245,Total - Game,0.65,65,
8/16/2021,Athletics,Frankie Montas,White Sox,Dallas Keuchel,Alt TT,-165,3.5,125,3.5,4.982657916,4.453803964,0.622641509,0.444444444,0.732531184,0.267468739,0.109889674,-0.176975705,Over,-165,3.5,0.732531184,0.109889674,0.606060606,0.291207637,Team Total - Oakland Athletics - 3.5,0.25,,
8/16/2021,Mets,Rich Hill,Giants,Kevin Gausman,Alt F5 Total,135,5.5,-180,5.5,1.551812181,2.693044222,0.425531915,0.642857143,0.254213562,0.745786438,-0.171318353,0.102929295,Under,-180,5.5,0.745786438,0.102929295,0.555555556,0.288202027,Alternate Total - 5 Inning Line - 5.5,0.25,,
8/16/2021,Indians,Cal Quantrill,Twins,Griffin Jax,Alt Total,170,11.5,-230,11.5,6.703208084,5.396537082,0.37037037,0.696969697,0.549753619,0.450238396,0.179383249,-0.246731301,Over,170,11.5,0.549753619,0.179383249,1.7,0.284902807,Alternate Total - Game - 11.5,0.25,,
8/16/2021,Padres,Ryan Weathers,Rockies,Antonio Senzatela,TT,-135,6,105,6,4.901015991,4.692623224,0.574468085,0.487804878,0.223490727,0.633323391,-0.350977358,0.145518513,Under,105,6,0.633323391,0.145518513,1.05,0.284107573,Team Total - San Diego Padres - 6,0.25,,
8/16/2021,Astros,Jake Odorizzi,Royals,Carlos Hernandez,TT,-110,5.5,-120,5.5,6.651556157,4.082034312,0.523809524,0.545454545,0.65259356,0.347399563,0.128784036,-0.198054982,Over,-110,5.5,0.65259356,0.128784036,0.909090909,0.270446476,Team Total - Houston Astros - 5.5,0.25,,
8/16/2021,Padres,Ryan Weathers,Rockies,Antonio Senzatela,TT,-105,6,-125,6,4.901015991,4.692623224,0.512195122,0.555555556,0.194391444,0.669720483,-0.317803677,0.114164928,Under,-125,6,0.669720483,0.114164928,0.8,0.256871088,Team Total - Colorado Rockies - 6,0.25,,
8/16/2021,Orioles,Matt Harvey,Rays,Collin McHugh,RL,120,1.5,-140,-1.5,4.078348179,4.90764518,0.454545455,0.583333333,0.592233142,0.407766796,0.137687687,-0.175566538,Orioles,120,1.5,0.592233142,0.137687687,1.2,0.252427427,Runline - Game,0.25,,
8/16/2021,Astros,Jake Odorizzi,Royals,Carlos Hernandez,Alt TT,170,5.5,-230,5.5,6.651556157,4.082034312,0.37037037,0.696969697,0.227818898,0.772181099,-0.142551472,0.075211402,Under,-230,5.5,0.772181099,0.075211402,0.434782609,0.248197627,Team Total - Kansas City Royals - 5.5,0.2,,
8/16/2021,Padres,Ryan Weathers,Rockies,Antonio Senzatela,TT,-110,6.5,-120,6.5,4.901015991,4.692623224,0.523809524,0.545454545,0.223490727,0.776509214,-0.300318796,0.231054669,Under,-120,6.5,0.776509214,0.231054669,0.833333333,0.508320271,Team Total - San Diego Padres - 6.5,0.5,50,
8/16/2021,Padres,Ryan Weathers,Rockies,Antonio Senzatela,TT,-135,5.5,105,5.5,4.901015991,4.692623224,0.574468085,0.487804878,0.330279488,0.669720483,-0.244188597,0.181915605,Under,105,5.5,0.669720483,0.181915605,1.05,0.355168563,Team Total - Colorado Rockies - 5.5,0.35,35,
8/16/2021,Indians,Cal Quantrill,Twins,Griffin Jax,Alt Total,145,11,-190,11,6.703208084,5.396537082,0.408163265,0.655172414,0.549753619,0.336860032,0.141590354,-0.318312381,Over,145,11,0.549753619,0.141590354,1.45,0.239238874,Alternate Total - Game - 11,0.2,,
8/16/2021,Astros,Jake Odorizzi,Royals,Carlos Hernandez,RL,-105,-1.5,-115,1.5,6.651556157,4.082034312,0.512195122,0.534883721,0.62547027,0.37452285,0.113275148,-0.160360871,Astros,-105,-1.5,0.62547027,0.113275148,0.952380952,0.232214054,Runline - Game,0.2,,
8/16/2021,Astros,Jake Odorizzi,Royals,Carlos Hernandez,Alt F5 Total,-180,4.5,135,4.5,3.093808857,2.985957689,0.642857143,0.425531915,0.725478541,0.274521459,0.082621399,-0.151010456,Over,-180,4.5,0.725478541,0.082621399,0.555555556,0.231339916,Alternate Total - 5 Inning Line - 4.5,0.2,,
8/16/2021,Mets,Rich Hill,Giants,Kevin Gausman,Alt Total,175,10.5,-240,10.5,3.401001357,5.00668311,0.363636364,0.705882353,0.226531929,0.773467988,-0.137104435,0.067585635,Under,-240,10.5,0.773467988,0.067585635,0.416666667,0.22979116,Alternate Total - Game - 10.5,0.2,,
8/16/2021,Athletics,Frankie Montas,White Sox,Dallas Keuchel,Alt Total,-180,7.5,135,7.5,4.982657916,4.453803964,0.642857143,0.425531915,0.72469189,0.275308022,0.081834747,-0.150223893,Over,-180,7.5,0.72469189,0.081834747,0.555555556,0.229137291,Alternate Total - Game - 7.5,0.2,,
8/16/2021,Padres,Ryan Weathers,Rockies,Antonio Senzatela,RL,110,-1.5,-130,1.5,4.901015991,4.692623224,0.476190476,0.565217391,0.335284006,0.664715906,-0.14090647,0.099498515,Rockies,-130,1.5,0.664715906,0.099498515,0.769230769,0.228846585,Runline - Game,0.2,,
8/16/2021,Angels,Jose Suarez,Yankees,Gerrit Cole,RL,120,1.5,-140,-1.5,3.953246688,4.89100788,0.454545455,0.583333333,0.578841669,0.421158273,0.124296215,-0.162175061,Angels,120,1.5,0.578841669,0.124296215,1.2,0.227876393,Runline - Game,0.2,,
8/16/2021,Padres,Ryan Weathers,Rockies,Antonio Senzatela,Alt F5 Total,160,8.5,-215,8.5,3.228158615,3.57643264,0.384615385,0.682539683,0.245810422,0.754189578,-0.138804963,0.071649895,Under,-215,8.5,0.754189578,0.071649895,0.465116279,0.22569717,Alternate Total - 5 Inning Line - 8.5,0.2,,
8/16/2021,Orioles,Matt Harvey,Rays,Collin McHugh,Alt Total,-275,6.5,200,6.5,4.078348179,4.90764518,0.733333333,0.333333333,0.791940248,0.208059689,0.058606915,-0.125273644,Over,-275,6.5,0.791940248,0.058606915,0.363636364,0.219775931,Alternate Total - Game - 6.5,0.2,,
8/16/2021,Orioles,Matt Harvey,Rays,Collin McHugh,TT,115,3.5,-150,3.5,4.078348179,4.90764518,0.465116279,0.6,0.581684714,0.418315283,0.116568435,-0.181684717,Over,115,3.5,0.581684714,0.116568435,1.15,0.217932292,Team Total - Baltimore Orioles - 3.5,0.2,,
8/16/2021,Athletics,Frankie Montas,White Sox,Dallas Keuchel,Alt F5 Total,125,5.5,-165,5.5,2.404373564,2.096703714,0.444444444,0.622641509,0.297253604,0.702746396,-0.14719084,0.080104886,Under,-165,5.5,0.702746396,0.080104886,0.606060606,0.212277949,Alternate Total - 5 Inning Line - 5.5,0.2,,
8/16/2021,Indians,Cal Quantrill,Twins,Griffin Jax,Alt F5 Total,-160,4.5,120,4.5,2.812778972,3.055582627,0.615384615,0.454545455,0.696936964,0.303063036,0.081552349,-0.151482418,Over,-160,4.5,0.696936964,0.081552349,0.625,0.212036106,Alternate Total - 5 Inning Line - 4.5,0.2,,
8/16/2021,Braves,Touki Toussaint,Marlins,Braxton Garrett,Alt Total,-215,7,160,7,5.341808907,4.333679384,0.682539683,0.384615385,0.749116357,0.151966947,0.066576675,-0.232648437,Over,-215,7,0.749116357,0.066576675,0.465116279,0.209716525,Alternate Total - Game - 7,0.2,,
8/16/2021,Cubs,Justin Steele,Reds,Wade Miley,ML,180,NA,-210,NA,4.713588555,4.778646837,0.357142857,0.677419355,0.49168962,0.508310311,0.134546763,-0.169109044,Cubs,180,NA,0.49168962,0.134546763,1.8,0.209294964,Moneyline - Game,0.2,,
8/16/2021,Athletics,Frankie Montas,White Sox,Dallas Keuchel,Alt RL,-215,1.5,160,-1.5,4.982657916,4.453803964,0.682539683,0.384615385,0.748463999,0.251535912,0.065924317,-0.133079472,Athletics,-215,1.5,0.748463999,0.065924317,0.465116279,0.207661597,Alternate Runline - Game - 1.5,0.2,,
8/16/2021,Cubs,Justin Steele,Reds,Wade Miley,TT,100,5.5,-130,5.5,4.713588555,4.778646837,0.5,0.565217391,0.345263829,0.654736132,-0.154736171,0.089518741,Under,-130,5.5,0.654736132,0.089518741,0.769230769,0.205893103,Team Total - Cincinnati Reds - 5.5,0.2,,
8/16/2021,Astros,Jake Odorizzi,Royals,Carlos Hernandez,Alt Total,-210,8.5,155,8.5,6.651556157,4.082034312,0.677419355,0.392156863,0.743491726,0.256501395,0.066072371,-0.135655468,Over,-210,8.5,0.743491726,0.066072371,0.476190476,0.204824349,Alternate Total - Game - 8.5,0.2,,
8/16/2021,Angels,Jose Suarez,Yankees,Gerrit Cole,Alt Total,-260,6.5,190,6.5,3.953246688,4.89100788,0.722222222,0.344827586,0.778661942,0.221338,0.05643972,-0.123489586,Over,-260,6.5,0.778661942,0.05643972,0.384615385,0.203182991,Alternate Total - Game - 6.5,0.2,,
8/16/2021,Orioles,Matt Harvey,Rays,Josh Fleming,RL,120,1.5,-140,-1.5,3.861692993,4.90764518,0.454545455,0.583333333,0.564906741,0.435093198,0.110361287,-0.148240135,Orioles,120,1.5,0.564906741,0.110361287,1.2,0.202329025,Runline - Game,0.2,,
8/16/2021,Braves,Touki Toussaint,Marlins,Braxton Garrett,TT,-115,3.5,-115,3.5,5.341808907,4.333679384,0.534883721,0.534883721,0.628870684,0.371129309,0.093986963,-0.163754412,Over,-115,3.5,0.628870684,0.093986963,0.869565217,0.20207197,Team Total - Miami Marlins - 3.5,0.2,,
8/16/2021,Angels,Jose Suarez,Yankees,Gerrit Cole,Alt F5 Total,-210,3.5,155,3.5,1.94503057,3.09904739,0.677419355,0.392156863,0.741107017,0.258892983,0.063687662,-0.13326388,Over,-210,3.5,0.741107017,0.063687662,0.476190476,0.197431753,Alternate Total - 5 Inning Line - 3.5,0.15,,
8/16/2021,Braves,Touki Toussaint,Marlins,Braxton Garrett,TT,-110,4.5,-120,4.5,5.341808907,4.333679384,0.523809524,0.545454545,0.617307406,0.382692358,0.093497882,-0.162762187,Over,-110,4.5,0.617307406,0.093497882,0.909090909,0.196345553,Team Total - Atlanta Braves - 4.5,0.15,,
8/16/2021,Mets,Rich Hill,Giants,Kevin Gausman,Alt TT,160,4.5,-215,4.5,3.401001357,5.00668311,0.384615385,0.682539683,0.256004446,0.743995554,-0.128610939,0.061455872,Under,-215,4.5,0.743995554,0.061455872,0.465116279,0.193585995,Team Total - New York Mets - 4.5,0.15,,
8/16/2021,Orioles,Matt Harvey,Rays,Collin McHugh,Alt F5 Total,-215,3.5,160,3.5,2.194580909,2.856665777,0.682539683,0.384615385,0.742094182,0.257905818,0.0595545,-0.126709567,Over,-215,3.5,0.742094182,0.0595545,0.465116279,0.187596673,Alternate Total - 5 Inning Line - 3.5,0.15,,
8/16/2021,Mets,Rich Hill,Giants,Kevin Gausman,Alt TT,-210,3.5,155,3.5,3.401001357,5.00668311,0.677419355,0.392156863,0.735910882,0.264089035,0.058491528,-0.128067828,Over,-210,3.5,0.735910882,0.058491528,0.476190476,0.181323735,Team Total - San Francisco Giants - 3.5,0.15,,
8/16/2021,Padres,Ryan Weathers,Rockies,Antonio Senzatela,F5 Total,-110,7.5,-120,7.5,3.228158615,3.57643264,0.523809524,0.545454545,0.372196543,0.627803457,-0.151612981,0.082348911,Under,-120,7.5,0.627803457,0.082348911,0.833333333,0.181167605,Total - 5 Inning Line,0.15,15,
8/16/2021,Padres,Ryan Weathers,Rockies,Antonio Senzatela,Alt TT,-215,4.5,160,4.5,4.901015991,4.692623224,0.682539683,0.384615385,0.504026286,0.495973685,-0.178513396,0.111358301,Under,160,4.5,0.495973685,0.111358301,1.6,0.180957239,Team Total - Colorado Rockies - 4.5,0.15,,
8/16/2021,Angels,Jose Suarez,Yankees,Gerrit Cole,TT,115,3.5,-150,3.5,3.953246688,4.89100788,0.465116279,0.6,0.557342876,0.442657122,0.092226597,-0.157342878,Over,115,3.5,0.557342876,0.092226597,1.15,0.172423638,Team Total - Los Angeles Angels - 3.5,0.15,,
8/16/2021,Orioles,Matt Harvey,Rays,Josh Fleming,Alt F5 Total,-215,3.5,160,3.5,2.158015437,2.856665777,0.682539683,0.384615385,0.737028896,0.262971104,0.054489213,-0.12164428,Over,-215,3.5,0.737028896,0.054489213,0.465116279,0.171641021,Alternate Total - 5 Inning Line - 3.5,0.15,,
8/16/2021,Braves,Touki Toussaint,Marlins,Braxton Garrett,Alt F5 Total,-150,4,115,4,2.572273814,3.071820999,0.6,0.465116279,0.664489379,0.185898518,0.064489379,-0.279217761,Over,-150,4,0.664489379,0.064489379,0.666666667,0.161223447,Alternate Total - 5 Inning Line - 4,0.15,,
8/16/2021,Cubs,Justin Steele,Reds,Wade Miley,Alt Total,175,11.5,-240,11.5,4.713588555,4.778646837,0.363636364,0.705882353,0.247182647,0.752817283,-0.116453716,0.04693493,Under,-240,11.5,0.752817283,0.04693493,0.416666667,0.159578763,Alternate Total - Game - 11.5,0.15,,
8/16/2021,Indians,Cal Quantrill,Twins,Griffin Jax,TT,-125,4.5,-105,4.5,6.703208084,5.396537082,0.555555556,0.512195122,0.626134568,0.373865155,0.070579012,-0.138329967,Over,-125,4.5,0.626134568,0.070579012,0.8,0.158802777,Team Total - Minnesota Twins - 4.5,0.15,,
8/16/2021,Braves,Touki Toussaint,Marlins,Braxton Garrett,Alt RL,-310,1.5,225,-1.5,5.341808907,4.333679384,0.756097561,0.307692308,0.792913637,0.20708612,0.036816076,-0.100606187,Braves,-310,1.5,0.792913637,0.036816076,0.322580645,0.15094591,Alternate Runline - Game - 1.5,0.15,,
8/16/2021,Astros,Jake Odorizzi,Royals,Carlos Hernandez,TT,-145,5,110,5,6.651556157,4.082034312,0.591836735,0.476190476,0.65259356,0.207214762,0.060756825,-0.268975714,Over,-145,5,0.65259356,0.060756825,0.689655172,0.148854222,Team Total - Houston Astros - 5,0.1,,
8/16/2021,Astros,Jake Odorizzi,Royals,Carlos Hernandez,Alt Total,-130,9.5,100,9.5,6.651556157,4.082034312,0.565217391,0.5,0.629885261,0.370107859,0.064667869,-0.129892141,Over,-130,9.5,0.629885261,0.064667869,0.769230769,0.1487361,Alternate Total - Game - 9.5,0.1,,
8/16/2021,Indians,Cal Quantrill,Twins,Griffin Jax,Alt RL,160,-1.5,-215,1.5,6.703208084,5.396537082,0.384615385,0.682539683,0.47535017,0.524641845,0.090734785,-0.157897837,Indians,160,-1.5,0.47535017,0.090734785,1.6,0.147444026,Alternate Runline - Game - 1.5,0.1,,
8/16/2021,Orioles,Matt Harvey,Rays,Josh Fleming,Alt Total,-275,6.5,200,6.5,3.861692993,4.90764518,0.733333333,0.333333333,0.771393997,0.228605943,0.038060663,-0.104727391,Over,-275,6.5,0.771393997,0.038060663,0.363636364,0.142727487,Alternate Total - Game - 6.5,0.1,,
8/16/2021,Cubs,Justin Steele,Reds,Wade Miley,Alt TT,-180,3,135,3,4.713588555,4.778646837,0.642857143,0.425531915,0.692449749,0.150940663,0.049592606,-0.274591252,Over,-180,3,0.692449749,0.049592606,0.555555556,0.138859297,Team Total - Chicago Cubs - 3,0.1,,
8/16/2021,Orioles,Matt Harvey,Rays,Josh Fleming,TT,115,3.5,-150,3.5,3.861692993,4.90764518,0.465116279,0.6,0.539053567,0.460946432,0.073937288,-0.139053568,Over,115,3.5,0.539053567,0.073937288,1.15,0.138230582,Team Total - Baltimore Orioles - 3.5,0.1,,
8/16/2021,Orioles,Matt Harvey,Rays,Collin McHugh,Alt Total,-165,7.5,125,7.5,4.078348179,4.90764518,0.622641509,0.444444444,0.674460019,0.325539919,0.051818509,-0.118904526,Over,-165,7.5,0.674460019,0.051818509,0.606060606,0.13731905,Alternate Total - Game - 7.5,0.1,,
8/16/2021,Braves,Touki Toussaint,Marlins,Braxton Garrett,Alt F5 Total,140,5.5,-185,5.5,2.572273814,3.071820999,0.416666667,0.649122807,0.4956044,0.5043956,0.078937733,-0.144727207,Over,140,5.5,0.4956044,0.078937733,1.4,0.135321828,Alternate Total - 5 Inning Line - 5.5,0.1,,
8/16/2021,Athletics,Frankie Montas,White Sox,Dallas Keuchel,TT,105,4.5,-135,4.5,4.982657916,4.453803964,0.487804878,0.574468085,0.55645841,0.443541514,0.068653532,-0.130926571,Over,105,4.5,0.55645841,0.068653532,1.05,0.134037847,Team Total - Oakland Athletics - 4.5,0.1,,
8/16/2021,Braves,Touki Toussaint,Marlins,Braxton Garrett,Alt Total,135,9.5,-180,9.5,5.341808907,4.333679384,0.425531915,0.642857143,0.500871139,0.499128618,0.075339224,-0.143728525,Over,135,9.5,0.500871139,0.075339224,1.35,0.131146057,Alternate Total - Game - 9.5,0.1,,
8/16/2021,Cubs,Justin Steele,Reds,Wade Miley,TT,130,4.5,-170,4.5,4.713588555,4.778646837,0.434782609,0.62962963,0.507901495,0.492098475,0.073118886,-0.137531155,Over,130,4.5,0.507901495,0.073118886,1.3,0.129364183,Team Total - Chicago Cubs - 4.5,0.1,,
8/16/2021,Braves,Touki Toussaint,Marlins,Braxton Garrett,Alt Total,-135,8,105,8,5.341808907,4.333679384,0.574468085,0.487804878,0.629483235,0.2508834,0.05501515,-0.236921478,Over,-135,8,0.629483235,0.05501515,0.740740741,0.129285603,Alternate Total - Game - 8,0.1,,
8/16/2021,Astros,Jake Odorizzi,Royals,Carlos Hernandez,Alt TT,135,6.5,-180,6.5,6.651556157,4.082034312,0.425531915,0.642857143,0.497185714,0.502807409,0.071653799,-0.140049734,Over,135,6.5,0.497185714,0.071653799,1.35,0.124730687,Team Total - Houston Astros - 6.5,0.1,,
8/16/2021,Padres,Ryan Weathers,Rockies,Antonio Senzatela,Alt TT,-180,5,135,5,4.901015991,4.692623224,0.642857143,0.425531915,0.330279488,0.495973685,-0.312577655,0.07044177,Under,135,5,0.495973685,0.07044177,1.35,0.12262086,Team Total - Colorado Rockies - 5,0.1,,
8/16/2021,Orioles,Matt Harvey,Rays,Collin McHugh,ML,225,NA,-270,NA,4.078348179,4.90764518,0.307692308,0.72972973,0.392430036,0.607569901,0.084737729,-0.122159829,Orioles,225,NA,0.392430036,0.084737729,2.25,0.122398942,Moneyline - Game,0.1,,
8/16/2021,Orioles,Matt Harvey,Rays,Josh Fleming,Alt Total,170,10.5,-230,10.5,3.861692993,4.90764518,0.37037037,0.696969697,0.267036975,0.732962964,-0.103333396,0.035993268,Under,-230,10.5,0.732962964,0.035993268,0.434782609,0.118777783,Alternate Total - Game - 10.5,0.1,,
8/16/2021,Angels,Jose Suarez,Yankees,Gerrit Cole,ML,240,NA,-290,NA,3.953246688,4.89100788,0.294117647,0.743589744,0.37782906,0.622170881,0.083711413,-0.121418862,Angels,240,NA,0.37782906,0.083711413,2.4,0.118591169,Moneyline - Game,0.1,,
8/16/2021,Cubs,Justin Steele,Reds,Wade Miley,Alt Total,-230,7.5,170,7.5,4.713588555,4.778646837,0.696969697,0.37037037,0.730530628,0.269469302,0.033560931,-0.100901068,Over,-230,7.5,0.730530628,0.033560931,0.434782609,0.110751073,Alternate Total - Game - 7.5,0.1,,
8/16/2021,Angels,Jose Suarez,Yankees,Gerrit Cole,Alt Total,-160,7.5,120,7.5,3.953246688,4.89100788,0.615384615,0.454545455,0.657549949,0.342449993,0.042165334,-0.112095462,Over,-160,7.5,0.657549949,0.042165334,0.625,0.109629868,Alternate Total - Game - 7.5,0.1,,
8/16/2021,Mets,Rich Hill,Giants,Kevin Gausman,F5 Total,-115,4.5,-115,4.5,1.551812181,2.693044222,0.534883721,0.534883721,0.418884158,0.581115842,-0.115999563,0.046232121,Under,-115,4.5,0.581115842,0.046232121,0.869565217,0.09939906,Total - 5 Inning Line,0.05,,
8/16/2021,Mets,Rich Hill,Giants,Kevin Gausman,ML,180,NA,-210,NA,3.401001357,5.00668311,0.357142857,0.677419355,0.291938089,0.708061828,-0.065204768,0.030642473,Giants,-210,NA,0.708061828,0.030642473,0.476190476,0.094991668,Moneyline - Game,0.05,,
8/16/2021,Padres,Ryan Weathers,Rockies,Antonio Senzatela,F5RL,110,-0.5,-145,0.5,3.228158615,3.57643264,0.476190476,0.591836735,0.370505066,0.629494933,-0.10568541,0.037658199,Rockies,-145,0.5,0.629494933,0.037658199,0.689655172,0.092262587,Runline - 5 Inning Line,0.05,,
8/16/2021,Astros,Jake Odorizzi,Royals,Carlos Hernandez,F5 Total,-110,5.5,-120,5.5,3.093808857,2.985957689,0.523809524,0.545454545,0.567046066,0.432953934,0.043236542,-0.112500611,Over,-110,5.5,0.567046066,0.043236542,0.909090909,0.090796738,Total - 5 Inning Line,0.05,,
8/16/2021,Astros,Jake Odorizzi,Royals,Carlos Hernandez,TT,105,4.5,-135,4.5,6.651556157,4.082034312,0.487804878,0.574468085,0.387185397,0.6128146,-0.100619481,0.038346515,Under,-135,4.5,0.6128146,0.038346515,0.740740741,0.090114311,Team Total - Kansas City Royals - 4.5,0.05,,
8/16/2021,Athletics,Frankie Montas,White Sox,Dallas Keuchel,ML,-112,NA,-108,NA,4.982657916,4.453803964,0.528301887,0.519230769,0.567453278,0.432546634,0.039151391,-0.086684135,Athletics,-112,NA,0.567453278,0.039151391,0.892857143,0.083000948,Moneyline - Game,0.05,,
8/16/2021,Orioles,Matt Harvey,Rays,Josh Fleming,ML,225,NA,-270,NA,3.861692993,4.90764518,0.307692308,0.72972973,0.363676288,0.636323651,0.055983981,-0.093406079,Orioles,225,NA,0.363676288,0.055983981,2.25,0.08086575,Moneyline - Game,0.05,,
8/16/2021,Athletics,Frankie Montas,White Sox,Dallas Keuchel,Alt Total,-130,8.5,100,8.5,4.982657916,4.453803964,0.565217391,0.5,0.600312142,0.39968777,0.03509475,-0.10031223,Over,-130,8.5,0.600312142,0.03509475,0.769230769,0.080717926,Alternate Total - Game - 8.5,0.05,,
8/16/2021,Orioles,Matt Harvey,Rays,Collin McHugh,Alt TT,115,5.5,-150,5.5,4.078348179,4.90764518,0.465116279,0.6,0.367838677,0.632161263,-0.097277602,0.032161263,Under,-150,5.5,0.632161263,0.032161263,0.666666667,0.080403157,Team Total - Tampa Bay Rays - 5.5,0.05,,
8/16/2021,Orioles,Matt Harvey,Rays,Josh Fleming,Alt TT,115,5.5,-150,5.5,3.861692993,4.90764518,0.465116279,0.6,0.367838677,0.632161263,-0.097277602,0.032161263,Under,-150,5.5,0.632161263,0.032161263,0.666666667,0.080403157,Team Total - Tampa Bay Rays - 5.5,0.05,,
8/16/2021,Orioles,Matt Harvey,Rays,Collin McHugh,TT,-120,3,-110,3,4.078348179,4.90764518,0.545454545,0.523809524,0.581684714,0.226846693,0.036230169,-0.296962831,Over,-120,3,0.581684714,0.036230169,0.833333333,0.079706372,Team Total - Baltimore Orioles - 3,0.05,,
8/16/2021,Astros,Jake Odorizzi,Royals,Carlos Hernandez,Alt Total,-260,8,190,8,6.651556157,4.082034312,0.722222222,0.344827586,0.743491726,0.161243598,0.021269503,-0.183583989,Over,-260,8,0.743491726,0.021269503,0.384615385,0.076570212,Alternate Total - Game - 8,0.05,,
8/16/2021,Braves,Touki Toussaint,Marlins,Braxton Garrett,Alt F5 Total,120,5,-160,5,2.572273814,3.071820999,0.454545455,0.615384615,0.4956044,0.335510621,0.041058945,-0.279873994,Over,120,5,0.4956044,0.041058945,1.2,0.075274733,Alternate Total - 5 Inning Line - 5,0.05,,
8/16/2021,Athletics,Frankie Montas,White Sox,Dallas Keuchel,Alt TT,-165,3.5,125,3.5,4.982657916,4.453803964,0.622641509,0.444444444,0.649850034,0.350149954,0.027208524,-0.09429449,Over,-165,3.5,0.649850034,0.027208524,0.606060606,0.072102589,Team Total - Chicago White Sox - 3.5,0.05,,
8/16/2021,Angels,Jose Suarez,Yankees,Gerrit Cole,F5 Total,-115,4.5,-115,4.5,1.94503057,3.09904739,0.534883721,0.534883721,0.567206571,0.432793429,0.03232285,-0.102090292,Over,-115,4.5,0.567206571,0.03232285,0.869565217,0.069494128,Total - 5 Inning Line,0.05,,
8/16/2021,Mets,Rich Hill,Giants,Kevin Gausman,Alt Total,-250,6.5,185,6.5,3.401001357,5.00668311,0.714285714,0.350877193,0.733849416,0.266150501,0.019563702,-0.084726692,Over,-250,6.5,0.733849416,0.019563702,0.4,0.068472957,Alternate Total - Game - 6.5,0.05,,
8/16/2021,Orioles,Matt Harvey,Rays,Josh Fleming,Alt Total,-165,7.5,125,7.5,3.861692993,4.90764518,0.622641509,0.444444444,0.648406203,0.351593737,0.025764693,-0.092850708,Over,-165,7.5,0.648406203,0.025764693,0.606060606,0.068276437,Alternate Total - Game - 7.5,0.05,,
8/16/2021,Cubs,Justin Steele,Reds,Wade Miley,Alt TT,130,6,-170,6,4.713588555,4.778646837,0.434782609,0.62962963,0.206218257,0.654736132,-0.228564352,0.025106502,Under,-170,6,0.654736132,0.025106502,0.588235294,0.067787556,Team Total - Cincinnati Reds - 6,0.05,,
8/16/2021,Indians,Cal Quantrill,Twins,Griffin Jax,Alt F5 Total,100,5.5,-130,5.5,2.812778972,3.055582627,0.5,0.565217391,0.532951246,0.467048754,0.032951246,-0.098168637,Over,100,5.5,0.532951246,0.032951246,1,0.065902491,Alternate Total - 5 Inning Line - 5.5,0.05,,
8/16/2021,Cubs,Justin Steele,Reds,Wade Miley,TT,-165,4.5,125,4.5,4.713588555,4.778646837,0.622641509,0.444444444,0.519847443,0.480152518,-0.102794066,0.035708074,Under,125,4.5,0.480152518,0.035708074,1.25,0.064274533,Team Total - Cincinnati Reds - 4.5,0.05,,
8/16/2021,Orioles,Matt Harvey,Rays,Collin McHugh,F5ML,190,NA,-260,NA,2.194580909,2.856665777,0.344827586,0.722222222,0.386845516,0.613154484,0.04201793,-0.109067738,Orioles,190,NA,0.386845516,0.04201793,1.9,0.06413263,Moneyline - 5 Inning Line,0.05,,
8/16/2021,Cubs,Justin Steele,Reds,Wade Miley,Alt Total,125,10.5,-165,10.5,4.713588555,4.778646837,0.444444444,0.622641509,0.353712745,0.646287186,-0.0907317,0.023645676,Under,-165,10.5,0.646287186,0.023645676,0.606060606,0.062661042,Alternate Total - Game - 10.5,0.05,,
8/16/2021,Angels,Jose Suarez,Yankees,Gerrit Cole,Alt Total,175,10.5,-240,10.5,3.953246688,4.89100788,0.363636364,0.705882353,0.27571137,0.724288572,-0.087924993,0.018406219,Under,-240,10.5,0.724288572,0.018406219,0.416666667,0.062581144,Alternate Total - Game - 10.5,0.05,,
8/16/2021,Mets,Rich Hill,Giants,Kevin Gausman,Alt Total,135,9.5,-180,9.5,3.401001357,5.00668311,0.425531915,0.642857143,0.335071986,0.664927932,-0.090459929,0.022070789,Under,-180,9.5,0.664927932,0.022070789,0.555555556,0.061798208,Alternate Total - Game - 9.5,0.05,,
8/16/2021,Braves,Touki Toussaint,Marlins,Braxton Garrett,Alt TT,150,4.5,-200,4.5,5.341808907,4.333679384,0.4,0.666666667,0.43606367,0.563936322,0.03606367,-0.102730345,Over,150,4.5,0.43606367,0.03606367,1.5,0.060106117,Team Total - Miami Marlins - 4.5,0.05,,
8/16/2021,Astros,Jake Odorizzi,Royals,Carlos Hernandez,TT,115,6,-150,6,6.651556157,4.082034312,0.465116279,0.6,0.497185714,0.347399563,0.032069435,-0.252600437,Over,115,6,0.497185714,0.032069435,1.15,0.0599559,Team Total - Houston Astros - 6,0.05,,
8/16/2021,Orioles,Matt Harvey,Rays,Collin McHugh,Alt TT,185,4.5,-250,4.5,4.078348179,4.90764518,0.350877193,0.714285714,0.38646582,0.613534177,0.035588627,-0.100751537,Over,185,4.5,0.38646582,0.035588627,1.85,0.054825723,Team Total - Baltimore Orioles - 4.5,0.05,,
8/16/2021,Orioles,Matt Harvey,Rays,Collin McHugh,F5RL,125,0.5,-165,-0.5,2.194580909,2.856665777,0.444444444,0.622641509,0.474630824,0.525369176,0.030186379,-0.097272333,Orioles,125,0.5,0.474630824,0.030186379,1.25,0.054335483,Runline - 5 Inning Line,0.05,,
8/16/2021,Orioles,Matt Harvey,Rays,Josh Fleming,F5ML,190,NA,-260,NA,2.158015437,2.856665777,0.344827586,0.722222222,0.380353824,0.619646176,0.035526238,-0.102576046,Orioles,190,NA,0.380353824,0.035526238,1.9,0.054224258,Moneyline - 5 Inning Line,0.05,,
8/16/2021,Angels,Jose Suarez,Yankees,Gerrit Cole,Alt TT,120,5.5,-160,5.5,3.953246688,4.89100788,0.454545455,0.615384615,0.364922382,0.635077562,-0.089623073,0.019692946,Under,-160,5.5,0.635077562,0.019692946,0.625,0.05120166,Team Total - New York Yankees - 5.5,0.05,,
8/16/2021,Padres,Ryan Weathers,Rockies,Antonio Senzatela,Alt RL,-230,1.5,170,-1.5,4.901015991,4.692623224,0.696969697,0.37037037,0.712289442,0.287710471,0.015319745,-0.0826599,Padres,-230,1.5,0.712289442,0.015319745,0.434782609,0.05055516,Alternate Runline - Game - 1.5,0.05,,
8/16/2021,Mets,Rich Hill,Giants,Kevin Gausman,Alt TT,-180,2.5,135,2.5,3.401001357,5.00668311,0.642857143,0.425531915,0.660453231,0.339546769,0.017596088,-0.085985146,Over,-180,2.5,0.660453231,0.017596088,0.555555556,0.049269047,Team Total - New York Mets - 2.5,0,,
8/16/2021,Angels,Jose Suarez,Yankees,Gerrit Cole,TT,-115,3,-115,3,3.953246688,4.89100788,0.534883721,0.534883721,0.557342876,0.245034219,0.022459155,-0.289849502,Over,-115,3,0.557342876,0.022459155,0.869565217,0.048287184,Team Total - Los Angeles Angels - 3,0,,
8/16/2021,Braves,Touki Toussaint,Marlins,Braxton Garrett,Alt Total,110,9,-145,9,5.341808907,4.333679384,0.476190476,0.591836735,0.500871139,0.370516521,0.024680663,-0.221320213,Over,110,9,0.500871139,0.024680663,1.1,0.047117629,Alternate Total - Game - 9,0,,
8/16/2021,Braves,Touki Toussaint,Marlins,Braxton Garrett,Alt TT,140,5.5,-185,5.5,5.341808907,4.333679384,0.416666667,0.649122807,0.443790274,0.556209491,0.027123607,-0.092913316,Over,140,5.5,0.443790274,0.027123607,1.4,0.046497612,Team Total - Atlanta Braves - 5.5,0,,
8/16/2021,Braves,Touki Toussaint,Marlins,Braxton Garrett,RL,100,-1.5,-120,1.5,5.341808907,4.333679384,0.5,0.545454545,0.433770853,0.566228904,-0.066229147,0.020774358,Marlins,-120,1.5,0.566228904,0.020774358,0.833333333,0.045703588,Runline - Game,0,,
8/16/2021,Athletics,Frankie Montas,White Sox,Dallas Keuchel,Alt TT,170,5.5,-230,5.5,4.982657916,4.453803964,0.37037037,0.696969697,0.289198942,0.710801046,-0.081171428,0.013831349,Under,-230,5.5,0.710801046,0.013831349,0.434782609,0.045643452,Team Total - Chicago White Sox - 5.5,0,,
8/16/2021,Astros,Jake Odorizzi,Royals,Carlos Hernandez,F5RL,-110,-0.5,-120,0.5,3.093808857,2.985957689,0.523809524,0.545454545,0.434394015,0.565605985,-0.089415509,0.02015144,Royals,-120,0.5,0.565605985,0.02015144,0.833333333,0.044333167,Runline - 5 Inning Line,0,,
8/16/2021,Braves,Touki Toussaint,Marlins,Braxton Garrett,Alt TT,-150,4,115,4,5.341808907,4.333679384,0.6,0.465116279,0.617307406,0.22027815,0.017307406,-0.244838129,Over,-150,4,0.617307406,0.017307406,0.666666667,0.043268515,Team Total - Atlanta Braves - 4,0,,
8/16/2021,Orioles,Matt Harvey,Rays,Josh Fleming,F5RL,125,0.5,-165,-0.5,2.158015437,2.856665777,0.444444444,0.622641509,0.468064685,0.531935315,0.023620241,-0.090706195,Orioles,125,0.5,0.468064685,0.023620241,1.25,0.042516433,Runline - 5 Inning Line,0,,
8/16/2021,Athletics,Frankie Montas,White Sox,Dallas Keuchel,F5 Total,-125,4.5,-105,4.5,2.404373564,2.096703714,0.555555556,0.512195122,0.468100887,0.531899113,-0.087454669,0.019703991,Under,-105,4.5,0.531899113,0.019703991,0.952380952,0.040393182,Total - 5 Inning Line,0,,
8/16/2021,Cubs,Justin Steele,Reds,Wade Miley,TT,105,4,-135,4,4.713588555,4.778646837,0.487804878,0.574468085,0.507901495,0.30755022,0.020096617,-0.266917865,Over,105,4,0.507901495,0.020096617,1.05,0.039236251,Team Total - Chicago Cubs - 4,0,,
8/16/2021,Padres,Ryan Weathers,Rockies,Antonio Senzatela,F5ML,-115,NA,-115,NA,3.228158615,3.57643264,0.534883721,0.534883721,0.44787795,0.552122049,-0.087005771,0.017238328,Rockies,-115,NA,0.552122049,0.017238328,0.869565217,0.037062406,Moneyline - 5 Inning Line,0,,
8/16/2021,Athletics,Frankie Montas,White Sox,Dallas Keuchel,Alt Total,-250,7,185,7,4.982657916,4.453803964,0.714285714,0.350877193,0.72469189,0.169861935,0.010406175,-0.181015258,Over,-250,7,0.72469189,0.010406175,0.4,0.036421613,Alternate Total - Game - 7,0,,
8/16/2021,Orioles,Matt Harvey,Rays,Collin McHugh,Alt Total,170,10.5,-230,10.5,4.078348179,4.90764518,0.37037037,0.696969697,0.292352007,0.70764793,-0.078018363,0.010678233,Under,-230,10.5,0.70764793,0.010678233,0.434782609,0.03523817,Alternate Total - Game - 10.5,0,,
8/16/2021,Mets,Rich Hill,Giants,Kevin Gausman,TT,-120,4.5,-110,4.5,3.401001357,5.00668311,0.545454545,0.523809524,0.560678515,0.439321402,0.01522397,-0.084488122,Over,-120,4.5,0.560678515,0.01522397,0.833333333,0.033492733,Team Total - San Francisco Giants - 4.5,0,,
8/16/2021,Indians,Cal Quantrill,Twins,Griffin Jax,TT,130,5.5,-170,5.5,6.703208084,5.396537082,0.434782609,0.62962963,0.453269076,0.546730647,0.018486467,-0.082898983,Over,130,5.5,0.453269076,0.018486467,1.3,0.032706826,Team Total - Minnesota Twins - 5.5,0,,
8/16/2021,Padres,Ryan Weathers,Rockies,Antonio Senzatela,Alt F5 Total,120,8,-160,8,3.228158615,3.57643264,0.454545455,0.615384615,0.245810422,0.627803457,-0.208735033,0.012418841,Under,-160,8,0.627803457,0.012418841,0.625,0.032288988,Alternate Total - 5 Inning Line - 8,0,,
8/16/2021,Athletics,Frankie Montas,White Sox,Dallas Keuchel,RL,140,-1.5,-160,1.5,4.982657916,4.453803964,0.416666667,0.615384615,0.372659589,0.627340322,-0.044007077,0.011955707,White Sox,-160,1.5,0.627340322,0.011955707,0.625,0.031084837,Runline - Game,0,,
8/16/2021,Athletics,Frankie Montas,White Sox,Dallas Keuchel,Alt Total,120,9.5,-160,9.5,4.982657916,4.453803964,0.454545455,0.615384615,0.469900503,0.530099409,0.015355048,-0.085285207,Over,120,9.5,0.469900503,0.015355048,1.2,0.028150922,Alternate Total - Game - 9.5,0,,
8/16/2021,Padres,Ryan Weathers,Rockies,Antonio Senzatela,Alt F5 Total,-150,6.5,115,6.5,3.228158615,3.57643264,0.6,0.465116279,0.520785772,0.479214228,-0.079214228,0.014097949,Under,115,6.5,0.479214228,0.014097949,1.15,0.026357035,Alternate Total - 5 Inning Line - 6.5,0,,
8/16/2021,Angels,Jose Suarez,Yankees,Gerrit Cole,Alt TT,190,4.5,-260,4.5,3.953246688,4.89100788,0.344827586,0.722222222,0.362029854,0.637970144,0.017202268,-0.084252078,Over,190,4.5,0.362029854,0.017202268,1.9,0.026256093,Team Total - Los Angeles Angels - 4.5,0,,
8/16/2021,Orioles,Matt Harvey,Rays,Collin McHugh,Alt TT,-250,3.5,185,3.5,4.078348179,4.90764518,0.714285714,0.350877193,0.721769676,0.278230264,0.007483962,-0.072646929,Over,-250,3.5,0.721769676,0.007483962,0.4,0.026193866,Team Total - Tampa Bay Rays - 3.5,0,,
8/16/2021,Orioles,Matt Harvey,Rays,Josh Fleming,Alt TT,-250,3.5,185,3.5,3.861692993,4.90764518,0.714285714,0.350877193,0.721769676,0.278230264,0.007483962,-0.072646929,Over,-250,3.5,0.721769676,0.007483962,0.4,0.026193866,Team Total - Tampa Bay Rays - 3.5,0,,
8/16/2021,Mets,Rich Hill,Giants,Kevin Gausman,Total,-110,8.5,-110,8.5,3.401001357,5.00668311,0.523809524,0.523809524,0.464168239,0.535831678,-0.059641285,0.012022154,Under,-110,8.5,0.535831678,0.012022154,0.909090909,0.025246524,Total - Game,0,,
8/16/2021,Braves,Touki Toussaint,Marlins,Braxton Garrett,Alt Total,175,10.5,-240,10.5,5.341808907,4.333679384,0.363636364,0.705882353,0.376432655,0.623567101,0.012796292,-0.082315252,Over,175,10.5,0.376432655,0.012796292,1.75,0.020108459,Alternate Total - Game - 10.5,0,,
8/16/2021,Athletics,Frankie Montas,White Sox,Dallas Keuchel,Alt F5 Total,170,6,-230,6,2.404373564,2.096703714,0.37037037,0.696969697,0.169087467,0.702746396,-0.201282903,0.005776699,Under,-230,6,0.702746396,0.005776699,0.434782609,0.019063106,Alternate Total - 5 Inning Line - 6,0,,
8/16/2021,Cubs,Justin Steele,Reds,Wade Miley,Alt RL,245,-1.5,-350,1.5,4.713588555,4.778646837,0.289855072,0.777777778,0.302740114,0.697259817,0.012885041,-0.080517961,Cubs,245,-1.5,0.302740114,0.012885041,2.45,0.018144242,Alternate Runline - Game - 1.5,0,,
8/16/2021,Angels,Jose Suarez,Yankees,Gerrit Cole,Alt TT,-250,3.5,185,3.5,3.953246688,4.89100788,0.714285714,0.350877193,0.719339768,0.280660175,0.005054054,-0.070217018,Over,-250,3.5,0.719339768,0.005054054,0.4,0.017689189,Team Total - New York Yankees - 3.5,0,,
8/16/2021,Braves,Touki Toussaint,Marlins,Braxton Garrett,Alt TT,-165,3,125,3,5.341808907,4.333679384,0.622641509,0.444444444,0.628870684,0.193167815,0.006229174,-0.251276629,Over,-165,3,0.628870684,0.006229174,0.606060606,0.016507312,Team Total - Miami Marlins - 3,0,,
8/16/2021,Astros,Jake Odorizzi,Royals,Carlos Hernandez,Alt Total,100,10.5,-130,10.5,6.651556157,4.082034312,0.5,0.565217391,0.507944734,0.492048386,0.007944734,-0.073169005,Over,100,10.5,0.507944734,0.007944734,1,0.015889468,Alternate Total - Game - 10.5,0,,
8/16/2021,Astros,Jake Odorizzi,Royals,Carlos Hernandez,F5ML,-145,NA,110,NA,3.093808857,2.985957689,0.591836735,0.476190476,0.517073987,0.482926013,-0.074762747,0.006735537,Royals,110,NA,0.482926013,0.006735537,1.1,0.012858752,Moneyline - 5 Inning Line,0,,
8/16/2021,Braves,Touki Toussaint,Marlins,Braxton Garrett,ML,-164,NA,142,NA,5.341808907,4.333679384,0.621212121,0.41322314,0.62560827,0.374391487,0.004396149,-0.038831654,Braves,-164,NA,0.62560827,0.004396149,0.609756098,0.011605833,Moneyline - Game,0,,
8/16/2021,Orioles,Matt Harvey,Rays,Collin McHugh,F5 Total,-130,4.5,100,4.5,2.194580909,2.856665777,0.565217391,0.5,0.56845229,0.43154771,0.003234898,-0.06845229,Over,-130,4.5,0.56845229,0.003234898,0.769230769,0.007440267,Total - 5 Inning Line,0,,
8/16/2021,Athletics,Frankie Montas,White Sox,Dallas Keuchel,TT,-125,4,-105,4,4.982657916,4.453803964,0.555555556,0.512195122,0.55645841,0.267468739,0.000902854,-0.244726382,Over,-125,4,0.55645841,0.000902854,0.8,0.002031422,Team Total - Oakland Athletics - 4,0,,
8/16/2021,Astros,Jake Odorizzi,Royals,Carlos Hernandez,Alt Total,-170,9,130,9,6.651556157,4.082034312,0.62962963,0.434782609,0.629885261,0.256501395,0.000255631,-0.178281214,Over,-170,9,0.629885261,0.000255631,0.588235294,0.000690204,Alternate Total - Game - 9,0,,
8/16/2021,Indians,Cal Quantrill,Twins,Griffin Jax,Alt F5 Total,-230,4,170,4,2.812778972,3.055582627,0.696969697,0.37037037,0.696936964,0.163342847,-3.27E-05,-0.207027523,Over,-230,4,0.696936964,-3.27E-05,0.434782609,-0.000108019,Alternate Total - 5 Inning Line - 4,-0.05,,
8/16/2021,Indians,Cal Quantrill,Twins,Griffin Jax,F5 Total,-115,5,-115,5,2.812778972,3.055582627,0.534883721,0.534883721,0.532951246,0.303063036,-0.001932475,-0.231820685,Over,-115,5,0.532951246,-0.001932475,0.869565217,-0.004154822,Total - 5 Inning Line,-0.05,,
8/16/2021,Padres,Ryan Weathers,Rockies,Antonio Senzatela,ML,-130,NA,110,NA,4.901015991,4.692623224,0.565217391,0.476190476,0.526466072,0.473533841,-0.03875132,-0.002656635,Rockies,110,NA,0.473533841,-0.002656635,1.1,-0.005071757,Moneyline - Game,-0.05,,
8/16/2021,Athletics,Frankie Montas,White Sox,Dallas Keuchel,Alt TT,160,5.5,-215,5.5,4.982657916,4.453803964,0.384615385,0.682539683,0.380996329,0.619003594,-0.003619055,-0.063536088,Over,160,5.5,0.380996329,-0.003619055,1.6,-0.005880965,Team Total - Oakland Athletics - 5.5,-0.05,,
8/16/2021,Orioles,Matt Harvey,Rays,Collin McHugh,Total,-120,8.5,100,8.5,4.078348179,4.90764518,0.545454545,0.5,0.542500448,0.457499489,-0.002954097,-0.042500511,Over,-120,8.5,0.542500448,-0.002954097,0.833333333,-0.006499013,Total - Game,-0.05,,
8/16/2021,Orioles,Matt Harvey,Rays,Josh Fleming,F5 Total,-130,4.5,100,4.5,2.158015437,2.856665777,0.565217391,0.5,0.562078996,0.437921004,-0.003138395,-0.062078996,Over,-130,4.5,0.562078996,-0.003138395,0.769230769,-0.00721831,Total - 5 Inning Line,-0.05,,
8/16/2021,Orioles,Matt Harvey,Rays,Collin McHugh,Alt TT,155,4,-210,4,4.078348179,4.90764518,0.392156863,0.677419355,0.38646582,0.418315283,-0.005691043,-0.259104072,Over,155,4,0.38646582,-0.005691043,1.55,-0.009362683,Team Total - Baltimore Orioles - 4,-0.05,,
8/16/2021,Orioles,Matt Harvey,Rays,Josh Fleming,Alt TT,185,4.5,-250,4.5,3.861692993,4.90764518,0.350877193,0.714285714,0.344164365,0.655835634,-0.006712828,-0.05845008,Over,185,4.5,0.344164365,-0.006712828,1.85,-0.010341384,Team Total - Baltimore Orioles - 4.5,-0.05,,
8/16/2021,Mets,Rich Hill,Giants,Kevin Gausman,F5RL,125,0.5,-165,-0.5,1.551812181,2.693044222,0.444444444,0.622641509,0.381658562,0.618341438,-0.062785882,-0.004300072,Giants,-165,-0.5,0.618341438,-0.004300072,0.606060606,-0.01139519,Runline - 5 Inning Line,-0.05,,
8/16/2021,Braves,Touki Toussaint,Marlins,Braxton Garrett,Alt Total,160,10,-215,10,5.341808907,4.333679384,0.384615385,0.682539683,0.376432655,0.499128618,-0.008182729,-0.183411065,Over,160,10,0.376432655,-0.008182729,1.6,-0.013296935,Alternate Total - Game - 10,-0.05,,
8/16/2021,Orioles,Matt Harvey,Rays,Josh Fleming,TT,-120,3,-110,3,3.861692993,4.90764518,0.545454545,0.523809524,0.539053567,0.25907725,-0.006400979,-0.264732274,Over,-120,3,0.539053567,-0.006400979,0.833333333,-0.014082153,Team Total - Baltimore Orioles - 3,-0.05,,
8/16/2021,Cubs,Justin Steele,Reds,Wade Miley,Alt F5 Total,-165,4.5,125,4.5,2.15619383,3.185364704,0.622641509,0.444444444,0.617266976,0.382733024,-0.005374533,-0.061711421,Over,-165,4.5,0.617266976,-0.005374533,0.606060606,-0.014242513,Alternate Total - 5 Inning Line - 4.5,-0.05,,
8/16/2021,Mets,Rich Hill,Giants,Kevin Gausman,TT,100,3.5,-130,3.5,3.401001357,5.00668311,0.5,0.565217391,0.441861846,0.558138154,-0.058138154,-0.007079237,Under,-130,3.5,0.558138154,-0.007079237,0.769230769,-0.016282245,Team Total - New York Mets - 3.5,-0.05,,
8/16/2021,Astros,Jake Odorizzi,Royals,Carlos Hernandez,Alt F5 Total,140,6.5,-185,6.5,3.093808857,2.985957689,0.416666667,0.649122807,0.406507322,0.593492678,-0.010159345,-0.055630129,Over,140,6.5,0.406507322,-0.010159345,1.4,-0.01741602,Alternate Total - 5 Inning Line - 6.5,-0.05,,
8/16/2021,Braves,Touki Toussaint,Marlins,Braxton Garrett,TT,120,5,-160,5,5.341808907,4.333679384,0.454545455,0.615384615,0.443790274,0.382692358,-0.010755181,-0.232692257,Over,120,5,0.443790274,-0.010755181,1.2,-0.019717831,Team Total - Atlanta Braves - 5,-0.05,,
8/16/2021,Cubs,Justin Steele,Reds,Wade Miley,Alt F5 Total,100,5.5,-130,5.5,2.15619383,3.185364704,0.5,0.565217391,0.443747065,0.556252935,-0.056252935,-0.008964456,Under,-130,5.5,0.556252935,-0.008964456,0.769230769,-0.020618249,Alternate Total - 5 Inning Line - 5.5,-0.05,,
8/16/2021,Mets,Rich Hill,Giants,Kevin Gausman,Alt F5 Total,-200,3.5,150,3.5,1.551812181,2.693044222,0.666666667,0.4,0.612849019,0.387150981,-0.053817648,-0.012849019,Under,150,3.5,0.387150981,-0.012849019,1.5,-0.021415032,Alternate Total - 5 Inning Line - 3.5,-0.05,,
8/16/2021,Angels,Jose Suarez,Yankees,Gerrit Cole,Total,-125,8.5,105,8.5,3.953246688,4.89100788,0.555555556,0.487804878,0.523656787,0.476343155,-0.031898768,-0.011461723,Under,105,8.5,0.476343155,-0.011461723,1.05,-0.022377651,Total - Game,-0.05,,
8/16/2021,Indians,Cal Quantrill,Twins,Griffin Jax,F5RL,-125,0.5,-105,-0.5,2.812778972,3.055582627,0.555555556,0.512195122,0.54487394,0.45512606,-0.010681616,-0.057069062,Indians,-125,0.5,0.54487394,-0.010681616,0.8,-0.024033635,Runline - 5 Inning Line,-0.05,,
8/16/2021,Cubs,Justin Steele,Reds,Wade Miley,Total,-105,9.5,-115,9.5,4.713588555,4.778646837,0.512195122,0.534883721,0.477164284,0.522835646,-0.035030838,-0.012048075,Under,-115,9.5,0.522835646,-0.012048075,0.869565217,-0.025903361,Total - Game,-0.05,,
8/16/2021,Cubs,Justin Steele,Reds,Wade Miley,F5ML,155,NA,-210,NA,2.15619383,3.185364704,0.392156863,0.677419355,0.331293724,0.668706276,-0.060863139,-0.008713079,Reds,-210,NA,0.668706276,-0.008713079,0.476190476,-0.027010544,Moneyline - 5 Inning Line,-0.05,,
8/16/2021,Orioles,Matt Harvey,Rays,Josh Fleming,Total,-120,8.5,100,8.5,3.861692993,4.90764518,0.545454545,0.5,0.513591008,0.486408931,-0.031863538,-0.013591069,Under,100,8.5,0.486408931,-0.013591069,1,-0.027182137,Total - Game,-0.05,,
8/16/2021,Mets,Rich Hill,Giants,Kevin Gausman,RL,-110,1.5,-110,-1.5,3.401001357,5.00668311,0.523809524,0.523809524,0.489885549,0.510114368,-0.033923975,-0.013695156,Giants,-110,-1.5,0.510114368,-0.013695156,0.909090909,-0.028759827,Runline - Game,-0.05,,
8/16/2021,Indians,Cal Quantrill,Twins,Griffin Jax,F5ML,110,NA,-145,NA,2.812778972,3.055582627,0.476190476,0.591836735,0.460951511,0.539048489,-0.015238966,-0.052788245,Indians,110,NA,0.460951511,-0.015238966,1.1,-0.029092571,Moneyline - 5 Inning Line,-0.05,,
8/16/2021,Mets,Rich Hill,Giants,Kevin Gausman,F5ML,185,NA,-250,NA,1.551812181,2.693044222,0.350877193,0.714285714,0.294183478,0.705816522,-0.056693715,-0.008469192,Giants,-250,NA,0.705816522,-0.008469192,0.4,-0.029642174,Moneyline - 5 Inning Line,-0.05,,
8/16/2021,Angels,Jose Suarez,Yankees,Gerrit Cole,TT,-145,4.5,110,4.5,3.953246688,4.89100788,0.591836735,0.476190476,0.540178357,0.459821587,-0.051658378,-0.01636889,Under,110,4.5,0.459821587,-0.01636889,1.1,-0.031249698,Team Total - New York Yankees - 4.5,-0.05,,
8/16/2021,Orioles,Matt Harvey,Rays,Josh Fleming,Alt Total,130,9.5,-170,9.5,3.861692993,4.90764518,0.434782609,0.62962963,0.382231004,0.617768935,-0.052551605,-0.011860695,Under,-170,9.5,0.617768935,-0.011860695,0.588235294,-0.032023875,Alternate Total - Game - 9.5,-0.05,,
8/16/2021,Astros,Jake Odorizzi,Royals,Carlos Hernandez,Alt Total,145,11.5,-190,11.5,6.651556157,4.082034312,0.408163265,0.655172414,0.388957491,0.611035629,-0.019205775,-0.044136784,Over,145,11.5,0.388957491,-0.019205775,1.45,-0.032451136,Alternate Total - Game - 11.5,-0.05,,
8/16/2021,Mets,Rich Hill,Giants,Kevin Gausman,Alt Total,-160,7.5,120,7.5,3.401001357,5.00668311,0.615384615,0.454545455,0.602359234,0.397640683,-0.013025381,-0.056904772,Over,-160,7.5,0.602359234,-0.013025381,0.625,-0.033865991,Alternate Total - Game - 7.5,-0.05,,
8/16/2021,Braves,Touki Toussaint,Marlins,Braxton Garrett,TT,120,4,-160,4,5.341808907,4.333679384,0.454545455,0.615384615,0.43606367,0.371129309,-0.018481784,-0.244255307,Over,120,4,0.43606367,-0.018481784,1.2,-0.033883271,Team Total - Miami Marlins - 4,-0.05,,
8/16/2021,Orioles,Matt Harvey,Rays,Collin McHugh,TT,-145,4.5,110,4.5,4.078348179,4.90764518,0.591836735,0.476190476,0.54315458,0.45684536,-0.048682155,-0.019345116,Under,110,4.5,0.45684536,-0.019345116,1.1,-0.036931585,Team Total - Tampa Bay Rays - 4.5,-0.05,,
8/16/2021,Orioles,Matt Harvey,Rays,Josh Fleming,TT,-145,4.5,110,4.5,3.861692993,4.90764518,0.591836735,0.476190476,0.54315458,0.45684536,-0.048682155,-0.019345116,Under,110,4.5,0.45684536,-0.019345116,1.1,-0.036931585,Team Total - Tampa Bay Rays - 4.5,-0.05,,
8/16/2021,Angels,Jose Suarez,Yankees,Gerrit Cole,F5ML,200,NA,-275,NA,1.94503057,3.09904739,0.333333333,0.733333333,0.307267555,0.692732445,-0.026065779,-0.040600888,Angels,200,NA,0.307267555,-0.026065779,2,-0.039098668,Moneyline - 5 Inning Line,-0.05,,
8/16/2021,Athletics,Frankie Montas,White Sox,Dallas Keuchel,Alt Total,-160,8,120,8,4.982657916,4.453803964,0.615384615,0.454545455,0.600312142,0.275308022,-0.015072474,-0.179237433,Over,-160,8,0.600312142,-0.015072474,0.625,-0.039188432,Alternate Total - Game - 8,-0.05,,
8/16/2021,Cubs,Justin Steele,Reds,Wade Miley,TT,-130,5,100,5,4.713588555,4.778646837,0.565217391,0.5,0.345263829,0.480152518,-0.219953562,-0.019847482,Under,100,5,0.480152518,-0.019847482,1,-0.039694964,Team Total - Cincinnati Reds - 5,-0.05,,
8/16/2021,Cubs,Justin Steele,Reds,Wade Miley,Alt Total,-165,8.5,125,8.5,4.713588555,4.778646837,0.622641509,0.444444444,0.607219571,0.392780359,-0.015421938,-0.051664085,Over,-165,8.5,0.607219571,-0.015421938,0.606060606,-0.040868137,Alternate Total - Game - 8.5,-0.05,,
8/16/2021,Orioles,Matt Harvey,Rays,Collin McHugh,Alt Total,130,9.5,-170,9.5,4.078348179,4.90764518,0.434782609,0.62962963,0.410746246,0.589253692,-0.024036363,-0.040375938,Over,130,9.5,0.410746246,-0.024036363,1.3,-0.042525872,Alternate Total - Game - 9.5,-0.05,,
8/16/2021,Athletics,Frankie Montas,White Sox,Dallas Keuchel,F5ML,-135,NA,105,NA,2.404373564,2.096703714,0.574468085,0.487804878,0.556012015,0.443987985,-0.01845607,-0.043816893,Athletics,-135,NA,0.556012015,-0.01845607,0.740740741,-0.043371764,Moneyline - 5 Inning Line,-0.05,,
8/16/2021,Orioles,Matt Harvey,Rays,Josh Fleming,Alt F5 Total,130,5.5,-170,5.5,2.158015437,2.856665777,0.434782609,0.62962963,0.386615401,0.613384599,-0.048167208,-0.01624503,Under,-170,5.5,0.613384599,-0.01624503,0.588235294,-0.043861582,Alternate Total - 5 Inning Line - 5.5,-0.05,,
8/16/2021,Indians,Cal Quantrill,Twins,Griffin Jax,Alt TT,-180,4,135,4,6.703208084,5.396537082,0.642857143,0.425531915,0.626134568,0.213701805,-0.016722575,-0.21183011,Over,-180,4,0.626134568,-0.016722575,0.555555556,-0.046823211,Team Total - Minnesota Twins - 4,-0.05,,
8/16/2021,Mets,Rich Hill,Giants,Kevin Gausman,Alt F5 Total,115,5,-150,5,1.551812181,2.693044222,0.465116279,0.6,0.254213562,0.581115842,-0.210902717,-0.018884158,Under,-150,5,0.581115842,-0.018884158,0.666666667,-0.047210396,Alternate Total - 5 Inning Line - 5,-0.05,,
8/16/2021,Astros,Jake Odorizzi,Royals,Carlos Hernandez,TT,-165,3.5,125,3.5,6.651556157,4.082034312,0.622641509,0.444444444,0.582390149,0.417609848,-0.040251361,-0.026834596,Under,125,3.5,0.417609848,-0.026834596,1.25,-0.048302273,Team Total - Kansas City Royals - 3.5,-0.05,,
8/16/2021,Angels,Jose Suarez,Yankees,Gerrit Cole,F5RL,130,0.5,-170,-0.5,1.94503057,3.09904739,0.434782609,0.62962963,0.388325388,0.611674612,-0.046457221,-0.017955017,Yankees,-170,-0.5,0.611674612,-0.017955017,0.588235294,-0.048478547,Runline - 5 Inning Line,-0.05,,
8/16/2021,Angels,Jose Suarez,Yankees,Gerrit Cole,Alt TT,155,4,-210,4,3.953246688,4.89100788,0.392156863,0.677419355,0.362029854,0.442657122,-0.030127008,-0.234762232,Over,155,4,0.362029854,-0.030127008,1.55,-0.049563788,Team Total - Los Angeles Angels - 4,-0.05,,
8/16/2021,Athletics,Frankie Montas,White Sox,Dallas Keuchel,Alt F5 Total,-105,5,-125,5,2.404373564,2.096703714,0.512195122,0.555555556,0.297253604,0.531899113,-0.214941518,-0.023656443,Under,-125,5,0.531899113,-0.023656443,0.8,-0.053226996,Alternate Total - 5 Inning Line - 5,-0.1,,
8/16/2021,Orioles,Matt Harvey,Rays,Josh Fleming,Alt RL,295,-1.5,-450,1.5,3.861692993,4.90764518,0.253164557,0.818181818,0.191591492,0.808408448,-0.061573065,-0.009773371,Rays,-450,1.5,0.808408448,-0.009773371,0.222222222,-0.053753539,Alternate Runline - Game - 1.5,-0.1,,
8/16/2021,Mets,Rich Hill,Giants,Kevin Gausman,Alt TT,140,5.5,-185,5.5,3.401001357,5.00668311,0.416666667,0.649122807,0.385211928,0.614787989,-0.031454738,-0.034334818,Over,140,5.5,0.385211928,-0.031454738,1.4,-0.053922409,Team Total - San Francisco Giants - 5.5,-0.1,,
8/16/2021,Mets,Rich Hill,Giants,Kevin Gausman,Alt Total,160,10,-215,10,3.401001357,5.00668311,0.384615385,0.682539683,0.226531929,0.664927932,-0.158083456,-0.017611751,Under,-215,10,0.664927932,-0.017611751,0.465116279,-0.055477016,Alternate Total - Game - 10,-0.1,,
8/16/2021,Athletics,Frankie Montas,White Sox,Dallas Keuchel,TT,105,4.5,-135,4.5,4.982657916,4.453803964,0.487804878,0.574468085,0.459106131,0.540893857,-0.028698747,-0.033574229,Over,105,4.5,0.459106131,-0.028698747,1.05,-0.056030886,Team Total - Chicago White Sox - 4.5,-0.1,,
8/16/2021,Athletics,Frankie Montas,White Sox,Dallas Keuchel,F5RL,100,-0.5,-130,0.5,2.404373564,2.096703714,0.5,0.565217391,0.459820892,0.540179108,-0.040179108,-0.025038283,White Sox,-130,0.5,0.540179108,-0.025038283,0.769230769,-0.057588051,Runline - 5 Inning Line,-0.1,,
8/16/2021,Astros,Jake Odorizzi,Royals,Carlos Hernandez,Total,-115,10,-105,10,6.651556157,4.082034312,0.534883721,0.512195122,0.507944734,0.370107859,-0.026938987,-0.142087263,Over,-115,10,0.507944734,-0.026938987,0.869565217,-0.057918822,Total - Game,-0.1,,
8/16/2021,Angels,Jose Suarez,Yankees,Gerrit Cole,Alt Total,135,9.5,-180,9.5,3.953246688,4.89100788,0.425531915,0.642857143,0.392080653,0.607919289,-0.033451262,-0.034937854,Over,135,9.5,0.392080653,-0.033451262,1.35,-0.058229974,Alternate Total - Game - 9.5,-0.1,,
8/16/2021,Angels,Jose Suarez,Yankees,Gerrit Cole,Alt F5 Total,135,5.5,-180,5.5,1.94503057,3.09904739,0.425531915,0.642857143,0.39177309,0.60822691,-0.033758825,-0.034630233,Over,135,5.5,0.39177309,-0.033758825,1.35,-0.058765361,Alternate Total - 5 Inning Line - 5.5,-0.1,,
8/16/2021,Astros,Jake Odorizzi,Royals,Carlos Hernandez,Alt F5 Total,-145,5,110,5,3.093808857,2.985957689,0.591836735,0.476190476,0.567046066,0.274521459,-0.024790669,-0.201669018,Over,-145,5,0.567046066,-0.024790669,0.689655172,-0.060737139,Alternate Total - 5 Inning Line - 5,-0.1,,
8/16/2021,Orioles,Matt Harvey,Rays,Collin McHugh,Alt F5 Total,130,5.5,-170,5.5,2.194580909,2.856665777,0.434782609,0.62962963,0.393030683,0.606969317,-0.041751925,-0.022660313,Under,-170,5.5,0.606969317,-0.022660313,0.588235294,-0.061182845,Alternate Total - 5 Inning Line - 5.5,-0.1,,
8/16/2021,Indians,Cal Quantrill,Twins,Griffin Jax,TT,105,5,-135,5,6.703208084,5.396537082,0.487804878,0.574468085,0.453269076,0.373865155,-0.034535802,-0.20060293,Over,105,5,0.453269076,-0.034535802,1.05,-0.067427042,Team Total - Minnesota Twins - 5,-0.1,,
8/16/2021,Padres,Ryan Weathers,Rockies,Antonio Senzatela,Alt F5 Total,-125,7,-105,7,3.228158615,3.57643264,0.555555556,0.512195122,0.372196543,0.479214228,-0.183359013,-0.032980894,Under,-105,7,0.479214228,-0.032980894,0.952380952,-0.067610833,Alternate Total - 5 Inning Line - 7,-0.1,,
8/16/2021,Cubs,Justin Steele,Reds,Wade Miley,F5RL,120,0.5,-160,-0.5,2.15619383,3.185364704,0.454545455,0.615384615,0.412266531,0.587733469,-0.042278924,-0.027651146,Reds,-160,-0.5,0.587733469,-0.027651146,0.625,-0.07189298,Runline - 5 Inning Line,-0.1,,
8/16/2021,Orioles,Matt Harvey,Rays,Collin McHugh,Alt Total,-230,7,170,7,4.078348179,4.90764518,0.696969697,0.37037037,0.674460019,0.208059689,-0.022509678,-0.162310681,Over,-230,7,0.674460019,-0.022509678,0.434782609,-0.074281938,Alternate Total - Game - 7,-0.1,,
8/16/2021,Athletics,Frankie Montas,White Sox,Dallas Keuchel,Alt Total,155,10.5,-210,10.5,4.982657916,4.453803964,0.392156863,0.677419355,0.346838057,0.653161854,-0.045318806,-0.0242575,Under,-210,10.5,0.653161854,-0.0242575,0.476190476,-0.075198251,Alternate Total - Game - 10.5,-0.1,,
8/16/2021,Athletics,Frankie Montas,White Sox,Dallas Keuchel,Alt TT,135,5,-180,5,4.982657916,4.453803964,0.425531915,0.642857143,0.380996329,0.443541514,-0.044535586,-0.199315629,Over,135,5,0.380996329,-0.044535586,1.35,-0.077524908,Team Total - Oakland Athletics - 5,-0.1,,
8/16/2021,Angels,Jose Suarez,Yankees,Gerrit Cole,Alt Total,-215,7,160,7,3.953246688,4.89100788,0.682539683,0.384615385,0.657549949,0.221338,-0.024989733,-0.163277385,Over,-215,7,0.657549949,-0.024989733,0.465116279,-0.07871766,Alternate Total - Game - 7,-0.1,,
8/16/2021,Orioles,Matt Harvey,Rays,Josh Fleming,Alt TT,155,4,-210,4,3.861692993,4.90764518,0.392156863,0.677419355,0.344164365,0.460946432,-0.047992498,-0.216472923,Over,155,4,0.344164365,-0.047992498,1.55,-0.0789554,Team Total - Baltimore Orioles - 4,-0.1,,
8/16/2021,Astros,Jake Odorizzi,Royals,Carlos Hernandez,Alt F5 Total,120,6,-160,6,3.093808857,2.985957689,0.454545455,0.615384615,0.406507322,0.432953934,-0.048038133,-0.182430681,Over,120,6,0.406507322,-0.048038133,1.2,-0.08806991,Alternate Total - 5 Inning Line - 6,-0.1,,
8/16/2021,Cubs,Justin Steele,Reds,Wade Miley,Alt Total,155,11,-210,11,4.713588555,4.778646837,0.392156863,0.677419355,0.247182647,0.646287186,-0.144974215,-0.031132169,Under,-210,11,0.646287186,-0.031132169,0.476190476,-0.096509724,Alternate Total - Game - 11,-0.1,,
8/16/2021,Astros,Jake Odorizzi,Royals,Carlos Hernandez,Alt Total,125,11,-165,11,6.651556157,4.082034312,0.444444444,0.622641509,0.388957491,0.492048386,-0.055486954,-0.130593123,Over,125,11,0.388957491,-0.055486954,1.25,-0.099876517,Alternate Total - Game - 11,-0.1,,
8/16/2021,Astros,Jake Odorizzi,Royals,Carlos Hernandez,Alt TT,140,5,-185,5,6.651556157,4.082034312,0.416666667,0.649122807,0.227818898,0.6128146,-0.188847769,-0.036308207,Under,-185,5,0.6128146,-0.036308207,0.540540541,-0.103478389,Team Total - Kansas City Royals - 5,-0.15,,
8/16/2021,Indians,Cal Quantrill,Twins,Griffin Jax,Alt F5 Total,130,6,-170,6,2.812778972,3.055582627,0.434782609,0.62962963,0.37256333,0.467048754,-0.062219278,-0.162580875,Over,130,6,0.37256333,-0.062219278,1.3,-0.110080262,Alternate Total - 5 Inning Line - 6,-0.15,,
8/16/2021,Athletics,Frankie Montas,White Sox,Dallas Keuchel,Total,-110,9,-110,9,4.982657916,4.453803964,0.523809524,0.523809524,0.469900503,0.39968777,-0.053909021,-0.124121754,Over,-110,9,0.469900503,-0.053909021,0.909090909,-0.113208944,Total - Game,-0.15,,
8/16/2021,Angels,Jose Suarez,Yankees,Gerrit Cole,Alt RL,295,-1.5,-450,1.5,3.953246688,4.89100788,0.253164557,0.818181818,0.202900498,0.797099444,-0.050264059,-0.021082374,Yankees,-450,1.5,0.797099444,-0.021082374,0.222222222,-0.115953057,Alternate Runline - Game - 1.5,-0.15,,
8/16/2021,Angels,Jose Suarez,Yankees,Gerrit Cole,Alt Total,-135,8,105,8,3.953246688,4.89100788,0.574468085,0.487804878,0.523656787,0.342449993,-0.050811298,-0.145354885,Over,-135,8,0.523656787,-0.050811298,0.740740741,-0.11940655,Alternate Total - Game - 8,-0.15,,
8/16/2021,Orioles,Matt Harvey,Rays,Collin McHugh,Alt Total,-145,8,110,8,4.078348179,4.90764518,0.591836735,0.476190476,0.542500448,0.325539919,-0.049336286,-0.150650557,Over,-145,8,0.542500448,-0.049336286,0.689655172,-0.120873901,Alternate Total - Game - 8,-0.15,,
8/16/2021,Mets,Rich Hill,Giants,Kevin Gausman,Alt F5 Total,-160,4,120,4,1.551812181,2.693044222,0.615384615,0.454545455,0.418884158,0.387150981,-0.196500457,-0.067394474,Under,120,4,0.387150981,-0.067394474,1.2,-0.123556535,Alternate Total - 5 Inning Line - 4,-0.15,,
8/16/2021,Orioles,Matt Harvey,Rays,Collin McHugh,Alt Total,110,9,-145,9,4.078348179,4.90764518,0.476190476,0.591836735,0.410746246,0.457499489,-0.06544423,-0.134337246,Over,110,9,0.410746246,-0.06544423,1.1,-0.124938985,Alternate Total - Game - 9,-0.15,,
8/16/2021,Athletics,Frankie Montas,White Sox,Dallas Keuchel,Alt Total,135,10,-180,10,4.982657916,4.453803964,0.425531915,0.642857143,0.346838057,0.530099409,-0.078693858,-0.112757734,Over,135,10,0.346838057,-0.078693858,1.35,-0.136985605,Alternate Total - Game - 10,-0.15,,
8/16/2021,Athletics,Frankie Montas,White Sox,Dallas Keuchel,Alt F5 Total,-180,4,135,4,2.404373564,2.096703714,0.642857143,0.425531915,0.468100887,0.342114232,-0.174756256,-0.083417683,Under,135,4,0.342114232,-0.083417683,1.35,-0.145208558,Alternate Total - 5 Inning Line - 4,-0.15,,
8/16/2021,Angels,Jose Suarez,Yankees,Gerrit Cole,Alt F5 Total,-165,4,125,4,1.94503057,3.09904739,0.622641509,0.444444444,0.567206571,0.258892983,-0.055434938,-0.185551462,Over,-165,4,0.567206571,-0.055434938,0.606060606,-0.146902586,Alternate Total - 5 Inning Line - 4,-0.15,,
8/16/2021,Mets,Rich Hill,Giants,Kevin Gausman,TT,115,5,-150,5,3.401001357,5.00668311,0.465116279,0.6,0.385211928,0.439321402,-0.079904351,-0.160678598,Over,115,5,0.385211928,-0.079904351,1.15,-0.149386395,Team Total - San Francisco Giants - 5,-0.15,,
8/16/2021,Orioles,Matt Harvey,Rays,Josh Fleming,Alt Total,-230,7,170,7,3.861692993,4.90764518,0.696969697,0.37037037,0.648406203,0.228605943,-0.048563494,-0.141764428,Over,-230,7,0.648406203,-0.048563494,0.434782609,-0.160259532,Alternate Total - Game - 7,-0.2,,
8/16/2021,Mets,Rich Hill,Giants,Kevin Gausman,Alt Total,115,9,-150,9,3.401001357,5.00668311,0.465116279,0.6,0.335071986,0.535831678,-0.130044294,-0.064168322,Under,-150,9,0.535831678,-0.064168322,0.666666667,-0.160420805,Alternate Total - Game - 9,-0.2,,
8/16/2021,Angels,Jose Suarez,Yankees,Gerrit Cole,Alt Total,110,9,-145,9,3.953246688,4.89100788,0.476190476,0.591836735,0.392080653,0.476343155,-0.084109823,-0.11549358,Over,110,9,0.392080653,-0.084109823,1.1,-0.160573299,Alternate Total - Game - 9,-0.2,,
8/16/2021,Angels,Jose Suarez,Yankees,Gerrit Cole,Alt F5 Total,110,5,-145,5,1.94503057,3.09904739,0.476190476,0.591836735,0.39177309,0.432793429,-0.084417386,-0.159043306,Over,110,5,0.39177309,-0.084417386,1.1,-0.161160464,Alternate Total - 5 Inning Line - 5,-0.2,,
8/16/2021,Mets,Rich Hill,Giants,Kevin Gausman,Alt TT,-165,4,125,4,3.401001357,5.00668311,0.622641509,0.444444444,0.560678515,0.264089035,-0.061962994,-0.18035541,Over,-165,4,0.560678515,-0.061962994,0.606060606,-0.164201935,Team Total - San Francisco Giants - 4,-0.2,,
8/16/2021,Orioles,Matt Harvey,Rays,Collin McHugh,Alt F5 Total,-170,4,130,4,2.194580909,2.856665777,0.62962963,0.434782609,0.56845229,0.257905818,-0.06117734,-0.176876791,Over,-170,4,0.56845229,-0.06117734,0.588235294,-0.165178818,Alternate Total - 5 Inning Line - 4,-0.2,,
8/16/2021,Cubs,Justin Steele,Reds,Wade Miley,Alt Total,110,10,-145,10,4.713588555,4.778646837,0.476190476,0.591836735,0.353712745,0.522835646,-0.122477731,-0.069001089,Under,-145,10,0.522835646,-0.069001089,0.689655172,-0.169052667,Alternate Total - Game - 10,-0.2,,
8/16/2021,Orioles,Matt Harvey,Rays,Josh Fleming,Alt Total,110,9,-145,9,3.861692993,4.90764518,0.476190476,0.591836735,0.382231004,0.486408931,-0.093959472,-0.105427803,Over,110,9,0.382231004,-0.093959472,1.1,-0.179377174,Alternate Total - Game - 9,-0.2,,
8/16/2021,Orioles,Matt Harvey,Rays,Josh Fleming,Alt F5 Total,-170,4,130,4,2.158015437,2.856665777,0.62962963,0.434782609,0.562078996,0.262971104,-0.067550634,-0.171811504,Over,-170,4,0.562078996,-0.067550634,0.588235294,-0.182386711,Alternate Total - 5 Inning Line - 4,-0.2,,
8/16/2021,Orioles,Matt Harvey,Rays,Collin McHugh,Alt RL,295,-1.5,-450,1.5,4.078348179,4.90764518,0.253164557,0.818181818,0.215382942,0.784616996,-0.037781615,-0.033564822,Rays,-450,1.5,0.784616996,-0.033564822,0.222222222,-0.184606523,Alternate Runline - Game - 1.5,-0.2,,
8/16/2021,Orioles,Matt Harvey,Rays,Josh Fleming,Alt Total,155,10,-210,10,3.861692993,4.90764518,0.392156863,0.677419355,0.267036975,0.617768935,-0.125119888,-0.05965042,Under,-210,10,0.617768935,-0.05965042,0.476190476,-0.184916301,Alternate Total - Game - 10,-0.2,,
8/16/2021,Orioles,Matt Harvey,Rays,Collin McHugh,Alt F5 Total,105,5,-135,5,2.194580909,2.856665777,0.487804878,0.574468085,0.393030683,0.43154771,-0.094774195,-0.142920375,Over,105,5,0.393030683,-0.094774195,1.05,-0.185035333,Alternate Total - 5 Inning Line - 5,-0.2,,
8/16/2021,Cubs,Justin Steele,Reds,Wade Miley,Alt Total,-135,9,105,9,4.713588555,4.778646837,0.574468085,0.487804878,0.477164284,0.392780359,-0.097303801,-0.095024519,Under,105,9,0.392780359,-0.095024519,1.05,-0.18552406,Alternate Total - Game - 9,-0.2,,
8/16/2021,Orioles,Matt Harvey,Rays,Collin McHugh,Alt TT,-210,4,155,4,4.078348179,4.90764518,0.677419355,0.392156863,0.54315458,0.278230264,-0.134264775,-0.113926599,Under,155,4,0.278230264,-0.113926599,1.55,-0.18742763,Team Total - Tampa Bay Rays - 4,-0.2,,
8/16/2021,Orioles,Matt Harvey,Rays,Josh Fleming,Alt TT,-210,4,155,4,3.861692993,4.90764518,0.677419355,0.392156863,0.54315458,0.278230264,-0.134264775,-0.113926599,Under,155,4,0.278230264,-0.113926599,1.55,-0.18742763,Team Total - Tampa Bay Rays - 4,-0.2,,
8/16/2021,Angels,Jose Suarez,Yankees,Gerrit Cole,TT,-110,5,-120,5,3.953246688,4.89100788,0.523809524,0.545454545,0.364922382,0.459821587,-0.158887142,-0.085632959,Under,-120,5,0.459821587,-0.085632959,0.833333333,-0.188392509,Team Total - New York Yankees - 5,-0.2,,
8/16/2021,Orioles,Matt Harvey,Rays,Josh Fleming,Alt Total,-145,8,110,8,3.861692993,4.90764518,0.591836735,0.476190476,0.513591008,0.351593737,-0.078245727,-0.12459674,Over,-145,8,0.513591008,-0.078245727,0.689655172,-0.191702031,Alternate Total - Game - 8,-0.2,,
8/16/2021,Astros,Jake Odorizzi,Royals,Carlos Hernandez,TT,-125,4,-105,4,6.651556157,4.082034312,0.555555556,0.512195122,0.387185397,0.417609848,-0.168370159,-0.094585273,Under,-105,4,0.417609848,-0.094585273,0.952380952,-0.193899811,Team Total - Kansas City Royals - 4,-0.2,,
8/16/2021,Orioles,Matt Harvey,Rays,Collin McHugh,TT,-110,5,-120,5,4.078348179,4.90764518,0.523809524,0.545454545,0.367838677,0.45684536,-0.155970847,-0.088609185,Under,-120,5,0.45684536,-0.088609185,0.833333333,-0.194940208,Team Total - Tampa Bay Rays - 5,-0.2,,
8/16/2021,Orioles,Matt Harvey,Rays,Josh Fleming,TT,-110,5,-120,5,3.861692993,4.90764518,0.523809524,0.545454545,0.367838677,0.45684536,-0.155970847,-0.088609185,Under,-120,5,0.45684536,-0.088609185,0.833333333,-0.194940208,Team Total - Tampa Bay Rays - 5,-0.2,,
8/16/2021,Orioles,Matt Harvey,Rays,Josh Fleming,Alt F5 Total,105,5,-135,5,2.158015437,2.856665777,0.487804878,0.574468085,0.386615401,0.437921004,-0.101189477,-0.136547081,Over,105,5,0.386615401,-0.101189477,1.05,-0.197560408,Alternate Total - 5 Inning Line - 5,-0.2,,
8/16/2021,Cubs,Justin Steele,Reds,Wade Miley,Alt F5 Total,130,6,-170,6,2.15619383,3.185364704,0.434782609,0.62962963,0.289269271,0.556252935,-0.145513338,-0.073376695,Under,-170,6,0.556252935,-0.073376695,0.588235294,-0.198117075,Alternate Total - 5 Inning Line - 6,-0.2,,
8/16/2021,Angels,Jose Suarez,Yankees,Gerrit Cole,Alt TT,-200,4,150,4,3.953246688,4.89100788,0.666666667,0.4,0.540178357,0.280660175,-0.12648831,-0.119339825,Under,150,4,0.280660175,-0.119339825,1.5,-0.198899708,Team Total - New York Yankees - 4,-0.2,,
8/16/2021,Athletics,Frankie Montas,White Sox,Dallas Keuchel,TT,-125,4,-105,4,4.982657916,4.453803964,0.555555556,0.512195122,0.459106131,0.350149954,-0.096449424,-0.162045168,Over,-125,4,0.459106131,-0.096449424,0.8,-0.217011204,Team Total - Chicago White Sox - 4,-0.25,,
8/16/2021,Cubs,Justin Steele,Reds,Wade Miley,Alt Total,-210,8,155,8,4.713588555,4.778646837,0.677419355,0.392156863,0.607219571,0.269469302,-0.070199784,-0.12268756,Over,-210,8,0.607219571,-0.070199784,0.476190476,-0.21761933,Alternate Total - Game - 8,-0.25,,
8/16/2021,Mets,Rich Hill,Giants,Kevin Gausman,Alt Total,-130,8,100,8,3.401001357,5.00668311,0.565217391,0.5,0.464168239,0.397640683,-0.101049152,-0.102359317,Over,-130,8,0.464168239,-0.101049152,0.769230769,-0.23241305,Alternate Total - Game - 8,-0.25,,
8/16/2021,Mets,Rich Hill,Giants,Kevin Gausman,Alt Total,-210,7,155,7,3.401001357,5.00668311,0.677419355,0.392156863,0.602359234,0.266150501,-0.075060121,-0.126006362,Over,-210,7,0.602359234,-0.075060121,0.476190476,-0.232686374,Alternate Total - Game - 7,-0.25,,
8/16/2021,Angels,Jose Suarez,Yankees,Gerrit Cole,Alt Total,160,10,-215,10,3.953246688,4.89100788,0.384615385,0.682539683,0.27571137,0.607919289,-0.108904014,-0.074620394,Under,-215,10,0.607919289,-0.074620394,0.465116279,-0.23505424,Alternate Total - Game - 10,-0.25,,
8/16/2021,Mets,Rich Hill,Giants,Kevin Gausman,Alt TT,135,4,-180,4,3.401001357,5.00668311,0.425531915,0.642857143,0.256004446,0.558138154,-0.169527469,-0.084718989,Under,-180,4,0.558138154,-0.084718989,0.555555556,-0.237213168,Team Total - New York Mets - 4,-0.25,,
8/16/2021,Cubs,Justin Steele,Reds,Wade Miley,F5 Total,-125,5,-105,5,2.15619383,3.185364704,0.555555556,0.512195122,0.443747065,0.382733024,-0.111808491,-0.129462098,Over,-125,5,0.443747065,-0.111808491,0.8,-0.251569104,Total - 5 Inning Line,-0.3,,
8/16/2021,Mets,Rich Hill,Giants,Kevin Gausman,TT,-145,3,110,3,3.401001357,5.00668311,0.591836735,0.476190476,0.441861846,0.339546769,-0.149974889,-0.136643707,Under,110,3,0.339546769,-0.136643707,1.1,-0.26086526,Team Total - New York Mets - 3,-0.3,,
8/16/2021,Cubs,Justin Steele,Reds,Wade Miley,Alt F5 Total,-230,4,170,4,2.15619383,3.185364704,0.696969697,0.37037037,0.617266976,0.220308602,-0.079702721,-0.150061769,Over,-230,4,0.617266976,-0.079702721,0.434782609,-0.263018978,Alternate Total - 5 Inning Line - 4,-0.3,,
8/16/2021,Orioles,Matt Harvey,Rays,Collin McHugh,Alt Total,155,10,-210,10,4.078348179,4.90764518,0.392156863,0.677419355,0.292352007,0.589253692,-0.099804856,-0.088165663,Under,-210,10,0.589253692,-0.088165663,0.476190476,-0.273313556,Alternate Total - Game - 10,-0.3,,
8/16/2021,Athletics,Frankie Montas,White Sox,Dallas Keuchel,Alt TT,140,5,-185,5,4.982657916,4.453803964,0.416666667,0.649122807,0.289198942,0.540893857,-0.127467725,-0.10822895,Under,-185,5,0.540893857,-0.10822895,0.540540541,-0.308452509,Team Total - Chicago White Sox - 5,-0.35,,
