"gamedate","AwayTeam","HomeTeam","AwayStartingPitcher","HomeStartingPitcher","bet_type","AOY.Odds","AOY.SpreadTotal","HUN.Odds","HUN.SpreadTotal","AOY_ImpliedOdds","HUN_ImpliedOdds","Away_pred","Home_pred","AOY_ProjOdds1","HUN_ProjOdds1","AOY_ProjOdds2","HUN_ProjOdds2","AOY_ProjOdds","HUN_ProjOdds","AOY.Odds_Diff","HUN.Odds_Diff","Pick","Pick_Odds","Pick_SpreadTotal","Pick_WinProb","Pick_LoseProb","Pick_Edge","Fract_Odds","Kelly_Criteria","EV","Machine_Odds","KC_tier","EV_tier","bet_type_full","run_timestamp","OddsType"
2023-08-24,"Boston Red Sox","Houston Astros","Brayan Bello","J.P. France","F5 Alt RL",130,-0.5,-170,0.5,0.434782608695652,0.62962962962963,2.97667961967641,2.71576965087898,0.457354949237555,0.542645050750304,0.404936525032412,0.595063474967588,0.431145737134983,0.568854262858946,-0.00363687156066866,-0.0607753667706836,"Boston Red Sox",130,-0.5,0.431145737134983,0.568854262858946,-0.00363687156066866,1.3,-0.00643446506887541,-0.0836480458346749,132,"-0.05","-1","Alternate Runline - First 5 Innings - 0.5",2023-08-24 02:25:15,"Day Of"
2023-08-24,"Boston Red Sox","Houston Astros","Brayan Bello","J.P. France","FG Alt RL",160,-1.5,-215,1.5,0.384615384615385,0.682539682539683,5.38044881029339,4.60300447086962,0.406410273629318,0.593589441320968,0.390399534158921,0.609600465841079,0.398404903894119,0.601594953581024,0.0137895192787347,-0.0809447289586589,"Boston Red Sox",160,-1.5,0.398404903894119,0.601594953581024,0.0137895192787347,1.6,0.022407968827944,0.358528926495674,151,"0","0","Alternate Runline - Game - 1.5",2023-08-24 02:25:15,"Day Of"
2023-08-24,"Boston Red Sox","Houston Astros","Brayan Bello","J.P. France","FG Alt RL",-330,2.5,235,-2.5,0.767441860465116,0.298507462686567,5.38044881029339,4.60300447086962,0.853319989743839,0.146679725206447,0.672284921385242,0.327715078614758,0.762802455564541,0.237197401910602,-0.00463940490057557,-0.061310060775965,"Boston Red Sox",-330,2.5,0.762802455564541,0.237197401910602,-0.00463940490057557,0.303030303030303,-0.0199494410724749,-0.199489707404464,-322,"-0.05","-1","Alternate Runline - Game - 2.5",2023-08-24 02:25:15,"Day Of"
2023-08-24,"Boston Red Sox","Houston Astros","Brayan Bello","J.P. France","F5 Alt Total",-215,3.5,160,3.5,0.682539682539683,0.384615384615385,2.97667961967641,2.71576965087898,0.819170729414952,0.180829270572907,0.629704106388136,0.370295893611864,0.724437417901544,0.275562582092386,0.0418977353618615,-0.109052802522999,"Over",-215,3.5,0.724437417901544,0.275562582092386,0.0418977353618615,0.465116279069767,0.131977866389863,1.31977866402915,-263,"0.1","1","Alternate Total - First 5 Innings - 3.5",2023-08-24 02:25:15,"Day Of"
2023-08-24,"Boston Red Sox","Houston Astros","Brayan Bello","J.P. France","F5 Alt Total",-165,4,125,4,0.622641509433962,0.444444444444444,2.97667961967641,2.71576965087898,0.671672730762564,0.180829270572907,0.515157083592183,0.31707903489981,0.593414907177374,0.248954152736359,-0.0292266022565887,-0.195490291708086,"Over",-165,4,0.593414907177374,0.248954152736359,-0.0292266022565887,0.606060606060606,0.216817739223573,1.82640555162382,-205,"0.2","1","Alternate Total - First 5 Innings - 4",2023-08-24 02:25:15,"Day Of"
2023-08-24,"Boston Red Sox","Houston Astros","Brayan Bello","J.P. France","F5 Alt Total",110,5,-145,5,0.476190476190476,0.591836734693878,2.97667961967641,2.71576965087898,0.50374775579513,0.328327269225295,0.41165732179018,0.428535751839268,0.457702538792655,0.378431510532282,-0.018487937397821,-0.213405224161596,"Over",110,5,0.457702538792655,0.378431510532282,-0.018487937397821,1.1,0.135951756714122,1.25041282139639,-117,"0.1","1","Alternate Total - First 5 Innings - 5",2023-08-24 02:25:15,"Day Of"
2023-08-24,"Boston Red Sox","Houston Astros","Brayan Bello","J.P. France","F5 Alt Total",135,5.5,-180,5.5,0.425531914893617,0.642857142857143,2.97667961967641,2.71576965087898,0.50374775579513,0.496252244192729,0.442747303644174,0.557252696355826,0.473247529719652,0.526752470274277,0.0477156148260354,-0.116104672582866,"Over",135,5.5,0.473247529719652,0.526752470274277,0.0477156148260354,1.35,0.0830605146971728,1.12131694847254,111,"0.05","1","Alternate Total - First 5 Innings - 5.5",2023-08-24 02:25:15,"Day Of"
2023-08-24,"Boston Red Sox","Houston Astros","Brayan Bello","J.P. France","FG Alt Total",125,10,-165,10,0.444444444444444,0.622641509433962,5.38044881029339,4.60300447086962,0.414889813626943,0.46000158020039,0.346756888187759,0.531573403080074,0.380823350907351,0.495787491640232,-0.0636210935370934,-0.126854017793731,"Over",125,10,0.380823350907351,0.495787491640232,-0.0636210935370934,1.25,-0.0180315387828165,-0.197583030060428,126,"-0.05","-1","Alternate Total - Game - 10",2023-08-24 02:25:15,"Day Of"
2023-08-24,"Boston Red Sox","Houston Astros","Brayan Bello","J.P. France","FG Alt Total",145,10.5,-190,10.5,0.408163265306122,0.655172413793103,5.38044881029339,4.60300447086962,0.414889813626943,0.585109901323343,0.345289512709551,0.654710487290449,0.380089663168247,0.619910194306896,-0.0280736021378755,-0.0352622194862074,"Over",145,10.5,0.380089663168247,0.619910194306896,-0.0280736021378755,1.45,-0.0474347070605481,-0.687801827129378,163,"-0.05","-1","Alternate Total - Game - 10.5",2023-08-24 02:25:15,"Day Of"
2023-08-24,"Boston Red Sox","Houston Astros","Brayan Bello","J.P. France","FG Alt Total",-200,7.5,150,7.5,0.666666666666667,0.4,5.38044881029339,4.60300447086962,0.778284851909909,0.221714863040377,0.588179023146465,0.411820976853535,0.683231937528187,0.316767919946956,0.0165652708615206,-0.0832320800530444,"Over",-200,7.5,0.683231937528187,0.316767919946956,0.0165652708615206,0.5,0.0496958125845617,0.49696097634276,-216,"0","0","Alternate Total - Game - 7.5",2023-08-24 02:25:15,"Day Of"
2023-08-24,"Boston Red Sox","Houston Astros","Brayan Bello","J.P. France","FG Alt Total",-170,8,130,8,0.62962962962963,0.434782608695652,5.38044881029339,4.60300447086962,0.665313812200914,0.221714863040377,0.498152517625776,0.365788562424482,0.581733164913345,0.293751712732429,-0.0478964647162846,-0.141030895963223,"Over",-170,8,0.581733164913345,0.293751712732429,-0.0478964647162846,0.588235294117647,0.094068161964914,0.823552532682156,-181,"0.05","0","Alternate Total - Game - 8",2023-08-24 02:25:15,"Day Of"
2023-08-24,"Boston Red Sox","Houston Astros","Brayan Bello","J.P. France","FG Alt Total",-145,8.5,110,8.5,0.591836734693878,0.476190476190476,5.38044881029339,4.60300447086962,0.665313812200914,0.334685902749372,0.525794351397847,0.474205648602153,0.595554081799381,0.404445775675762,0.00371734710550298,-0.0717447005147138,"Over",-145,8.5,0.595554081799381,0.404445775675762,0.00371734710550298,0.689655172413793,0.00910750040848239,0.0910770706952508,-147,"0","0","Alternate Total - Game - 8.5",2023-08-24 02:25:15,"Day Of"
2023-08-24,"Boston Red Sox","Houston Astros","Brayan Bello","J.P. France","FG Alt Total",105,9.5,-135,9.5,0.48780487804878,0.574468085106383,5.38044881029339,4.60300447086962,0.539998134749896,0.46000158020039,0.440432539986028,0.559567460013972,0.490215337367962,0.509784520107181,0.0024104593191816,-0.0646835649992021,"Over",105,9.5,0.490215337367962,0.509784520107181,0.0024104593191816,1.05,0.00470613486125913,0.0494158412917924,104,"0","0","Alternate Total - Game - 9.5",2023-08-24 02:25:15,"Day Of"
2023-08-24,"Boston Red Sox","Houston Astros","Brayan Bello","J.P. France","Team RFI",205,,-280,,0.327868852459016,0.736842105263158,0.617661231189307,0.546298611650068,0.460795962350283,0.539204037649717,0.351017522445664,0.648982477554336,0.405906742397973,0.594093257602027,0.0780378899389571,-0.142748847661131,"Yes",205,,0.405906742397973,0.594093257602027,0.0780378899389571,2.05,0.116105153323814,2.38015564313819,146,"0.1","2","Boston Red Sox To Score - 1st Inning",2023-08-24 02:25:15,"Day Of"
2023-08-24,"Boston Red Sox","Houston Astros","Brayan Bello","J.P. France","Team RFI",185,,-250,,0.350877192982456,0.714285714285714,0.617661231189307,0.546298611650068,0.42091071724643,0.57908928275357,0.350397616521117,0.649602383478883,0.385654166883774,0.614345833116226,0.0347769739013177,-0.099939881169488,"Yes",185,,0.385654166883774,0.614345833116226,0.0347769739013177,1.85,0.0535753381723001,0.991143756187553,159,"0.05","0","Houston Astros To Score - 1st Inning",2023-08-24 02:25:15,"Day Of"
2023-08-24,"Boston Red Sox","Houston Astros","Brayan Bello","J.P. France","F5 ML",100,,-130,,0.5,0.565217391304348,2.97667961967641,2.71576965087898,0.542561895635179,0.45743810435268,0.344447845412481,0.480163972474372,0.44350487052383,0.468801038413526,-0.05649512947617,-0.096416352890822,"Boston Red Sox",100,,0.44350487052383,0.468801038413526,-0.05649512947617,1,-0.0277277255818287,-0.252961678896958,105,"-0.05","-1","Moneyline - First 5 Innings",2023-08-24 02:25:15,"Day Of"
2023-08-24,"Boston Red Sox","Houston Astros","Brayan Bello","J.P. France","FG ML",106,,-126,,0.485436893203884,0.557522123893805,5.38044881029339,4.60300447086962,0.596031000303795,0.403968714646491,0.506655269270413,0.493344730729587,0.551343134787104,0.448656722688039,0.0659062415832206,-0.108865401205766,"Boston Red Sox",106,,0.551343134787104,0.448656722688039,0.0659062415832206,1.06,0.128081941190032,1.35767000186291,-123,"0.1","1","Moneyline - Game",2023-08-24 02:25:15,"Day Of"
2023-08-24,"Boston Red Sox","Houston Astros","Brayan Bello","J.P. France","F5 RL",-135,0.5,105,-0.5,0.574468085106383,0.48780487804878,2.97667961967641,2.71576965087898,0.627768842032803,0.372231157955056,0.485478733390181,0.514521266609819,0.556623787711492,0.443376212282437,-0.0178442973948908,-0.0444286657663431,"Boston Red Sox",-135,0.5,0.556623787711492,0.443376212282437,-0.0178442973948908,0.740740740740741,-0.0419340988779933,-0.419340988697983,-126,"-0.05","-1","Runline - First 5 Innings",2023-08-24 02:25:15,"Day Of"
2023-08-24,"Boston Red Sox","Houston Astros","Brayan Bello","J.P. France","FG RL",-185,1.5,160,-1.5,0.649122807017544,0.384615384615385,5.38044881029339,4.60300447086962,0.767234069590993,0.232765645359292,0.59198969084725,0.40801030915275,0.679611880219122,0.320387977256021,0.030489073201578,-0.0642274073593636,"Boston Red Sox",-185,1.5,0.679611880219122,0.320387977256021,0.030489073201578,0.540540540540541,0.0868938586244972,0.868941222954829,-212,"0.05","0","Runline - Game",2023-08-24 02:25:15,"Day Of"
2023-08-24,"Boston Red Sox","Houston Astros","Brayan Bello","J.P. France","F5 Alt TT",-165,1.5,125,1.5,0.622641509433962,0.444444444444444,2.97667961967641,2.71576965087898,0.797341384968533,0.202658615021236,0.607523080103147,0.392476919896853,0.70243223253584,0.297567767459044,0.0797907231018775,-0.1468766769854,"Over",-165,1.5,0.70243223253584,0.297567767459044,0.0797907231018775,0.606060606060606,0.211445416219975,2.11445416228417,-236,"0.2","2","Team Total - Boston Red Sox - First 5 Innings - 1.5",2023-08-24 02:25:15,"Day Of"
2023-08-24,"Boston Red Sox","Houston Astros","Brayan Bello","J.P. France","FG TT",100,4.5,-130,4.5,0.5,0.565217391304348,5.38044881029339,4.60300447086962,0.623552472854035,0.376447262852797,0.474719626372412,0.525280373627588,0.549136049613223,0.450863818240193,0.0491360496132234,-0.114353573064155,"Over",100,4.5,0.549136049613223,0.450863818240193,0.0491360496132234,1,0.0982720992264468,0.982722313730306,-122,"0.05","0","Team Total - Boston Red Sox - Game - 4.5",2023-08-24 02:25:15,"Day Of"
2023-08-24,"Boston Red Sox","Houston Astros","Brayan Bello","J.P. France","F5 TT",105,2.5,-135,2.5,0.48780487804878,0.574468085106383,2.97667961967641,2.71576965087898,0.510230577456141,0.48976942254195,0.474472973784681,0.525527026215319,0.492351775620411,0.507648224378635,0.00454689757163029,-0.0668198607277483,"Over",105,2.5,0.492351775620411,0.507648224378635,0.00454689757163029,1.05,0.00887727621127813,0.0932114002279647,103,"0","0","Team Total - Houston Astros - First 5 Innings - 2.5",2023-08-24 02:25:15,"Day Of"
2023-08-24,"Boston Red Sox","Houston Astros","Brayan Bello","J.P. France","FG TT",-110,4.5,-120,4.5,0.523809523809524,0.545454545454545,5.38044881029339,4.60300447086962,0.487329289468379,0.512670689775069,0.475944794484828,0.524055205515172,0.481637041976603,0.518362947645121,-0.0421724818329204,-0.0270915978094247,"Under",-120,4.5,0.518362947645121,0.481637041976603,-0.0270915978094247,0.833333333333333,-0.0596015151807343,-0.596015027268034,-108,"-0.1","-1","Team Total - Houston Astros - Game - 4.5",2023-08-24 02:25:15,"Day Of"
2023-08-24,"Boston Red Sox","Houston Astros","Brayan Bello","J.P. France","F5 Total",-120,4.5,-110,4.5,0.545454545454545,0.523809523809524,2.97667961967641,2.71576965087898,0.671672730762564,0.328327269225295,0.544814619783644,0.455185380216356,0.608243675273104,0.391756324720826,0.0627891298185583,-0.132053199088698,"Over",-120,4.5,0.608243675273104,0.391756324720826,0.0627891298185583,0.833333333333333,0.138136085600828,1.38136085608113,-155,"0.1","1","Total - First 5 Innings",2023-08-24 02:25:15,"Day Of"
2023-08-24,"Boston Red Sox","Houston Astros","Brayan Bello","J.P. France","FG Total",-110,9,-110,9,0.523809523809524,0.523809523809524,5.38044881029339,4.60300447086962,0.539998134749896,0.334685902749372,0.409673863958048,0.429018734761861,0.474835999353972,0.381852318755616,-0.0489735244555515,-0.141957205053908,"Over",-110,9,0.474835999353972,0.381852318755616,-0.0489735244555515,0.909090909090909,0.0639654440995713,0.547984487227946,-121,"0.05","0","Total - Game",2023-08-24 02:25:15,"Day Of"
2023-08-24,"Cincinnati Reds","Arizona Diamondbacks","Brandon Williamson","Merrill Kelly","F5 Alt RL",170,-0.5,-230,0.5,0.37037037037037,0.696969696969697,2.22962997905874,2.89016867756466,0.300592986088893,0.699407013905081,0.305312768766647,0.694687231233353,0.30295287742777,0.697047122569217,-0.0674174929426004,7.74255995197315e-05,"Arizona Diamondbacks",-230,0.5,0.697047122569217,0.30295287742777,7.74255995197315e-05,0.434782608695652,0.000255504478415358,0.00255504485345881,-230,"0","0","Alternate Runline - First 5 Innings - 0.5",2023-08-24 02:25:15,"Day Of"
2023-08-24,"Cincinnati Reds","Arizona Diamondbacks","Brandon Williamson","Merrill Kelly","FG Alt RL",210,-1.5,-290,1.5,0.32258064516129,0.743589743589744,4.14609894938599,5.01182352907616,0.214065763364708,0.785934148806217,0.324760281908802,0.675239718091198,0.269413022636755,0.730586933448708,-0.0531676225245354,-0.0130028101410358,"Arizona Diamondbacks",-290,1.5,0.730586933448708,0.269413022636755,-0.0130028101410358,0.344827586206897,-0.0507109595500393,-0.507108321978813,-271,"-0.1","-1","Alternate Runline - Game - 1.5",2023-08-24 02:25:15,"Day Of"
2023-08-24,"Cincinnati Reds","Arizona Diamondbacks","Brandon Williamson","Merrill Kelly","FG Alt RL",-245,2.5,180,-2.5,0.710144927536232,0.357142857142857,4.14609894938599,5.01182352907616,0.709989506920079,0.290010405250846,0.652091829409459,0.347908170590541,0.681040668164769,0.318959287920694,-0.029104259371463,-0.0381835692221635,"Cincinnati Reds",-245,2.5,0.681040668164769,0.318959287920694,-0.029104259371463,0.408163265306122,-0.100409694831547,-1.0040958724093,-214,"-0.15","-2","Alternate Runline - Game - 2.5",2023-08-24 02:25:15,"Day Of"
2023-08-24,"Cincinnati Reds","Arizona Diamondbacks","Brandon Williamson","Merrill Kelly","F5 Alt Total",-200,3.5,150,3.5,0.666666666666667,0.4,2.22962997905874,2.89016867756466,0.75138952636625,0.248610473627724,0.626727207354586,0.373272792645414,0.689058366860418,0.310941633136569,0.0223917001937511,-0.089058366863431,"Over",-200,3.5,0.689058366860418,0.310941633136569,0.0223917001937511,0.5,0.0671751005812533,0.671751005872797,-222,"0.05","0","Alternate Total - First 5 Innings - 3.5",2023-08-24 02:25:15,"Day Of"
2023-08-24,"Cincinnati Reds","Arizona Diamondbacks","Brandon Williamson","Merrill Kelly","F5 Alt Total",-160,4,120,4,0.615384615384615,0.454545454545455,2.22962997905874,2.89016867756466,0.580269837661248,0.248610473627724,0.480650115089149,0.341855097917407,0.530459976375199,0.295232785772565,-0.0849246390094168,-0.159312668772889,"Over",-160,4,0.530459976375199,0.295232785772565,-0.0849246390094168,0.625,0.0703500403564142,0.580875191390944,-162,"0.05","0","Alternate Total - First 5 Innings - 4",2023-08-24 02:25:15,"Day Of"
2023-08-24,"Cincinnati Reds","Arizona Diamondbacks","Brandon Williamson","Merrill Kelly","F5 Alt Total",115,5,-150,5,0.465116279069767,0.6,2.22962997905874,2.89016867756466,0.405050167190511,0.419730162332725,0.394535160945782,0.440433243075532,0.399792664068147,0.430081702704129,-0.0653236150016209,-0.169918297295871,"Over",115,5,0.399792664068147,0.430081702704129,-0.0653236150016209,1.15,0.0310993757532103,0.296798609742396,106,"0","0","Alternate Total - First 5 Innings - 5",2023-08-24 02:25:15,"Day Of"
2023-08-24,"Cincinnati Reds","Arizona Diamondbacks","Brandon Williamson","Merrill Kelly","F5 Alt Total",140,5.5,-185,5.5,0.416666666666667,0.649122807017544,2.22962997905874,2.89016867756466,0.405050167190511,0.594949832803462,0.44003909440058,0.55996090559942,0.422544630795546,0.577455369201441,0.00587796412887914,-0.0716674378161031,"Over",140,5.5,0.422544630795546,0.577455369201441,0.00587796412887914,1.4,0.0100765099352213,0.141071139123234,137,"0","0","Alternate Total - First 5 Innings - 5.5",2023-08-24 02:25:15,"Day Of"
2023-08-24,"Cincinnati Reds","Arizona Diamondbacks","Brandon Williamson","Merrill Kelly","FG Alt Total",140,10,-185,10,0.416666666666667,0.649122807017544,4.14609894938599,5.01182352907616,0.312893664600752,0.566610589405502,0.34953352856303,0.534583128092144,0.331213596581891,0.550596858748823,-0.0854530700847753,-0.0985259482687209,"Over",140,10,0.331213596581891,0.550596858748823,-0.0854530700847753,1.4,-0.0703891336032114,-0.868978235341751,156,"-0.1","-1","Alternate Total - Game - 10",2023-08-24 02:25:15,"Day Of"
2023-08-24,"Cincinnati Reds","Arizona Diamondbacks","Brandon Williamson","Merrill Kelly","FG Alt Total",155,10.5,-210,10.5,0.392156862745098,0.67741935483871,4.14609894938599,5.01182352907616,0.312893664600752,0.687106247570173,0.402018316999536,0.597981683000464,0.357455990800144,0.642543965285318,-0.0347008719449537,-0.0348753895533914,"Over",155,10.5,0.357455990800144,0.642543965285318,-0.0347008719449537,1.55,-0.0570885312642787,-0.884871795450945,180,"-0.1","-1","Alternate Total - Game - 10.5",2023-08-24 02:25:15,"Day Of"
2023-08-24,"Cincinnati Reds","Arizona Diamondbacks","Brandon Williamson","Merrill Kelly","FG Alt Total",-185,7.5,140,7.5,0.649122807017544,0.416666666666667,4.14609894938599,5.01182352907616,0.694271031281302,0.305728880889623,0.561208386468015,0.438791613531985,0.627739708874658,0.372260247210804,-0.0213830981428854,-0.0444064194558626,"Over",-185,7.5,0.627739708874658,0.372260247210804,-0.0213830981428854,0.540540540540541,-0.0609418297072234,-0.60941748465329,-169,"-0.1","-1","Alternate Total - Game - 7.5",2023-08-24 02:25:15,"Day Of"
2023-08-24,"Cincinnati Reds","Arizona Diamondbacks","Brandon Williamson","Merrill Kelly","FG Alt Total",-160,8,120,8,0.615384615384615,0.454545454545455,4.14609894938599,5.01182352907616,0.564964642875476,0.305728880889623,0.47661203825982,0.393620826432376,0.520788340567648,0.349674853660999,-0.0945962748169676,-0.104870600884455,"Over",-160,8,0.520788340567648,0.349674853660999,-0.0945962748169676,0.625,-0.0444492375398335,-0.386914252899513,-141,"-0.05","-1","Alternate Total - Game - 8",2023-08-24 02:25:15,"Day Of"
2023-08-24,"Cincinnati Reds","Arizona Diamondbacks","Brandon Williamson","Merrill Kelly","FG Alt Total",-130,8.5,100,8.5,0.565217391304348,0.5,4.14609894938599,5.01182352907616,0.564964642875476,0.435035269295449,0.530344323394747,0.469655676605253,0.547654483135112,0.452345472950351,-0.0175629081692361,-0.0476545270496491,"Over",-130,8.5,0.547654483135112,0.452345472950351,-0.0175629081692361,0.769230769230769,-0.0403946887892432,-0.403946317003446,-121,"-0.05","-1","Alternate Total - Game - 8.5",2023-08-24 02:25:15,"Day Of"
2023-08-24,"Cincinnati Reds","Arizona Diamondbacks","Brandon Williamson","Merrill Kelly","FG Alt Total",120,9.5,-160,9.5,0.454545454545455,0.615384615384615,4.14609894938599,5.01182352907616,0.433389322765423,0.566610589405502,0.414575030723922,0.585424969276078,0.423982176744673,0.57601777934079,-0.030563277800782,-0.0393668360438253,"Over",120,9.5,0.423982176744673,0.57601777934079,-0.030563277800782,1.2,-0.0560326759681003,-0.672391672471831,136,"-0.1","-1","Alternate Total - Game - 9.5",2023-08-24 02:25:15,"Day Of"
2023-08-24,"Cincinnati Reds","Arizona Diamondbacks","Brandon Williamson","Merrill Kelly","Team RFI",170,,-230,,0.37037037037037,0.696969696969697,0.458405632358637,0.592565696087449,0.447093127658653,0.552906872341347,0.357398595544445,0.642601404455555,0.402245861601549,0.597754138398451,0.0318754912311783,-0.0992155585712455,"Yes",170,,0.402245861601549,0.597754138398451,0.0318754912311783,1.7,0.0506257801906949,0.860638263241812,149,"0.05","0","Arizona Diamondbacks To Score - 1st Inning",2023-08-24 02:25:15,"Day Of"
2023-08-24,"Cincinnati Reds","Arizona Diamondbacks","Brandon Williamson","Merrill Kelly","Team RFI",230,,-320,,0.303030303030303,0.761904761904762,0.458405632358637,0.592565696087449,0.367709053485471,0.632290946514529,0.294834748160867,0.705165251839133,0.331271900823169,0.668728099176831,0.0282415977928659,-0.0931766627279308,"Yes",230,,0.331271900823169,0.668728099176831,0.0282415977928659,2.3,0.0405205533549817,0.931972727164577,202,"0","0","Cincinnati Reds To Score - 1st Inning",2023-08-24 02:25:15,"Day Of"
2023-08-24,"Cincinnati Reds","Arizona Diamondbacks","Brandon Williamson","Merrill Kelly","F5 ML",135,,-180,,0.425531914893617,0.642857142857143,2.22962997905874,2.89016867756466,0.387806415048416,0.612193584945558,0.303142247806514,0.500169504544289,0.345474331427465,0.556181544744923,-0.0800575834661522,-0.0866755981122195,"Cincinnati Reds",135,,0.345474331427465,0.556181544744923,-0.0800575834661522,1.35,-0.0737664998043031,-0.897911973178459,153,"-0.1","-1","Moneyline - First 5 Innings",2023-08-24 02:25:15,"Day Of"
2023-08-24,"Cincinnati Reds","Arizona Diamondbacks","Brandon Williamson","Merrill Kelly","FG ML",141,,-170,,0.4149377593361,0.62962962962963,4.14609894938599,5.01182352907616,0.388823217067228,0.611176695103697,0.441296339661046,0.558703660338954,0.415059778364137,0.584940177721326,0.000122019028037434,-0.044689451908304,"Cincinnati Reds",141,,0.415059778364137,0.584940177721326,0.000122019028037434,1.41,0.000208557345794541,0.00294109772107554,141,"0","0","Moneyline - Game",2023-08-24 02:25:15,"Day Of"
2023-08-24,"Cincinnati Reds","Arizona Diamondbacks","Brandon Williamson","Merrill Kelly","F5 RL",-105,0.5,-125,-0.5,0.51219512195122,0.555555555555556,2.22962997905874,2.89016867756466,0.475019844007939,0.524980155986035,0.464045367117217,0.535954632882783,0.469532605562578,0.530467394434409,-0.0426625163886418,-0.0250881611211466,"Arizona Diamondbacks",-125,-0.5,0.530467394434409,0.469532605562578,-0.0250881611211466,0.8,-0.0564483625225799,-0.564483625188132,-113,"-0.1","-1","Runline - First 5 Innings",2023-08-24 02:25:15,"Day Of"
2023-08-24,"Cincinnati Reds","Arizona Diamondbacks","Brandon Williamson","Merrill Kelly","FG RL",-145,1.5,125,-1.5,0.591836734693878,0.444444444444444,4.14609894938599,5.01182352907616,0.586636624376266,0.413363287794659,0.5890024200268,0.4109975799732,0.587819522201533,0.412180433883929,-0.00401721249234444,-0.032264010560515,"Cincinnati Reds",-145,1.5,0.587819522201533,0.412180433883929,-0.00401721249234444,0.689655172413793,-0.00984217060624384,-0.0984210693016454,-143,"-0.05","-1","Runline - Game",2023-08-24 02:25:15,"Day Of"
2023-08-24,"Cincinnati Reds","Arizona Diamondbacks","Brandon Williamson","Merrill Kelly","F5 TT",-105,2.5,-125,2.5,0.51219512195122,0.555555555555556,2.22962997905874,2.89016867756466,0.551758637456855,0.448241362537167,0.542875707469536,0.457124292530464,0.547317172463195,0.452682827533815,0.0351220505119758,-0.10287272802174,"Over",-105,2.5,0.547317172463195,0.452682827533815,0.0351220505119758,0.952380952380952,0.0720002035495503,0.720002035526893,-121,"0.05","0","Team Total - Arizona Diamondbacks - First 5 Innings - 2.5",2023-08-24 02:25:15,"Day Of"
2023-08-24,"Cincinnati Reds","Arizona Diamondbacks","Brandon Williamson","Merrill Kelly","FG TT",-125,4.5,-105,4.5,0.555555555555556,0.51219512195122,4.14609894938599,5.01182352907616,0.561578815472161,0.438421100256505,0.504833310875882,0.495166689124118,0.533206063174022,0.466793894690312,-0.0223494923815339,-0.0454012272609079,"Over",-125,4.5,0.533206063174022,0.466793894690312,-0.0223494923815339,0.8,-0.0502863578584513,-0.50286305188868,-114,"-0.1","-1","Team Total - Arizona Diamondbacks - Game - 4.5",2023-08-24 02:25:15,"Day Of"
2023-08-24,"Cincinnati Reds","Arizona Diamondbacks","Brandon Williamson","Merrill Kelly","F5 TT",-130,1.5,100,1.5,0.565217391304348,0.5,2.22962997905874,2.89016867756466,0.65259443487773,0.347405565122222,0.515559383429699,0.484440616570301,0.584076909153714,0.415923090846262,0.0188595178493667,-0.0840769091537385,"Over",-130,1.5,0.584076909153714,0.415923090846262,0.0188595178493667,0.769230769230769,0.0433768910535433,0.433768910535745,-140,"0","0","Team Total - Cincinnati Reds - First 5 Innings - 1.5",2023-08-24 02:25:15,"Day Of"
2023-08-24,"Cincinnati Reds","Arizona Diamondbacks","Brandon Williamson","Merrill Kelly","FG TT",-130,3.5,100,3.5,0.565217391304348,0.5,4.14609894938599,5.01182352907616,0.594539606735414,0.405460389706844,0.519434365851299,0.480565634148701,0.556986986293356,0.443013011927773,-0.0082304050109917,-0.0569869880722271,"Over",-130,3.5,0.556986986293356,0.443013011927773,-0.0082304050109917,0.769230769230769,-0.0189299315252811,-0.189299292127488,-126,"-0.05","-1","Team Total - Cincinnati Reds - Game - 3.5",2023-08-24 02:25:15,"Day Of"
2023-08-24,"Cincinnati Reds","Arizona Diamondbacks","Brandon Williamson","Merrill Kelly","F5 Total",-115,4.5,-115,4.5,0.534883720930233,0.534883720930233,2.22962997905874,2.89016867756466,0.580269837661248,0.419730162332725,0.517141379683107,0.482858620316893,0.548705608672178,0.451294391324809,0.013821887741945,-0.0835893296054233,"Over",-115,4.5,0.548705608672178,0.451294391324809,0.013821887741945,0.869565217391304,0.0297170586451816,0.29717058648647,-122,"0","0","Total - First 5 Innings",2023-08-24 02:25:15,"Day Of"
2023-08-24,"Cincinnati Reds","Arizona Diamondbacks","Brandon Williamson","Merrill Kelly","FG Total",100,9,-120,9,0.5,0.545454545454545,4.14609894938599,5.01182352907616,0.433389322765423,0.435035269295449,0.398105773750718,0.449161594237659,0.415747548258071,0.442098431766554,-0.0842524517419293,-0.103356113687991,"Over",100,9,0.415747548258071,0.442098431766554,-0.0842524517419293,1,-0.0307174995536229,-0.263508835084836,105,"-0.05","-1","Total - Game",2023-08-24 02:25:15,"Day Of"
2023-08-24,"Oakland Athletics","Chicago White Sox","Ken Waldichuk","Jesse Scholtens","F5 Alt RL",150,-0.5,-200,0.5,0.4,0.666666666666667,2.66596426321807,3.15506782547339,0.338279428131024,0.661720571838288,0.475759314789176,0.524240685210824,0.4070193714601,0.592980628524556,0.00701937146010034,-0.0736860381421108,"Oakland Athletics",150,-0.5,0.4070193714601,0.592980628524556,0.00701937146010034,1.5,0.0116989524335006,0.175484286655948,146,"0","0","Alternate Runline - First 5 Innings - 0.5",2023-08-24 02:25:15,"Day Of"
2023-08-24,"Oakland Athletics","Chicago White Sox","Ken Waldichuk","Jesse Scholtens","FG Alt RL",190,-1.5,-260,1.5,0.344827586206897,0.722222222222222,5.28106101498348,5.24674143568241,0.323109681071738,0.67688994600698,0.410350449054747,0.589649550945253,0.366730065063242,0.633269748476117,0.0219024788563458,-0.0889524737461055,"Oakland Athletics",190,-1.5,0.366730065063242,0.633269748476117,0.0219024788563458,1.9,0.0334300993070542,0.635173751440437,173,"0","0","Alternate Runline - Game - 1.5",2023-08-24 02:25:15,"Day Of"
2023-08-24,"Oakland Athletics","Chicago White Sox","Ken Waldichuk","Jesse Scholtens","FG Alt RL",-260,2.5,190,-2.5,0.722222222222222,0.344827586206897,5.28106101498348,5.24674143568241,0.785788422759891,0.214211204318827,0.692718754742249,0.307281245257751,0.73925358875107,0.260746224788289,0.017031366528848,-0.0840813614186078,"Oakland Athletics",-260,2.5,0.73925358875107,0.260746224788289,0.017031366528848,0.384615384615385,0.0613129195038528,0.613134043015194,-284,"0.05","0","Alternate Runline - Game - 2.5",2023-08-24 02:25:15,"Day Of"
2023-08-24,"Oakland Athletics","Chicago White Sox","Ken Waldichuk","Jesse Scholtens","F5 Alt Total",-210,4,155,4,0.67741935483871,0.392156862745098,2.66596426321807,3.15506782547339,0.690274292034874,0.167902724654229,0.520674402923477,0.318232830626602,0.605474347479176,0.243067777640415,-0.0719450073595341,-0.149089085104683,"Over",-210,4,0.605474347479176,0.243067777640415,-0.0719450073595341,0.476190476190476,0.111994456870259,0.950320144343033,-214,"0.1","0","Alternate Total - First 5 Innings - 4",2023-08-24 02:25:15,"Day Of"
2023-08-24,"Oakland Athletics","Chicago White Sox","Ken Waldichuk","Jesse Scholtens","F5 Alt Total",-145,4.5,110,4.5,0.591836734693878,0.476190476190476,2.66596426321807,3.15506782547339,0.690274292034874,0.309725707934439,0.574423087105384,0.425576912894616,0.632348689570129,0.367651310414528,0.0405119548762511,-0.108539165775949,"Over",-145,4.5,0.632348689570129,0.367651310414528,0.0405119548762511,0.689655172413793,0.0992542894468154,0.992542894690637,-172,"0.05","0","Alternate Total - First 5 Innings - 4.5",2023-08-24 02:25:15,"Day Of"
2023-08-24,"Oakland Athletics","Chicago White Sox","Ken Waldichuk","Jesse Scholtens","F5 Alt Total",110,5.5,-145,5.5,0.476190476190476,0.591836734693878,2.66596426321807,3.15506782547339,0.525163064717262,0.47483693525205,0.492240460003391,0.507759539996609,0.508701762360327,0.491298237624329,0.0325112861698507,-0.100538497069548,"Over",110,5.5,0.508701762360327,0.491298237624329,0.0325112861698507,1.1,0.0620670008697148,0.6827370097203,-104,"0.05","0","Alternate Total - First 5 Innings - 5.5",2023-08-24 02:25:15,"Day Of"
2023-08-24,"Oakland Athletics","Chicago White Sox","Ken Waldichuk","Jesse Scholtens","FG Alt Total",100,10,-130,10,0.5,0.565217391304348,5.28106101498348,5.24674143568241,0.482695721368618,0.393866232604969,0.396480719451436,0.48283710407787,0.439588220410027,0.438351668341419,-0.060411779589973,-0.126865722962929,"Over",100,10,0.439588220410027,0.438351668341419,-0.060411779589973,1,0.00140847008371647,0.0123655206860773,-100,"0","0","Alternate Total - Game - 10",2023-08-24 02:25:15,"Day Of"
2023-08-24,"Oakland Athletics","Chicago White Sox","Ken Waldichuk","Jesse Scholtens","FG Alt Total",115,10.5,-150,10.5,0.465116279069767,0.6,5.28106101498348,5.24674143568241,0.482695721368618,0.5173039057101,0.424804067048067,0.575195932951933,0.453749894208343,0.546249919331016,-0.0113663848614247,-0.0537500806689837,"Over",115,10.5,0.453749894208343,0.546249919331016,-0.0113663848614247,1.15,-0.0212501977844025,-0.244375409914221,120,"-0.05","-1","Alternate Total - Game - 10.5",2023-08-24 02:25:15,"Day Of"
2023-08-24,"Oakland Athletics","Chicago White Sox","Ken Waldichuk","Jesse Scholtens","FG Alt Total",145,11,-190,11,0.408163265306122,0.655172413793103,5.28106101498348,5.24674143568241,0.364556863421282,0.5173039057101,0.293784543043759,0.563297880705074,0.32917070323252,0.540300893207587,-0.0789925620736021,-0.114871520585516,"Over",145,11,0.32917070323252,0.540300893207587,-0.0789925620736021,1.45,-0.0499735731515382,-0.630033735204325,154,"-0.05","-1","Alternate Total - Game - 11",2023-08-24 02:25:15,"Day Of"
2023-08-24,"Oakland Athletics","Chicago White Sox","Ken Waldichuk","Jesse Scholtens","FG Alt Total",-230,8,170,8,0.696969696969697,0.37037037037037,5.28106101498348,5.24674143568241,0.723382624485017,0.176383067254739,0.510795243574169,0.358608896376928,0.617088934029593,0.267495981815834,-0.0798807629401039,-0.102874388554537,"Over",-230,8,0.617088934029593,0.267495981815834,-0.0798807629401039,0.434782608695652,0.00208931423096852,0.0184817585317587,-207,"0","0","Alternate Total - Game - 8",2023-08-24 02:25:15,"Day Of"
2023-08-24,"Oakland Athletics","Chicago White Sox","Ken Waldichuk","Jesse Scholtens","FG Alt Total",-180,8.5,135,8.5,0.642857142857143,0.425531914893617,5.28106101498348,5.24674143568241,0.723382624485017,0.276617002593701,0.562451765504972,0.437548234495028,0.642917194994994,0.357082618544365,6.00521378514296e-05,-0.0684492963492524,"Over",-180,8.5,0.642917194994994,0.357082618544365,6.00521378514296e-05,0.555555555555556,0.000168145985984003,0.00168481615137939,-180,"0","0","Alternate Total - Game - 8.5",2023-08-24 02:25:15,"Day Of"
2023-08-24,"Oakland Athletics","Chicago White Sox","Ken Waldichuk","Jesse Scholtens","FG Alt Total",-150,9,115,9,0.6,0.465116279069767,5.28106101498348,5.24674143568241,0.606133394473749,0.276617002593701,0.441573386980927,0.403149429641066,0.523853390727338,0.339883216117383,-0.0761466092726618,-0.125233062952384,"Over",-150,9,0.523853390727338,0.339883216117383,-0.0761466092726618,0.666666666666667,0.0162417181813217,0.140285665512631,-145,"0","0","Alternate Total - Game - 9",2023-08-24 02:25:15,"Day Of"
2023-08-24,"Oakland Athletics","Chicago White Sox","Ken Waldichuk","Jesse Scholtens","Team RFI",155,,-210,,0.392156862745098,0.67741935483871,0.795483667508499,0.620529193754134,0.462340163930455,0.537659836069545,0.350181284120941,0.649818715879059,0.406260724025698,0.593739275974302,0.0141038612806001,-0.0836800788644078,"Yes",155,,0.406260724025698,0.593739275974302,0.0141038612806001,1.55,0.0232031266229227,0.359648462655303,146,"0","0","Chicago White Sox To Score - 1st Inning",2023-08-24 02:25:15,"Day Of"
2023-08-24,"Oakland Athletics","Chicago White Sox","Ken Waldichuk","Jesse Scholtens","F5 ML",120,,-160,,0.454545454545455,0.615384615384615,2.66596426321807,3.15506782547339,0.421376934612798,0.578623065356514,0.440918289568021,0.384218871955934,0.43114761209041,0.481420968656224,-0.0233978424550448,-0.133963646728391,"Oakland Athletics",120,,0.43114761209041,0.481420968656224,-0.0233978424550448,1.2,0.0328342134232159,0.359561658522675,111,"0","0","Moneyline - First 5 Innings",2023-08-24 02:25:15,"Day Of"
2023-08-24,"Oakland Athletics","Chicago White Sox","Ken Waldichuk","Jesse Scholtens","FG ML",133,,-159,,0.429184549356223,0.613899613899614,5.28106101498348,5.24674143568241,0.504168394758683,0.495831232320035,0.465279848209226,0.534720151790774,0.484724121483954,0.515275692055404,0.0555395721277313,-0.0986239218442094,"Oakland Athletics",133,,0.484724121483954,0.515275692055404,0.0555395721277313,1.33,0.0972986489154993,1.29407389518255,106,"0.05","1","Moneyline - Game",2023-08-24 02:25:15,"Day Of"
2023-08-24,"Oakland Athletics","Chicago White Sox","Ken Waldichuk","Jesse Scholtens","Team RFI",200,,-275,,0.333333333333333,0.733333333333333,0.795483667508499,0.620529193754134,0.548637127436542,0.451362872563458,0.317642768588361,0.682357231411639,0.433139948012451,0.566860051987549,0.0998066146791179,-0.166473281345784,"Yes",200,,0.433139948012451,0.566860051987549,0.0998066146791179,2,0.149709922018677,2.99419844037354,131,"0.1","2","Oakland Athletics To Score - 1st Inning",2023-08-24 02:25:15,"Day Of"
2023-08-24,"Oakland Athletics","Chicago White Sox","Ken Waldichuk","Jesse Scholtens","F5 RL",-115,0.5,-115,-0.5,0.534883720930233,0.534883720930233,2.66596426321807,3.15506782547339,0.504474441094573,0.49552555887474,0.54170491733542,0.45829508266458,0.523089679214996,0.47691032076966,-0.0117940417152365,-0.0579734001605723,"Oakland Athletics",-115,0.5,0.523089679214996,0.47691032076966,-0.0117940417152365,0.869565217391304,-0.0253571896877585,-0.253571896701132,-110,"-0.05","-1","Runline - First 5 Innings",2023-08-24 02:25:15,"Day Of"
2023-08-24,"Oakland Athletics","Chicago White Sox","Ken Waldichuk","Jesse Scholtens","FG RL",-150,1.5,130,-1.5,0.6,0.434782608695652,5.28106101498348,5.24674143568241,0.684454996804072,0.315544630274646,0.662626824609432,0.337373175390568,0.673540910706752,0.326458902832607,0.0735409107067521,-0.108323705863045,"Oakland Athletics",-150,1.5,0.673540910706752,0.326458902832607,0.0735409107067521,0.666666666666667,0.18385227676688,1.83852556457841,-206,"0.15","1","Runline - Game",2023-08-24 02:25:15,"Day Of"
2023-08-24,"Oakland Athletics","Chicago White Sox","Ken Waldichuk","Jesse Scholtens","F5 TT",-115,2.5,-115,2.5,0.534883720930233,0.534883720930233,2.66596426321807,3.15506782547339,0.610639982316562,0.389360017654107,0.473726715295123,0.526273284704877,0.542183348805843,0.457816651179492,0.00729962787561023,-0.0770670697507406,"Over",-115,2.5,0.542183348805843,0.457816651179492,0.00729962787561023,0.869565217391304,0.0156941999325618,0.15694199949427,-118,"0","0","Team Total - Chicago White Sox - First 5 Innings - 2.5",2023-08-24 02:25:15,"Day Of"
2023-08-24,"Oakland Athletics","Chicago White Sox","Ken Waldichuk","Jesse Scholtens","FG TT",110,5.5,-145,5.5,0.476190476190476,0.591836734693878,5.28106101498348,5.24674143568241,0.427248634740605,0.572751188539889,0.403034405072401,0.596965594927599,0.415141519906503,0.584858391733744,-0.0610489562839732,-0.00697834296013333,"Under",-145,5.5,0.584858391733744,0.415141519906503,-0.00697834296013333,0.689655172413793,-0.0170969402523267,-0.17096812130685,-141,"-0.05","-1","Team Total - Chicago White Sox - Game - 5.5",2023-08-24 02:25:15,"Day Of"
2023-08-24,"Oakland Athletics","Chicago White Sox","Ken Waldichuk","Jesse Scholtens","F5 Alt TT",125,2.5,-165,2.5,0.444444444444444,0.622641509433962,2.66596426321807,3.15506782547339,0.498001528900569,0.501998471098074,0.461580793239805,0.538419206760195,0.479791161070187,0.520208838929134,0.0353467166257428,-0.102432670504828,"Over",125,2.5,0.479791161070187,0.520208838929134,0.0353467166257428,1.25,0.063624089926337,0.795301124085997,108,"0.05","0","Team Total - Oakland Athletics - First 5 Innings - 2.5",2023-08-24 02:25:15,"Day Of"
2023-08-24,"Oakland Athletics","Chicago White Sox","Ken Waldichuk","Jesse Scholtens","FG TT",-105,4.5,-125,4.5,0.51219512195122,0.555555555555556,5.28106101498348,5.24674143568241,0.607366329391092,0.392633474407097,0.506695704991804,0.493304295008196,0.557031017191448,0.442968884707646,0.0448358952402286,-0.112586670847909,"Over",-105,4.5,0.557031017191448,0.442968884707646,0.0448358952402286,0.952380952380952,0.0919135852424685,0.919136882484193,-126,"0.05","0","Team Total - Oakland Athletics - Game - 4.5",2023-08-24 02:25:15,"Day Of"
2023-08-24,"Oakland Athletics","Chicago White Sox","Ken Waldichuk","Jesse Scholtens","F5 Total",-115,5,-115,5,0.534883720930233,0.534883720930233,2.66596426321807,3.15506782547339,0.525163064717262,0.309725707934439,0.448897872321163,0.390190293033868,0.487030468519213,0.349958000484153,-0.0478532524110198,-0.184925720446079,"Over",-115,5,0.487030468519213,0.349958000484153,-0.0478532524110198,0.869565217391304,0.101051294127322,0.845787679624362,-132,"0.1","0","Total - First 5 Innings",2023-08-24 02:25:15,"Day Of"
2023-08-24,"Oakland Athletics","Chicago White Sox","Ken Waldichuk","Jesse Scholtens","FG Total",-115,9.5,-105,9.5,0.534883720930233,0.51219512195122,5.28106101498348,5.24674143568241,0.606133394473749,0.393866232604969,0.474203790665277,0.525796209334723,0.540168592569513,0.459831220969846,0.00528487163928071,-0.0523639009813738,"Over",-115,9.5,0.540168592569513,0.459831220969846,0.00528487163928071,0.869565217391304,0.0113624740244533,0.113626884541906,-117,"0","0","Total - Game",2023-08-24 02:25:15,"Day Of"
2023-08-24,"Texas Rangers","Minnesota Twins","Andrew Heaney","Pablo Lopez","F5 Alt RL",145,-0.5,-190,0.5,0.408163265306122,0.655172413793103,2.06540589977209,2.54529031111698,0.320205081828456,0.679794918170958,0.388816585862122,0.611183414137878,0.354510833845289,0.645489166154418,-0.0536524314608338,-0.00968324763868522,"Minnesota Twins",-190,0.5,0.645489166154418,0.354510833845289,-0.00968324763868522,0.526315789473684,-0.0280814181521873,-0.280814181516303,-182,"-0.05","-1","Alternate Runline - First 5 Innings - 0.5",2023-08-24 02:25:15,"Day Of"
2023-08-24,"Texas Rangers","Minnesota Twins","Andrew Heaney","Pablo Lopez","FG Alt RL",170,-1.5,-230,1.5,0.37037037037037,0.696969696969697,4.20380565893592,4.80380797963558,0.23892113679731,0.761078816599605,0.345649719383306,0.654350280616694,0.292285428090308,0.707714548608149,-0.0780849422800625,0.0107448516384524,"Minnesota Twins",-230,1.5,0.707714548608149,0.292285428090308,0.0107448516384524,0.434782608695652,0.0354580104068931,0.354580640004412,-242,"0","0","Alternate Runline - Game - 1.5",2023-08-24 02:25:15,"Day Of"
2023-08-24,"Texas Rangers","Minnesota Twins","Andrew Heaney","Pablo Lopez","FG Alt RL",-320,2.5,230,-2.5,0.761904761904762,0.303030303030303,4.20380565893592,4.80380797963558,0.74096683192604,0.259033121470875,0.714089597111086,0.285910402888914,0.727528214518563,0.272471762179894,-0.0343765473861988,-0.0305585408504088,"Minnesota Twins",230,-2.5,0.272471762179894,0.727528214518563,-0.0305585408504088,2.3,-0.0438448629592822,-1.00843161504806,267,"-0.05","-2","Alternate Runline - Game - 2.5",2023-08-24 02:25:15,"Day Of"
2023-08-24,"Texas Rangers","Minnesota Twins","Andrew Heaney","Pablo Lopez","F5 Alt Total",-185,3.5,140,3.5,0.649122807017544,0.416666666666667,2.06540589977209,2.54529031111698,0.676034676944263,0.323965323055151,0.604806566920751,0.395193433079249,0.640420621932507,0.3595793780672,-0.00870218508503684,-0.0570872885994668,"Over",-185,3.5,0.640420621932507,0.3595793780672,-0.00870218508503684,0.540540540540541,-0.024801227492355,-0.248012274918127,-178,"-0.05","-1","Alternate Total - First 5 Innings - 3.5",2023-08-24 02:25:15,"Day Of"
2023-08-24,"Texas Rangers","Minnesota Twins","Andrew Heaney","Pablo Lopez","F5 Alt Total",-145,4,110,4,0.591836734693878,0.476190476190476,2.06540589977209,2.54529031111698,0.488770429427825,0.323965323055151,0.447673374061367,0.3729636960072,0.468221901744596,0.348464509531175,-0.123614832949282,-0.127725966659301,"Over",-145,4,0.468221901744596,0.348464509531175,-0.123614832949282,0.689655172413793,-0.0453682546495772,-0.370516370756087,-127,"-0.05","-1","Alternate Total - First 5 Innings - 4",2023-08-24 02:25:15,"Day Of"
2023-08-24,"Texas Rangers","Minnesota Twins","Andrew Heaney","Pablo Lopez","F5 Alt Total",120,5,-160,5,0.454545454545455,0.615384615384615,2.06540589977209,2.54529031111698,0.316086718136018,0.511229570571589,0.32854559473728,0.517589052836448,0.322316156436649,0.514409311704018,-0.132229298108806,-0.100975303680597,"Under",-160,5,0.514409311704018,0.322316156436649,-0.100975303680597,0.625,-0.00154953882006375,-0.0129653859462007,-148,"-0.05","-1","Alternate Total - First 5 Innings - 5",2023-08-24 02:25:15,"Day Of"
2023-08-24,"Texas Rangers","Minnesota Twins","Andrew Heaney","Pablo Lopez","F5 Alt Total",145,5.5,-190,5.5,0.408163265306122,0.655172413793103,2.06540589977209,2.54529031111698,0.316086718136018,0.683913281863396,0.355936315785737,0.644063684214263,0.336011516960877,0.66398848303883,-0.0721517483452453,0.0088160692457262,"Under",-190,5.5,0.66398848303883,0.336011516960877,0.0088160692457262,0.526315789473684,0.0255666008126057,0.25566600813163,-198,"0","0","Alternate Total - First 5 Innings - 5.5",2023-08-24 02:25:15,"Day Of"
2023-08-24,"Texas Rangers","Minnesota Twins","Andrew Heaney","Pablo Lopez","FG Alt Total",165,10,-220,10,0.377358490566038,0.6875,4.20380565893592,4.80380797963558,0.294914839804753,0.586405105585539,0.343846561255059,0.539332508766212,0.319380700529906,0.562868807175875,-0.057977790036132,-0.124631192824125,"Over",165,10,0.319380700529906,0.562868807175875,-0.057977790036132,1.65,-0.0246550547092736,-0.35890651301531,164,"-0.05","-1","Alternate Total - Game - 10",2023-08-24 02:25:15,"Day Of"
2023-08-24,"Texas Rangers","Minnesota Twins","Andrew Heaney","Pablo Lopez","FG Alt Total",-215,7,160,7,0.682539682539683,0.384615384615385,4.20380565893592,4.80380797963558,0.676993914283174,0.206088190891,0.558943934106567,0.293046299302147,0.617968924194871,0.249567245096574,-0.0645707583448119,-0.135048139518811,"Over",-215,7,0.617968924194871,0.249567245096574,-0.0645707583448119,0.465116279069767,0.0938281885165897,0.813993472372377,-217,"0.05","0","Alternate Total - Game - 7",2023-08-24 02:25:15,"Day Of"
2023-08-24,"Texas Rangers","Minnesota Twins","Andrew Heaney","Pablo Lopez","FG Alt Total",-160,7.5,120,7.5,0.615384615384615,0.454545454545455,4.20380565893592,4.80380797963558,0.676993914283174,0.323006039113741,0.590927728350756,0.409072271649244,0.633960821316965,0.366039155381493,0.0185762059323494,-0.088506299163962,"Over",-160,7.5,0.633960821316965,0.366039155381493,0.0185762059323494,0.625,0.0482981354241087,0.482981727065768,-173,"0","0","Alternate Total - Game - 7.5",2023-08-24 02:25:15,"Day Of"
2023-08-24,"Texas Rangers","Minnesota Twins","Andrew Heaney","Pablo Lopez","FG Alt Total",-135,8,105,8,0.574468085106383,0.48780487804878,4.20380565893592,4.80380797963558,0.545350063752725,0.323006039113741,0.47871434429205,0.382231976712907,0.512032204022387,0.352619007913324,-0.0624358810839957,-0.135185870135457,"Over",-135,8,0.512032204022387,0.352619007913324,-0.0624358810839957,0.740740740740741,0.0416312876712612,0.359965433394005,-138,"0","0","Alternate Total - Game - 8",2023-08-24 02:25:15,"Day Of"
2023-08-24,"Texas Rangers","Minnesota Twins","Andrew Heaney","Pablo Lopez","FG Alt Total",115,9,-150,9,0.465116279069767,0.6,4.20380565893592,4.80380797963558,0.413594847811376,0.45464988964419,0.383852806950446,0.447577414493926,0.398723827380911,0.451113652069058,-0.0663924516888564,-0.148886347930942,"Over",115,9,0.398723827380911,0.451113652069058,-0.0663924516888564,1.15,0.00759096486950789,0.0741874941898999,111,"0","0","Alternate Total - Game - 9",2023-08-24 02:25:15,"Day Of"
2023-08-24,"Texas Rangers","Minnesota Twins","Andrew Heaney","Pablo Lopez","FG Alt Total",135,9.5,-180,9.5,0.425531914893617,0.642857142857143,4.20380565893592,4.80380797963558,0.413594847811376,0.586405105585539,0.425409991603475,0.574590008396525,0.419502419707426,0.580497556991032,-0.00602949518619145,-0.0623595858661111,"Over",135,9.5,0.419502419707426,0.580497556991032,-0.00602949518619145,1.35,-0.0104957879167036,-0.141692903860073,138,"-0.05","-1","Alternate Total - Game - 9.5",2023-08-24 02:25:15,"Day Of"
2023-08-24,"Texas Rangers","Minnesota Twins","Andrew Heaney","Pablo Lopez","Team RFI",200,,-275,,0.333333333333333,0.733333333333333,0.371530458375454,0.559197052591291,0.428332101127992,0.571667898872008,0.352453607399783,0.647546392600217,0.390392854263887,0.609607145736113,0.0570595209305542,-0.123726187597221,"Yes",200,,0.390392854263887,0.609607145736113,0.0570595209305542,2,0.0855892813958312,1.71178562791662,156,"0.05","1","Minnesota Twins To Score - 1st Inning",2023-08-24 02:25:15,"Day Of"
2023-08-24,"Texas Rangers","Minnesota Twins","Andrew Heaney","Pablo Lopez","F5 ML",110,,-145,,0.476190476190476,0.591836734693878,2.06540589977209,2.54529031111698,0.413947166370711,0.586052833628703,0.350321821074755,0.4723840298148,0.382134493722733,0.529218431721752,-0.0940559824677433,-0.0626183029721259,"Minnesota Twins",-145,,0.529218431721752,0.382134493722733,-0.0626183029721259,0.689655172413793,-0.0272963233909391,-0.24876584176211,-134,"-0.05","-1","Moneyline - First 5 Innings",2023-08-24 02:25:15,"Day Of"
2023-08-24,"Texas Rangers","Minnesota Twins","Andrew Heaney","Pablo Lopez","FG ML",106,,-126,,0.485436893203884,0.557522123893805,4.20380565893592,4.80380797963558,0.421841669815565,0.57815828358135,0.450069440879645,0.549930559120355,0.435955555347605,0.564044421350853,-0.0494813378562788,0.00652229745704735,"Minnesota Twins",-126,,0.564044421350853,0.435955555347605,0.00652229745704735,0.793650793650794,0.014740392252927,0.147404216128709,-129,"0","0","Moneyline - Game",2023-08-24 02:25:15,"Day Of"
2023-08-24,"Texas Rangers","Minnesota Twins","Andrew Heaney","Pablo Lopez","F5 RL",-125,0.5,-105,-0.5,0.555555555555556,0.51219512195122,2.06540589977209,2.54529031111698,0.507689250912966,0.492310749086448,0.499911490353605,0.500088509646395,0.503800370633286,0.496199629366421,-0.0517551849222699,-0.0159954925847983,"Minnesota Twins",-105,-0.5,0.496199629366421,0.503800370633286,-0.0159954925847983,0.952380952380952,-0.0327907597988366,-0.327907597985287,102,"-0.05","-1","Runline - First 5 Innings",2023-08-24 02:25:15,"Day Of"
2023-08-24,"Texas Rangers","Minnesota Twins","Andrew Heaney","Pablo Lopez","FG RL",-185,1.5,160,-1.5,0.649122807017544,0.384615384615385,4.20380565893592,4.80380797963558,0.621422927675857,0.378577025721057,0.605301533436171,0.394698466563829,0.613362230556014,0.386637746142443,-0.0357605764615296,0.00202236152705842,"Minnesota Twins",160,-1.5,0.386637746142443,0.613362230556014,0.00202236152705842,1.6,0.00328633748146998,0.0525816327189466,159,"0","0","Runline - Game",2023-08-24 02:25:15,"Day Of"
2023-08-24,"Texas Rangers","Minnesota Twins","Andrew Heaney","Pablo Lopez","F5 TT",110,2.5,-145,2.5,0.476190476190476,0.591836734693878,2.06540589977209,2.54529031111698,0.467750847175766,0.532249152823659,0.453465480947773,0.546534519052227,0.460608164061769,0.539391835937943,-0.015582312128707,-0.0524448987559343,"Over",110,2.5,0.460608164061769,0.539391835937943,-0.015582312128707,1.1,-0.0297480504275315,-0.327228554699971,117,"-0.05","-1","Team Total - Minnesota Twins - First 5 Innings - 2.5",2023-08-24 02:25:15,"Day Of"
2023-08-24,"Texas Rangers","Minnesota Twins","Andrew Heaney","Pablo Lopez","FG TT",110,4.5,-145,4.5,0.476190476190476,0.591836734693878,4.20380565893592,4.80380797963558,0.524434146173336,0.475565811727056,0.479856132236545,0.520143867763455,0.502145139204941,0.497854839745255,0.0259546630144646,-0.0939818949486225,"Over",110,4.5,0.502145139204941,0.497854839745255,0.0259546630144646,1.1,0.0495498112094324,0.545048133801798,-101,"0","0","Team Total - Minnesota Twins - Game - 4.5",2023-08-24 02:25:15,"Day Of"
2023-08-24,"Texas Rangers","Minnesota Twins","Andrew Heaney","Pablo Lopez","F5 TT",-135,1.5,105,1.5,0.574468085106383,0.48780487804878,2.06540589977209,2.54529031111698,0.611408225222142,0.388591774777847,0.518937634899027,0.481062365100973,0.565172930060585,0.43482706993941,-0.00929515504579848,-0.0529778081093706,"Over",-135,1.5,0.565172930060585,0.43482706993941,-0.00929515504579848,0.740740740740741,-0.0218436143576263,-0.218436143576188,-130,"-0.05","-1","Team Total - Texas Rangers - First 5 Innings - 1.5",2023-08-24 02:25:15,"Day Of"
2023-08-24,"Texas Rangers","Minnesota Twins","Andrew Heaney","Pablo Lopez","FG TT",-135,3.5,105,3.5,0.574468085106383,0.48780487804878,4.20380565893592,4.80380797963558,0.605300918928672,0.394699076567851,0.548461450848793,0.451538549151207,0.576881184888733,0.423118812859529,0.00241309978234949,-0.0646860651892516,"Over",-135,3.5,0.576881184888733,0.423118812859529,0.00241309978234949,0.740740740740741,0.00567078448852142,0.0567078752836858,-136,"0","0","Team Total - Texas Rangers - Game - 3.5",2023-08-24 02:25:15,"Day Of"
2023-08-24,"Texas Rangers","Minnesota Twins","Andrew Heaney","Pablo Lopez","Team RFI",220,,-300,,0.3125,0.75,0.371530458375454,0.559197052591291,0.310322000962224,0.689677999037776,0.297703616139983,0.702296383860017,0.304012808551103,0.695987191448897,-0.00848719144889654,-0.0540128085511035,"Yes",220,,0.304012808551103,0.695987191448897,-0.00848719144889654,2.2,-0.0123450057438495,-0.271590126364689,229,"-0.05","-1","Texas Rangers To Score - 1st Inning",2023-08-24 02:25:15,"Day Of"
2023-08-24,"Texas Rangers","Minnesota Twins","Andrew Heaney","Pablo Lopez","F5 Total",-110,4.5,-120,4.5,0.523809523809524,0.545454545454545,2.06540589977209,2.54529031111698,0.488770429427825,0.511229570571589,0.459204917521412,0.540795082478588,0.473987673474618,0.526012326525089,-0.0498218503349056,-0.0194422189294569,"Under",-120,4.5,0.526012326525089,0.473987673474618,-0.0194422189294569,0.833333333333333,-0.0427728816448051,-0.427728816444533,-111,"-0.05","-1","Total - First 5 Innings",2023-08-24 02:25:15,"Day Of"
2023-08-24,"Texas Rangers","Minnesota Twins","Andrew Heaney","Pablo Lopez","FG Total",-110,8.5,-110,8.5,0.523809523809524,0.523809523809524,4.20380565893592,4.80380797963558,0.545350063752725,0.45464988964419,0.530129266777617,0.469870733222383,0.537739665265171,0.462260311433287,0.0139301414556469,-0.0615492123762372,"Over",-110,8.5,0.537739665265171,0.462260311433287,0.0139301414556469,0.909090909090909,0.0292532970568586,0.292533226885554,-116,"0","0","Total - Game",2023-08-24 02:25:15,"Day Of"
2023-08-24,"Toronto Blue Jays","Baltimore Orioles","Jose Berrios","Kyle Gibson","F5 Alt RL",-170,0.5,130,-0.5,0.62962962962963,0.434782608695652,2.34417802297148,2.56503691511007,0.553605409033155,0.446394590966058,0.535120680882035,0.464879319117965,0.544363044957595,0.455636955042011,-0.0852665846720347,0.0208543463463593,"Baltimore Orioles",130,-0.5,0.455636955042011,0.544363044957595,0.0208543463463593,1.3,0.036896151228174,0.4796499659702,119,"0","0","Alternate Runline - First 5 Innings - 0.5",2023-08-24 02:25:15,"Day Of"
2023-08-24,"Toronto Blue Jays","Baltimore Orioles","Jose Berrios","Kyle Gibson","FG Alt RL",-240,1.5,175,-1.5,0.705882352941177,0.363636363636364,4.54794977253972,4.30876867418718,0.723758670238034,0.276241305934666,0.640370759143273,0.359629240856727,0.682064714690653,0.317935273395697,-0.0238176382505233,-0.045701090240667,"Toronto Blue Jays",-240,1.5,0.682064714690653,0.317935273395697,-0.0238176382505233,0.416666666666667,-0.080979970051779,-0.809799414590188,-215,"-0.1","-1","Alternate Runline - Game - 1.5",2023-08-24 02:25:15,"Day Of"
2023-08-24,"Toronto Blue Jays","Baltimore Orioles","Jose Berrios","Kyle Gibson","FG Alt RL",-390,2.5,270,-2.5,0.795918367346939,0.27027027027027,4.54794977253972,4.30876867418718,0.824948953408684,0.175051022764016,0.725694894078249,0.274305105921751,0.775321923743467,0.224678064342883,-0.0205964436034722,-0.0455922059273869,"Toronto Blue Jays",-390,2.5,0.775321923743467,0.224678064342883,-0.0205964436034722,0.256410256410256,-0.100922573657014,-1.00922527193779,-345,"-0.15","-2","Alternate Runline - Game - 2.5",2023-08-24 02:25:15,"Day Of"
2023-08-24,"Toronto Blue Jays","Baltimore Orioles","Jose Berrios","Kyle Gibson","F5 Alt Total",-215,3.5,160,3.5,0.682539682539683,0.384615384615385,2.34417802297148,2.56503691511007,0.721998193320276,0.278001806678937,0.639391592480712,0.360608407519288,0.680694892900494,0.319305107099112,-0.00184478963918844,-0.0653102775162723,"Over",-215,3.5,0.680694892900494,0.319305107099112,-0.00184478963918844,0.465116279069767,-0.00581108736344362,-0.0581108736259734,-213,"-0.05","-1","Alternate Total - First 5 Innings - 3.5",2023-08-24 02:25:15,"Day Of"
2023-08-24,"Toronto Blue Jays","Baltimore Orioles","Jose Berrios","Kyle Gibson","F5 Alt Total",-170,4,130,4,0.62962962962963,0.434782608695652,2.34417802297148,2.56503691511007,0.543434981745926,0.278001806678937,0.480305208505577,0.334054449557081,0.511870095125751,0.306028128118009,-0.117759534503878,-0.128754480577643,"Over",-170,4,0.511870095125751,0.306028128118009,-0.117759534503878,0.588235294117647,-0.0102429892091436,-0.0837772267486372,-152,"-0.05","-1","Alternate Total - First 5 Innings - 4",2023-08-24 02:25:15,"Day Of"
2023-08-24,"Toronto Blue Jays","Baltimore Orioles","Jose Berrios","Kyle Gibson","F5 Alt Total",105,5,-135,5,0.48780487804878,0.574468085106383,2.34417802297148,2.56503691511007,0.368113944615403,0.456565018253287,0.395116704644636,0.467738985152731,0.381615324630019,0.462152001703009,-0.106189553418761,-0.112316083403374,"Over",105,5,0.381615324630019,0.462152001703009,-0.106189553418761,1.05,-0.0693667994363111,-0.614559108414883,118,"-0.1","-1","Alternate Total - First 5 Innings - 5",2023-08-24 02:25:15,"Day Of"
2023-08-24,"Toronto Blue Jays","Baltimore Orioles","Jose Berrios","Kyle Gibson","F5 Alt Total",130,5.5,-170,5.5,0.434782608695652,0.62962962962963,2.34417802297148,2.56503691511007,0.368113944615403,0.63188605538381,0.440127710325562,0.559872289674438,0.404120827470483,0.595879172529124,-0.0306617812251697,-0.0337504571005057,"Over",130,5.5,0.404120827470483,0.595879172529124,-0.0306617812251697,1.3,-0.0542477667829926,-0.705220968174967,147,"-0.1","-1","Alternate Total - First 5 Innings - 5.5",2023-08-24 02:25:15,"Day Of"
2023-08-24,"Toronto Blue Jays","Baltimore Orioles","Jose Berrios","Kyle Gibson","FG Alt Total",145,10,-190,10,0.408163265306122,0.655172413793103,4.54794977253972,4.30876867418718,0.277162994163895,0.606279164847165,0.324341562889521,0.551472231714719,0.300752278526708,0.578875698280942,-0.107410986779414,-0.0762967155121612,"Under",-190,10,0.578875698280942,0.300752278526708,-0.0762967155121612,0.526315789473684,0.00846536180809221,0.07446369080197,-177,"0","0","Alternate Total - Game - 10",2023-08-24 02:25:15,"Day Of"
2023-08-24,"Toronto Blue Jays","Baltimore Orioles","Jose Berrios","Kyle Gibson","FG Alt Total",160,10.5,-215,10.5,0.384615384615385,0.682539682539683,4.54794977253972,4.30876867418718,0.277162994163895,0.722836982008805,0.35483538464584,0.64516461535416,0.315999189404867,0.684000798681482,-0.0686161952105172,0.00146111614179989,"Under",-215,10.5,0.684000798681482,0.315999189404867,0.00146111614179989,0.465116279069767,0.00460251584666973,0.0460254146101731,-216,"0","0","Alternate Total - Game - 10.5",2023-08-24 02:25:15,"Day Of"
2023-08-24,"Toronto Blue Jays","Baltimore Orioles","Jose Berrios","Kyle Gibson","FG Alt Total",-180,7.5,135,7.5,0.642857142857143,0.425531914893617,4.54794977253972,4.30876867418718,0.65905754526488,0.340942430907819,0.584043040886721,0.415956959113279,0.621550293075801,0.378449695010549,-0.0213068497813419,-0.047082219883068,"Over",-180,7.5,0.621550293075801,0.378449695010549,-0.0213068497813419,0.555555555555556,-0.0596591793877572,-0.596591579431872,-164,"-0.1","-1","Alternate Total - Game - 7.5",2023-08-24 02:25:15,"Day Of"
2023-08-24,"Toronto Blue Jays","Baltimore Orioles","Jose Berrios","Kyle Gibson","FG Alt Total",-160,8,120,8,0.615384615384615,0.454545454545455,4.54794977253972,4.30876867418718,0.525324652932032,0.340942430907819,0.454405532381999,0.40692061079969,0.489865092657015,0.373931520853755,-0.1255195227276,-0.0806139336916997,"Under",120,8,0.373931520853755,0.489865092657015,-0.0806139336916997,1.2,-0.039696138138808,-0.411472676325096,126,"-0.05","-1","Alternate Total - Game - 8",2023-08-24 02:25:15,"Day Of"
2023-08-24,"Toronto Blue Jays","Baltimore Orioles","Jose Berrios","Kyle Gibson","FG Alt Total",-130,8.5,100,8.5,0.565217391304348,0.5,4.54794977253972,4.30876867418718,0.525324652932032,0.474675323240668,0.512641665204632,0.487358334795368,0.518983159068332,0.481016829018018,-0.0462342322360155,-0.0189831709819823,"Under",100,8.5,0.481016829018018,0.518983159068332,-0.0189831709819823,1,-0.0379663419639646,-0.379663300503146,108,"-0.05","-1","Alternate Total - Game - 8.5",2023-08-24 02:25:15,"Day Of"
2023-08-24,"Toronto Blue Jays","Baltimore Orioles","Jose Berrios","Kyle Gibson","FG Alt Total",120,9.5,-160,9.5,0.454545454545455,0.615384615384615,4.54794977253972,4.30876867418718,0.393720811325535,0.606279164847165,0.397331627617739,0.602668372382261,0.395526219471637,0.604473768614713,-0.0590192350738178,-0.0109108467699022,"Under",-160,9.5,0.604473768614713,0.395526219471637,-0.0109108467699022,0.625,-0.0283682016017455,-0.283681825399055,-153,"-0.05","-1","Alternate Total - Game - 9.5",2023-08-24 02:25:15,"Day Of"
2023-08-24,"Toronto Blue Jays","Baltimore Orioles","Jose Berrios","Kyle Gibson","Team RFI",205,,-280,,0.327868852459016,0.736842105263158,0.471139590173528,0.555632164273964,0.426290532093206,0.573709467906794,0.343167906872787,0.656832093127213,0.384729219482996,0.615270780517004,0.05686036702398,-0.121571324746154,"Yes",205,,0.384729219482996,0.615270780517004,0.05686036702398,2.05,0.0845971314259214,1.73424119423139,160,"0.05","1","Baltimore Orioles To Score - 1st Inning",2023-08-24 02:25:15,"Day Of"
2023-08-24,"Toronto Blue Jays","Baltimore Orioles","Jose Berrios","Kyle Gibson","F5 ML",-125,,-105,,0.555555555555556,0.51219512195122,2.34417802297148,2.56503691511007,0.461343044376945,0.538656955622268,0.391242123292964,0.406581480780246,0.426292583834954,0.472619218201257,-0.129262971720601,-0.0395759037499626,"Baltimore Orioles",-105,,0.472619218201257,0.426292583834954,-0.0395759037499626,0.952380952380952,0.0278247600241735,0.250120051745551,-110,"0","0","Moneyline - First 5 Innings",2023-08-24 02:25:15,"Day Of"
2023-08-24,"Toronto Blue Jays","Baltimore Orioles","Jose Berrios","Kyle Gibson","FG ML",-111,,-109,,0.5260663507109,0.521531100478469,4.54794977253972,4.30876867418718,0.531569564534812,0.468430411637888,0.545589643048085,0.454410356951915,0.538579603791448,0.461420384294902,0.012513253080548,-0.0601107161835672,"Toronto Blue Jays",-111,,0.538579603791448,0.461420384294902,0.012513253080548,0.900900900900901,0.0264029639999563,0.264029772241076,-117,"0","0","Moneyline - Game",2023-08-24 02:25:15,"Day Of"
2023-08-24,"Toronto Blue Jays","Baltimore Orioles","Jose Berrios","Kyle Gibson","F5 RL",110,-0.5,-145,0.5,0.476190476190476,0.591836734693878,2.34417802297148,2.56503691511007,0.369080679720734,0.630919320278478,0.399367120148492,0.600632879851508,0.384223899934613,0.615776100064993,-0.0919665762558629,0.0239393653711155,"Baltimore Orioles",-145,0.5,0.615776100064993,0.384223899934613,0.0239393653711155,0.689655172413793,0.058651445159233,0.586514451598038,-160,"0.05","0","Runline - First 5 Innings",2023-08-24 02:25:15,"Day Of"
2023-08-24,"Toronto Blue Jays","Baltimore Orioles","Jose Berrios","Kyle Gibson","FG RL",150,-1.5,-175,1.5,0.4,0.636363636363636,4.54794977253972,4.30876867418718,0.332477476068598,0.667522500104102,0.412413733341603,0.587586266658397,0.3724456047051,0.62755438338125,-0.0275543952948997,-0.00880925298238677,"Baltimore Orioles",-175,1.5,0.62755438338125,0.3724456047051,-0.00880925298238677,0.571428571428571,-0.0242254457015637,-0.24225424852676,-168,"-0.05","-1","Runline - Game",2023-08-24 02:25:15,"Day Of"
2023-08-24,"Toronto Blue Jays","Baltimore Orioles","Jose Berrios","Kyle Gibson","F5 Alt TT",120,2.5,-160,2.5,0.454545454545455,0.615384615384615,2.34417802297148,2.56503691511007,0.472758158149456,0.527241841849881,0.432422999265302,0.567577000734698,0.452590578707379,0.547409421292289,-0.00195487583807574,-0.0679751940923261,"Over",120,2.5,0.452590578707379,0.547409421292289,-0.00195487583807574,1.2,-0.00358393903647216,-0.043007268434347,121,"-0.05","-1","Team Total - Baltimore Orioles - First 5 Innings - 2.5",2023-08-24 02:25:15,"Day Of"
2023-08-24,"Toronto Blue Jays","Baltimore Orioles","Jose Berrios","Kyle Gibson","FG TT",110,4.5,-145,4.5,0.476190476190476,0.591836734693878,4.54794977253972,4.30876867418718,0.431256208745416,0.568743784409299,0.440845115810852,0.559154884189148,0.436050662278134,0.563949334299223,-0.0401398139123422,-0.0278874003946544,"Under",-145,4.5,0.563949334299223,0.436050662278134,-0.0278874003946544,0.689655172413793,-0.0683241309669033,-0.683241260040711,-129,"-0.1","-1","Team Total - Baltimore Orioles - Game - 4.5",2023-08-24 02:25:15,"Day Of"
2023-08-24,"Toronto Blue Jays","Baltimore Orioles","Jose Berrios","Kyle Gibson","F5 TT",110,2.5,-145,2.5,0.476190476190476,0.591836734693878,2.34417802297148,2.56503691511007,0.415641397297698,0.584358602702178,0.447313672233098,0.552686327766902,0.431477534765398,0.56852246523454,-0.0447129414250779,-0.0233142694593376,"Under",-145,2.5,0.56852246523454,0.431477534765398,-0.0233142694593376,0.689655172413793,-0.0571199601753771,-0.571199601752876,-132,"-0.1","-1","Team Total - Toronto Blue Jays - First 5 Innings - 2.5",2023-08-24 02:25:15,"Day Of"
2023-08-24,"Toronto Blue Jays","Baltimore Orioles","Jose Berrios","Kyle Gibson","FG TT",100,4.5,-130,4.5,0.5,0.565217391304348,4.54794977253972,4.30876867418718,0.476972754840327,0.523027228177659,0.471582621276814,0.528417378723186,0.47427768805857,0.525722303450423,-0.0257223119414297,-0.0394950878539252,"Over",100,4.5,0.47427768805857,0.525722303450423,-0.0257223119414297,1,-0.0514446238828594,-0.514446153918523,111,"-0.1","-1","Team Total - Toronto Blue Jays - Game - 4.5",2023-08-24 02:25:15,"Day Of"
2023-08-24,"Toronto Blue Jays","Baltimore Orioles","Jose Berrios","Kyle Gibson","Team RFI",205,,-280,,0.327868852459016,0.736842105263158,0.471139590173528,0.555632164273964,0.375709572480261,0.624290427519739,0.32530081888879,0.67469918111121,0.350505195684526,0.649494804315475,0.0226363432255092,-0.0873473009476833,"Yes",205,,0.350505195684526,0.649494804315475,0.0226363432255092,2.05,0.033678461872099,0.690408468378028,185,"0","0","Toronto Blue Jays To Score - 1st Inning",2023-08-24 02:25:15,"Day Of"
2023-08-24,"Toronto Blue Jays","Baltimore Orioles","Jose Berrios","Kyle Gibson","F5 Total",-125,4.5,-105,4.5,0.555555555555556,0.51219512195122,2.34417802297148,2.56503691511007,0.543434981745926,0.456565018253287,0.519274343693642,0.480725656306358,0.531354662719784,0.468645337279823,-0.0242008928357718,-0.043549784671397,"Over",-125,4.5,0.531354662719784,0.468645337279823,-0.0242008928357718,0.8,-0.0544520088804863,-0.544520088799944,-113,"-0.1","-1","Total - First 5 Innings",2023-08-24 02:25:15,"Day Of"
2023-08-24,"Toronto Blue Jays","Baltimore Orioles","Jose Berrios","Kyle Gibson","FG Total",100,9,-120,9,0.5,0.545454545454545,4.54794977253972,4.30876867418718,0.393720811325535,0.474675323240668,0.388647102049878,0.462871779896082,0.391183956687706,0.468773551568375,-0.108816043312294,-0.0766809938861703,"Under",-120,9,0.468773551568375,0.391183956687706,-0.0766809938861703,0.833333333333333,-0.000752591204401298,-0.00647196456872567,-117,"-0.05","-1","Total - Game",2023-08-24 02:25:15,"Day Of"
2023-08-24,"Washington Nationals","New York Yankees","Patrick Corbin","Michael King","F5 Alt RL",170,-0.5,-230,0.5,0.37037037037037,0.696969696969697,2.70285779024807,3.09812733831303,0.352442195057846,0.647557804919286,0.307006333741144,0.692993666258856,0.329724264399495,0.670275735589071,-0.0406461059708755,-0.0266939613806255,"New York Yankees",-230,0.5,0.670275735589071,0.329724264399495,-0.0266939613806255,0.434782608695652,-0.0880900725560641,-0.880900725297667,-203,"-0.1","-1","Alternate Runline - First 5 Innings - 0.5",2023-08-24 02:25:15,"Day Of"
2023-08-24,"Washington Nationals","New York Yankees","Patrick Corbin","Michael King","FG Alt RL",230,-1.5,-320,1.5,0.303030303030303,0.761904761904762,4.68365771208461,5.47990819068366,0.232986776339594,0.767012842402032,0.277917422207629,0.722082577792371,0.255452099273611,0.744547710097201,-0.0475782037566916,-0.0173570518075604,"New York Yankees",-320,1.5,0.744547710097201,0.255452099273611,-0.0173570518075604,0.3125,-0.072899617591754,-0.728990075783551,-291,"-0.1","-1","Alternate Runline - Game - 1.5",2023-08-24 02:25:15,"Day Of"
2023-08-24,"Washington Nationals","New York Yankees","Patrick Corbin","Michael King","FG Alt RL",-230,2.5,170,-2.5,0.696969696969697,0.37037037037037,4.68365771208461,5.47990819068366,0.707437673192708,0.292561945548918,0.594678851890539,0.405321148109461,0.651058262541624,0.348941546829189,-0.0459114344280733,-0.0214288235411812,"New York Yankees",170,-2.5,0.348941546829189,0.651058262541624,-0.0214288235411812,1.7,-0.0340340138595231,-0.578576329320022,187,"-0.05","-1","Alternate Runline - Game - 2.5",2023-08-24 02:25:15,"Day Of"
2023-08-24,"Washington Nationals","New York Yankees","Patrick Corbin","Michael King","F5 Alt Total",-185,4,140,4,0.649122807017544,0.416666666666667,2.70285779024807,3.09812733831303,0.687422261106228,0.169865921806175,0.501944552854406,0.336307877977167,0.594683406980317,0.253086899891671,-0.0544394000372266,-0.163579766774996,"Over",-185,4,0.594683406980317,0.253086899891671,-0.0544394000372266,0.540540540540541,0.149182675018864,1.26472642180726,-204,"0.1","1","Alternate Total - First 5 Innings - 4",2023-08-24 02:25:15,"Day Of"
2023-08-24,"Washington Nationals","New York Yankees","Patrick Corbin","Michael King","F5 Alt Total",-130,4.5,100,4.5,0.565217391304348,0.5,2.70285779024807,3.09812733831303,0.687422261106228,0.312577738870904,0.543205388769853,0.456794611230147,0.615313824938041,0.384686175050526,0.050096433633693,-0.115313824949474,"Over",-130,4.5,0.615313824938041,0.384686175050526,0.050096433633693,0.769230769230769,0.115221797357494,1.15221797372357,-160,"0.1","1","Alternate Total - First 5 Innings - 4.5",2023-08-24 02:25:15,"Day Of"
2023-08-24,"Washington Nationals","New York Yankees","Patrick Corbin","Michael King","F5 Alt Total",120,5.5,-160,5.5,0.454545454545455,0.615384615384615,2.70285779024807,3.09812733831303,0.521848435413742,0.478151564563391,0.445807678145426,0.554192321854574,0.483828056779584,0.516171943208982,0.0292826022341297,-0.0992126721756332,"Over",120,5.5,0.483828056779584,0.516171943208982,0.0292826022341297,1.2,0.0536847707625711,0.644217249265189,107,"0.05","0","Alternate Total - First 5 Innings - 5.5",2023-08-24 02:25:15,"Day Of"
2023-08-24,"Washington Nationals","New York Yankees","Patrick Corbin","Michael King","FG Alt Total",145,10,-190,10,0.408163265306122,0.655172413793103,4.68365771208461,5.47990819068366,0.437414557268798,0.437640471889626,0.312215608756958,0.541484511712395,0.374815083012878,0.48956249180101,-0.0333481822932442,-0.165609921992093,"Over",145,10,0.374815083012878,0.48956249180101,-0.0333481822932442,1.45,0.043020295072478,0.539193785676632,126,"0","0","Alternate Total - Game - 10",2023-08-24 02:25:15,"Day Of"
2023-08-24,"Washington Nationals","New York Yankees","Patrick Corbin","Michael King","FG Alt Total",-245,7,180,7,0.710144927536232,0.357142857142857,4.68365771208461,5.47990819068366,0.794152812847928,0.120160458844565,0.52758913592671,0.320840389425923,0.660870974387319,0.220500424135244,-0.0492739531489131,-0.136642433007613,"Over",-245,7,0.660870974387319,0.220500424135244,-0.0492739531489131,0.408163265306122,0.136883197546695,1.20644935255971,-257,"0.1","1","Alternate Total - Game - 7",2023-08-24 02:25:15,"Day Of"
2023-08-24,"Washington Nationals","New York Yankees","Patrick Corbin","Michael King","FG Alt Total",-180,7.5,135,7.5,0.642857142857143,0.425531914893617,4.68365771208461,5.47990819068366,0.794152812847928,0.205846805893698,0.594598193815631,0.405401806184369,0.694375503331779,0.305624306039034,0.0515183604746364,-0.119907608854583,"Over",-180,7.5,0.694375503331779,0.305624306039034,0.0515183604746364,0.555555555555556,0.144251409328982,1.44251752461519,-227,"0.1","1","Alternate Total - Game - 7.5",2023-08-24 02:25:15,"Day Of"
2023-08-24,"Washington Nationals","New York Yankees","Patrick Corbin","Michael King","FG Alt Total",-150,8,115,8,0.6,0.465116279069767,4.68365771208461,5.47990819068366,0.685292958447761,0.205846805893698,0.471497927694649,0.383715870028226,0.578395443071205,0.294781337960962,-0.0216045569287947,-0.170334941108806,"Over",-150,8,0.578395443071205,0.294781337960962,-0.0216045569287947,0.666666666666667,0.15600899965381,1.36223436129763,-179,"0.15","1","Alternate Total - Game - 8",2023-08-24 02:25:15,"Day Of"
2023-08-24,"Washington Nationals","New York Yankees","Patrick Corbin","Michael King","FG Alt Total",100,9,-130,9,0.5,0.565217391304348,4.68365771208461,5.47990819068366,0.562359146852,0.314706660293864,0.398914645071283,0.436640538742866,0.480636895961642,0.375673599518365,-0.0193631040383582,-0.189543791785982,"Over",100,9,0.480636895961642,0.375673599518365,-0.0193631040383582,1,0.122576211546302,1.04963296443276,-123,"0.1","1","Alternate Total - Game - 9",2023-08-24 02:25:15,"Day Of"
2023-08-24,"Washington Nationals","New York Yankees","Patrick Corbin","Michael King","FG Alt Total",120,9.5,-160,9.5,0.454545454545455,0.615384615384615,4.68365771208461,5.47990819068366,0.562359146852,0.437640471889626,0.41756778727715,0.58243221272285,0.489963467064575,0.510036342306238,0.0354180125191205,-0.105348273078378,"Over",120,9.5,0.489963467064575,0.510036342306238,0.0354180125191205,1.2,0.0649330229517211,0.779198181712523,104,"0.05","0","Alternate Total - Game - 9.5",2023-08-24 02:25:15,"Day Of"
2023-08-24,"Washington Nationals","New York Yankees","Patrick Corbin","Michael King","F5 ML",135,,-180,,0.425531914893617,0.642857142857143,2.70285779024807,3.09812733831303,0.436230592267677,0.563769407709456,0.261592889892637,0.543547225566996,0.348911741080157,0.553658316638226,-0.0766201738134603,-0.0891988262189168,"Washington Nationals",135,,0.348911741080157,0.553658316638226,-0.0766201738134603,1.35,-0.0678124982989536,-0.826274661800145,151,"-0.1","-1","Moneyline - First 5 Innings",2023-08-24 02:25:15,"Day Of"
2023-08-24,"Washington Nationals","New York Yankees","Patrick Corbin","Michael King","FG ML",150,,-182,,0.4,0.645390070921986,4.68365771208461,5.47990819068366,0.402526799027467,0.597472819714158,0.328265558407924,0.671734441592076,0.365396178717696,0.634603630653117,-0.0346038212823044,-0.0107864402688685,"New York Yankees",-182,,0.634603630653117,0.365396178717696,-0.0107864402688685,0.549450549450549,-0.0304177615582092,-0.304174146130886,-174,"-0.05","-1","Moneyline - Game",2023-08-24 02:25:15,"Day Of"
2023-08-24,"Washington Nationals","New York Yankees","Patrick Corbin","Michael King","Team RFI",170,,-230,,0.37037037037037,0.696969696969697,0.5903402270247,0.592223563072971,0.446903927599745,0.553096072400255,0.368345685636776,0.631654314363224,0.407624806618261,0.592375193381739,0.0372544362478904,-0.104594503587958,"Yes",170,,0.407624806618261,0.592375193381739,0.0372544362478904,1.7,0.0591688105113553,1.00586977869304,145,"0.05","1","New York Yankees To Score - 1st Inning",2023-08-24 02:25:15,"Day Of"
2023-08-24,"Washington Nationals","New York Yankees","Patrick Corbin","Michael King","F5 RL",-105,0.5,-125,-0.5,0.51219512195122,0.555555555555556,2.70285779024807,3.09812733831303,0.520018989477508,0.479981010499625,0.38423984812855,0.61576015187145,0.452129418803029,0.547870581185538,-0.0600657031481907,-0.00768497437001803,"New York Yankees",-125,-0.5,0.547870581185538,0.452129418803029,-0.00768497437001803,0.8,-0.0172911923325404,-0.172911923182484,-121,"-0.05","-1","Runline - First 5 Innings",2023-08-24 02:25:15,"Day Of"
2023-08-24,"Washington Nationals","New York Yankees","Patrick Corbin","Michael King","FG RL",-135,1.5,115,-1.5,0.574468085106383,0.465116279069767,4.68365771208461,5.47990819068366,0.590428547876788,0.409571070864838,0.47938672022082,0.52061327977918,0.534907634048804,0.465092175322009,-0.0395604510575792,-2.41037477584638e-05,"New York Yankees",115,-1.5,0.465092175322009,0.534907634048804,-2.41037477584638e-05,1.15,-4.50635284179034e-05,-0.000516324284935088,115,"-0.05","-1","Runline - Game",2023-08-24 02:25:15,"Day Of"
2023-08-24,"Washington Nationals","New York Yankees","Patrick Corbin","Michael King","F5 TT",-115,2.5,-115,2.5,0.534883720930233,0.534883720930233,2.70285779024807,3.09812733831303,0.598431359001418,0.401568640977464,0.545392039410646,0.454607960589354,0.571911699206032,0.428088300783409,0.0370279782757993,-0.106795420146824,"Over",-115,2.5,0.571911699206032,0.428088300783409,0.0370279782757993,0.869565217391304,0.0796101532929684,0.796101533051116,-134,"0.05","0","Team Total - New York Yankees - First 5 Innings - 2.5",2023-08-24 02:25:15,"Day Of"
2023-08-24,"Washington Nationals","New York Yankees","Patrick Corbin","Michael King","FG TT",-125,4.5,-105,4.5,0.555555555555556,0.51219512195122,4.68365771208461,5.47990819068366,0.639342397235606,0.360657249207918,0.534556038553609,0.465443961446391,0.586949217894608,0.413050605327154,0.0313936623390522,-0.0991445166240653,"Over",-125,4.5,0.586949217894608,0.413050605327154,0.0313936623390522,0.8,0.0706357402628674,0.70635961235665,-142,"0.05","0","Team Total - New York Yankees - Game - 4.5",2023-08-24 02:25:15,"Day Of"
2023-08-24,"Washington Nationals","New York Yankees","Patrick Corbin","Michael King","F5 TT",-135,1.5,105,1.5,0.574468085106383,0.48780487804878,2.70285779024807,3.09812733831303,0.75185769650801,0.248142303490241,0.551477832846408,0.448522167153592,0.651667764677209,0.348332235321916,0.0771996795708262,-0.139472642726864,"Over",-135,1.5,0.651667764677209,0.348332235321916,0.0771996795708262,0.740740740740741,0.181419246991442,1.81419246992622,-187,"0.15","1","Team Total - Washington Nationals - First 5 Innings - 1.5",2023-08-24 02:25:15,"Day Of"
2023-08-24,"Washington Nationals","New York Yankees","Patrick Corbin","Michael King","FG TT",-125,3.5,-105,3.5,0.555555555555556,0.51219512195122,4.68365771208461,5.47990819068366,0.68773679628677,0.312263176011322,0.456634598446805,0.543365401553195,0.572185697366788,0.427814288782258,0.016630141811232,-0.0843808331689613,"Over",-125,3.5,0.572185697366788,0.427814288782258,0.016630141811232,0.8,0.0374178190752722,0.374178363889648,-134,"0","0","Team Total - Washington Nationals - Game - 3.5",2023-08-24 02:25:15,"Day Of"
2023-08-24,"Washington Nationals","New York Yankees","Patrick Corbin","Michael King","F5 Total",100,5,-130,5,0.5,0.565217391304348,2.70285779024807,3.09812733831303,0.521848435413742,0.312577738870904,0.442569090353628,0.398466177358253,0.482208762883685,0.355521958114579,-0.017791237116315,-0.209695433189769,"Over",100,5,0.482208762883685,0.355521958114579,-0.017791237116315,1,0.151226165632487,1.26686804769106,-129,"0.15","1","Total - First 5 Innings",2023-08-24 02:25:15,"Day Of"
2023-08-24,"Washington Nationals","New York Yankees","Patrick Corbin","Michael King","FG Total",-120,8.5,100,8.5,0.545454545454545,0.5,4.68365771208461,5.47990819068366,0.685292958447761,0.314706660293864,0.552795125003723,0.447204874996277,0.619044041725742,0.380955767645071,0.0735894962711967,-0.119044232354929,"Over",-120,8.5,0.619044041725742,0.380955767645071,0.0735894962711967,0.833333333333333,0.161896891796633,1.61897120551657,-162,"0.15","1","Total - Game",2023-08-24 02:25:15,"Day Of"
2023-08-24,"Washington Nationals","New York Yankees","Patrick Corbin","Michael King","Team RFI",235,,-330,,0.298507462686567,0.767441860465116,0.5903402270247,0.592223563072971,0.445861280309008,0.554138719690993,0.273508935121083,0.726491064878917,0.359685107715046,0.640314892284955,0.0611776450284784,-0.127126968180162,"Yes",235,,0.359685107715046,0.640314892284955,0.0611776450284784,2.35,0.0872106854661287,2.04945110845402,178,"0.05","2","Washington Nationals To Score - 1st Inning",2023-08-24 02:25:15,"Day Of"
