Name,Team,W,L,SV,HLD,ERA,GS,G,IP,H,ER,HR,SO,BB,WHIP,K/9,BB/9,FIP,WAR,ADP,playerid
Gerrit Cole,Yankees,6,3,0,0,3.22,13,13,79,60,28,11,110,21,1.03,12.54,2.42,3.08,2.4,4.8,13125
Jacob deGrom,Mets,5,3,0,0,3.11,12,12,76,63,26,9,92,18,1.07,10.9,2.17,3.17,2.1,9.3,10954
Max Scherzer,Nationals,5,3,0,0,3.18,11,11,73,57,26,10,95,17,1.02,11.83,2.11,3.24,2,14.4,3137
Stephen Strasburg,Nationals,6,4,0,0,3.44,12,12,75,65,29,9,85,21,1.15,10.3,2.56,3.4,1.9,27.6,10131
Justin Verlander,Astros,6,3,0,0,3.32,11,11,68,54,25,11,88,16,1.01,11.62,2.04,3.43,1.7,14.5,8700
Shane Bieber,Indians,5,3,0,0,3.66,12,12,73,68,29,10,79,14,1.13,9.74,1.72,3.55,1.7,23.8,19427
Blake Snell,Rays,5,3,0,0,3.42,11,11,62,50,23,7,78,24,1.19,11.38,3.5,3.34,1.6,47.6,13543
Clayton Kershaw,Dodgers,5,4,0,0,3.44,12,12,75,68,29,11,75,15,1.11,9.04,1.84,3.73,1.6,32.3,2036
Jack Flaherty,Cardinals,5,4,0,0,3.44,12,12,71,58,27,10,85,22,1.13,10.73,2.79,3.64,1.5,22.4,17479
Patrick Corbin,Nationals,5,4,0,0,3.76,12,12,73,67,31,9,80,24,1.24,9.88,2.95,3.74,1.5,46.8,9323
Charlie Morton,Rays,5,3,0,0,3.45,11,11,68,57,26,7,79,23,1.18,10.41,3.02,3.52,1.5,47.7,4676
Lance Lynn,Rangers,5,4,0,0,3.97,12,12,71,66,31,10,78,25,1.28,9.92,3.19,4,1.5,107.9,2520
James Paxton,Yankees,5,3,0,0,3.89,11,11,66,58,28,10,77,20,1.2,10.61,2.79,3.87,1.5,102.5,11828
Lucas Giolito,White Sox,5,3,0,0,3.74,11,11,68,56,28,10,84,24,1.18,11.14,3.18,3.84,1.5,44.4,15474
Corey Kluber,Rangers,5,4,0,0,4,11,11,68,64,30,9,69,18,1.2,9.11,2.33,3.85,1.5,91.4,2429
Trevor Bauer,Reds,5,4,0,0,3.95,12,12,76,67,33,10,87,29,1.27,10.3,3.43,4.02,1.5,78.4,12703
Mike Clevinger,Indians,5,3,0,0,3.7,11,11,68,57,28,9,81,24,1.2,10.75,3.19,3.72,1.5,20.9,12808
German Marquez,Rockies,4,4,0,0,4.14,11,11,69,67,32,10,71,18,1.22,9.17,2.3,3.91,1.5,197,15038
Walker Buehler,Dodgers,5,3,0,0,3.46,11,11,67,57,26,9,77,17,1.11,10.36,2.31,3.49,1.5,16.9,19374
Aaron Nola,Phillies,4,4,0,0,3.79,12,12,73,65,31,10,79,25,1.23,9.68,3.07,3.9,1.4,62.5,16149
Yu Darvish,Cubs,4,3,0,0,3.86,11,11,67,57,29,9,79,22,1.19,10.62,2.96,3.73,1.4,52.4,13074
Luis Castillo,Reds,4,4,0,0,3.82,12,12,71,62,30,9,78,26,1.24,9.84,3.23,3.92,1.4,39.1,15689
Mike Minor,Rangers,5,4,0,0,4.47,12,12,76,74,38,12,71,23,1.28,8.46,2.77,4.48,1.3,168.6,10021
Sonny Gray,Reds,4,4,0,0,3.98,11,11,66,59,29,8,69,25,1.27,9.38,3.44,3.97,1.3,91.1,12768
Jon Gray,Rockies,4,4,0,0,4.31,11,11,67,66,32,9,67,23,1.32,8.94,3.09,4.2,1.2,281.4,14916
Jose Berrios,Twins,5,4,0,0,4.38,12,12,72,70,35,11,71,22,1.28,8.86,2.78,4.32,1.2,67.3,14168
Matthew Boyd,Tigers,4,4,0,0,4.36,11,11,67,63,32,11,74,20,1.23,9.93,2.67,4.24,1.2,152,15440
Mike Soroka,Braves,4,3,0,0,3.77,11,11,69,68,29,8,58,17,1.24,7.66,2.29,3.94,1.2,112.1,18383
Max Fried,Braves,5,4,0,0,3.74,11,11,66,62,27,7,66,24,1.31,9.04,3.23,3.79,1.2,138.6,13743
Brandon Woodruff,Brewers,4,3,0,0,4.01,11,11,67,62,30,9,72,22,1.27,9.65,2.99,3.98,1.2,80.5,16162
Zack Wheeler,Phillies,4,4,0,0,4.11,11,11,69,67,32,10,67,20,1.26,8.65,2.6,4.19,1.2,154.5,10310
Frankie Montas,Athletics,5,4,0,0,3.9,11,11,64,62,28,8,63,20,1.28,8.89,2.85,3.98,1.2,91.5,14309
Chris Paddack,Padres,4,3,0,0,3.83,11,11,64,58,27,10,67,16,1.16,9.46,2.24,3.97,1.2,50,20099
Zack Greinke,Astros,5,3,0,0,4.05,12,12,74,72,34,12,69,15,1.17,8.37,1.86,4.16,1.2,60.6,1943
Lance McCullers Jr.,Astros,5,3,0,0,3.85,10,10,56,51,24,6,61,23,1.33,9.91,3.7,3.84,1.1,153.6,14120
Carlos Carrasco,Indians,5,3,0,0,3.87,10,10,60,56,26,10,66,14,1.17,9.98,2.11,3.95,1.1,124,6632
Tyler Glasnow,Rays,4,3,0,0,3.58,10,10,53,43,21,7,69,22,1.21,11.74,3.65,3.6,1.1,63.6,14374
Hyun-Jin Ryu,Blue Jays,4,4,0,0,3.98,11,11,68,69,30,11,62,14,1.23,8.23,1.9,4.19,1.1,146,14444
Jesus Luzardo,Athletics,4,2,0,0,3.76,9,11,54,49,23,7,57,16,1.21,9.45,2.74,3.89,1.1,119.9,19959
Andrew Heaney,Angels,4,3,0,0,4.11,11,11,62,58,28,10,68,17,1.2,9.82,2.43,4.13,1.1,194.8,15423
Josh Hader,Brewers,2,1,9,2,2.72,0,28,28,17,8,3,47,11,1,15.18,3.48,2.71,1.1,42.7,14212
Kyle Gibson,Rangers,4,4,0,0,4.71,11,11,66,68,34,9,59,25,1.42,8.12,3.44,4.53,1,448.9,10123
Kyle Hendricks,Cubs,4,4,0,0,4.14,11,11,66,67,31,10,54,15,1.24,7.29,2.08,4.29,1,148.6,12049
Kenta Maeda,Twins,5,4,0,0,4.52,11,14,66,62,33,10,71,24,1.31,9.71,3.34,4.34,1,141.9,18498
Jake Odorizzi,Twins,4,3,0,0,4.36,11,11,62,57,30,10,65,22,1.28,9.47,3.16,4.37,1,178,6397
Joe Musgrove,Pirates,4,5,0,0,4.27,11,11,67,69,32,10,59,16,1.27,7.98,2.15,4.2,1,203.6,12970
Robbie Ray,Diamondbacks,4,4,0,0,4.14,11,11,64,54,29,10,80,30,1.32,11.3,4.23,4.18,1,152.6,11486
Zac Gallen,Diamondbacks,4,3,0,0,3.97,11,11,62,56,27,9,69,23,1.26,9.91,3.25,4.08,1,121.8,19291
Julio Urias,Dodgers,3,3,0,0,4.01,10,13,62,55,28,9,67,24,1.28,9.67,3.51,4.14,1,124.7,14765
Marcus Stroman,Mets,3,3,0,0,3.89,10,10,55,55,24,6,45,18,1.32,7.4,2.94,3.94,1,233.3,13431
Eduardo Rodriguez,Red Sox,4,3,0,0,4.24,11,11,64,61,30,9,66,24,1.32,9.29,3.32,4.22,1,171.6,13164
Shohei Ohtani,Angels,3,2,0,0,3.74,7,7,44,37,18,5,53,18,1.26,10.91,3.63,3.73,0.9,130.5,19755
Garrett Richards,Padres,3,3,0,0,3.95,10,10,56,51,24,7,55,21,1.29,8.9,3.32,4.1,0.9,237.8,9784
Rich Hill,Twins,5,2,0,0,4.19,10,10,56,50,26,9,63,20,1.24,10.16,3.18,4.28,0.9,179.4,4806
Dallas Keuchel,White Sox,4,4,0,0,4.32,11,11,69,72,33,9,55,23,1.37,7.13,3.02,4.47,0.9,281.3,9434
Masahiro Tanaka,Yankees,4,3,0,0,4.47,11,11,62,64,31,11,55,14,1.27,8.01,2.09,4.56,0.9,235.3,15764
Marco Gonzales,Mariners,5,5,0,0,4.41,12,12,71,75,35,11,54,19,1.33,6.94,2.41,4.57,0.9,496,15467
Dylan Bundy,Angels,4,4,0,0,4.47,11,11,66,63,33,11,67,21,1.27,9.14,2.81,4.49,0.9,212.7,12917
Mitch Keller,Pirates,3,3,0,0,4.28,10,10,58,57,28,8,59,23,1.36,9.23,3.5,4.14,0.9,233.1,17594
Dinelson Lamet,Padres,4,4,0,0,4.04,10,10,55,46,24,8,67,24,1.28,10.99,3.99,4.12,0.9,129.5,17186
Kevin Gausman,Giants,3,3,0,0,4.07,10,10,54,53,24,7,50,16,1.28,8.33,2.67,3.97,0.9,445.3,14107
Joey Lucchesi,Padres,3,4,0,0,4.24,11,11,62,61,29,9,59,22,1.34,8.52,3.22,4.29,0.8,273,19320
Corbin Burnes,Brewers,3,2,0,0,4.37,8,14,52,50,25,7,53,20,1.36,9.23,3.52,4.18,0.8,290,19361
Liam Hendriks,Athletics,2,1,11,1,3.13,0,26,26,20,9,3,35,7,1.05,12.13,2.57,2.92,0.8,75.8,3548
Pablo Lopez,Marlins,3,4,0,0,4.15,10,10,59,59,27,8,49,17,1.3,7.59,2.56,4.3,0.8,461.3,17085
Nathan Eovaldi,Red Sox,3,3,0,0,4.6,11,11,61,62,31,9,59,20,1.35,8.69,2.93,4.36,0.8,269.2,9132
Josh James,Astros,4,2,0,0,4.03,8,14,52,42,23,7,66,26,1.32,11.48,4.56,4.09,0.8,217.8,16794
Adrian Houser,Brewers,4,3,0,0,4.29,10,11,58,57,27,8,53,20,1.35,8.32,3.21,4.33,0.8,229,12718
Chris Bassitt,Athletics,4,3,0,0,4.35,9,16,60,57,29,8,55,21,1.32,8.37,3.2,4.41,0.8,382,12304
Caleb Smith,Marlins,4,4,0,0,4.46,11,11,66,61,33,11,69,26,1.32,9.35,3.58,4.58,0.8,245.5,14875
Alex Wood,Dodgers,4,3,0,0,4.08,10,10,55,54,25,8,47,15,1.26,7.75,2.39,4.21,0.8,229,13781
J.A. Happ,Yankees,4,3,0,0,4.59,10,10,58,57,30,10,53,19,1.32,8.31,2.97,4.69,0.8,335,7410
Luke Weaver,Diamondbacks,4,3,0,0,4.39,10,10,54,54,27,9,54,16,1.29,8.88,2.73,4.31,0.8,194.6,16918
Trevor Williams,Pirates,3,4,0,0,4.78,11,11,66,71,35,9,51,21,1.38,6.96,2.83,4.62,0.7,591,16977
Madison Bumgarner,Diamondbacks,4,4,0,0,4.51,12,12,73,73,36,13,67,19,1.26,8.33,2.33,4.66,0.7,139.2,5524
Rick Porcello,Mets,4,4,0,0,4.6,11,11,65,68,33,11,57,17,1.3,7.82,2.31,4.6,0.7,476,2717
Dylan Cease,White Sox,3,3,0,0,4.44,9,9,51,49,25,7,53,25,1.43,9.31,4.32,4.56,0.7,268.1,18525
Yonny Chirinos,Rays,3,3,0,0,4.33,9,13,56,56,27,9,49,14,1.26,7.84,2.25,4.38,0.7,308.2,16401
Brendan McKay,Rays,3,2,0,0,3.82,7,8,40,36,17,6,45,13,1.23,10.19,2.95,3.89,0.7,446,20186
Sean Manaea,Athletics,4,3,0,0,4.16,9,9,52,51,24,8,46,15,1.27,8,2.59,4.4,0.7,181.9,15873
John Means,Orioles,4,4,0,0,5,11,11,63,67,35,12,48,17,1.34,6.91,2.4,5.17,0.7,449.7,16269
Steven Matz,Mets,3,4,0,0,4.36,11,11,61,61,30,9,57,21,1.34,8.4,3.08,4.42,0.7,301.2,13361
Martin Perez,Red Sox,4,4,0,0,4.86,11,11,66,73,36,9,50,25,1.47,6.82,3.39,4.68,0.7,571.5,6902
Jordan Lyles,Rangers,4,4,0,0,5.1,10,11,58,60,33,10,54,22,1.42,8.44,3.43,4.87,0.7,555,7593
Miles Mikolas,Cardinals,3,3,0,0,4.21,10,10,58,61,27,9,44,12,1.26,6.87,1.87,4.37,0.7,275.3,9803
Josh Lindblom,Brewers,3,4,0,0,4.59,10,10,61,62,31,11,57,18,1.31,8.37,2.68,4.67,0.7,340.9,7882
Matt Shoemaker,Blue Jays,3,4,0,0,4.7,9,9,51,53,27,9,48,16,1.33,8.33,2.76,4.62,0.7,405.6,4776
Reynaldo Lopez,White Sox,4,4,0,0,4.86,10,10,59,59,32,10,54,21,1.37,8.32,3.29,4.91,0.7,342.2,16400
Danny Duffy,Royals,4,4,0,0,4.79,11,11,66,67,35,11,58,23,1.36,7.92,3.15,4.77,0.7,561.2,3542
Jon Lester,Cubs,4,4,0,0,4.64,11,11,65,69,34,11,56,22,1.39,7.76,3.06,4.73,0.7,524.8,4930
Edwin Diaz,Mets,2,1,11,1,2.96,0,24,24,17,8,3,36,8,1.04,13.56,3.07,2.87,0.7,113.7,14710
Yusei Kikuchi,Mariners,4,4,0,0,4.61,11,11,65,67,33,10,54,22,1.37,7.42,3.06,4.79,0.7,503,20633
Jose Urquidy,Astros,3,3,0,0,4.41,9,9,51,49,25,9,49,14,1.23,8.68,2.38,4.56,0.7,274.2,18413
Mike Foltynewicz,Braves,4,4,0,0,4.53,11,11,63,62,32,10,57,22,1.34,8.2,3.18,4.65,0.7,217.5,10811
Anthony DeSclafani,Reds,3,3,0,0,4.63,10,10,54,55,28,10,52,15,1.3,8.55,2.55,4.66,0.7,252.4,13050
Ryan Yarbrough,Rays,3,3,0,0,4.35,9,9,52,52,25,8,44,13,1.27,7.59,2.32,4.44,0.7,231.2,16502
Tanner Roark,Blue Jays,4,4,0,0,4.79,11,11,62,64,33,11,54,20,1.35,7.89,2.83,4.82,0.7,572.6,8753
Carlos Martinez,Cardinals,3,3,0,0,3.95,8,14,54,49,24,7,52,23,1.32,8.62,3.78,4.27,0.6,161.3,11682
Ross Stripling,Dodgers,3,2,0,0,4.05,7,13,45,44,20,7,42,11,1.23,8.5,2.24,4.05,0.6,203.6,13273
Tyler Chatwood,Cubs,3,4,0,0,4.64,10,13,62,58,32,6,56,37,1.53,8.06,5.36,4.65,0.6,559.1,4338
Kyle Freeland,Rockies,4,3,0,0,5.04,10,10,57,61,32,9,43,21,1.45,6.81,3.36,4.93,0.6,589.3,16256
Nick Anderson,Rays,2,1,8,3,3.27,0,24,24,18,9,3,36,8,1.07,13.29,2.92,3.11,0.6,122.5,18337
Michael Fulmer,Tigers,3,3,0,0,4.44,8,8,46,46,23,7,38,14,1.32,7.4,2.78,4.57,0.6,569.8,13218
Brad Keller,Royals,4,4,0,0,4.64,11,11,64,66,33,8,48,26,1.44,6.71,3.73,4.74,0.6,576.6,15734
Jose Leclerc,Rangers,1,1,10,1,3.56,0,24,24,18,10,2,35,14,1.29,12.75,5.12,3.53,0.6,150.3,14524
Taylor Rogers,Twins,1,1,11,1,3.37,0,24,24,21,9,2,28,7,1.15,10.46,2.59,3.2,0.6,84.5,13449
Austin Voth,Nationals,3,3,0,0,4.73,8,10,51,51,27,9,45,18,1.36,8.02,3.12,4.82,0.6,372,15047
Aroldis Chapman,Yankees,1,0,11,1,2.94,0,20,20,14,7,2,31,9,1.12,13.84,4.06,3.05,0.6,84.7,10233
Cole Hamels,Braves,3,3,0,0,4.19,9,9,51,49,24,7,48,19,1.33,8.4,3.31,4.42,0.6,441.8,4972
Ryan Weber,Red Sox,3,3,0,0,4.83,9,9,51,59,27,7,33,14,1.42,5.84,2.42,4.66,0.6,599.3,10160
Vince Velasquez,Phillies,4,4,0,0,4.69,10,13,59,57,31,11,62,22,1.35,9.52,3.36,4.76,0.6,518.2,11189
Johnny Cueto,Giants,3,4,0,0,4.3,11,11,62,63,30,9,51,17,1.3,7.36,2.53,4.51,0.6,330.8,6893
Nate Pearson,Blue Jays,2,2,0,0,4.45,7,7,41,40,20,7,42,14,1.3,9.07,2.97,4.43,0.6,999,sa3005097
Jake Arrieta,Phillies,4,4,0,0,4.69,11,11,62,64,32,9,51,23,1.38,7.29,3.27,4.78,0.6,541.1,4153
Daniel Norris,Tigers,3,3,0,0,4.86,8,8,49,51,26,8,43,17,1.39,7.86,3.1,4.66,0.6,596.4,13475
Alex Cobb,Orioles,4,4,0,0,5.17,11,11,66,74,38,13,47,18,1.4,6.34,2.5,5.24,0.6,595.9,6562
Adam Wainwright,Cardinals,3,4,0,0,4.56,10,10,59,62,30,8,48,21,1.43,7.4,3.28,4.56,0.6,532.4,2233
Ken Giles,Blue Jays,1,1,11,0,3.34,0,24,24,20,9,3,32,8,1.16,11.93,2.84,3.36,0.6,97.9,12910
Spencer Turnbull,Tigers,3,4,0,0,4.57,9,14,57,58,29,9,55,22,1.4,8.67,3.47,4.72,0.6,445,16207
Aaron Civale,Indians,3,3,0,0,4.72,9,9,52,56,27,9,40,13,1.33,7.02,2.24,4.78,0.6,236.3,19479
Dustin May,Dodgers,3,2,0,0,4.11,7,12,44,43,20,6,38,12,1.26,7.88,2.43,4.14,0.6,248.1,19716
Jose Quintana,Cubs,3,3,0,0,4.4,7,7,40,41,20,6,35,13,1.34,7.79,2.83,4.34,0.6,552.6,11423
A.J. Puk,Athletics,2,2,0,0,3.97,5,7,33,29,15,4,37,16,1.35,10.01,4.28,4.2,0.6,279.7,19343
Mike Montgomery,Royals,3,3,0,0,4.66,10,10,56,60,29,7,41,21,1.46,6.62,3.45,4.71,0.6,600.9,4869
Dakota Hudson,Cardinals,4,4,0,0,4.49,11,11,63,64,31,7,46,30,1.49,6.54,4.25,4.68,0.6,388.1,19206
Jakob Junis,Royals,4,4,0,0,4.82,10,10,58,61,31,10,52,17,1.34,8.02,2.68,4.78,0.5,581.1,13619
Matt Barnes,Red Sox,2,1,2,6,3.45,0,25,25,19,10,2,37,13,1.27,13.19,4.62,3.21,0.5,500,12863
Griffin Canning,Angels,3,2,0,0,4.32,7,7,41,39,20,6,42,14,1.29,9.36,3.1,4.42,0.5,298.4,19867
Jose Urena,Marlins,2,3,0,0,4.47,9,11,54,55,27,7,42,17,1.33,7.07,2.82,4.53,0.5,593.4,11589
Jeff Hoffman,Rockies,3,3,0,0,5.26,8,12,52,54,31,9,48,22,1.46,8.18,3.83,4.95,0.5,999,17432
MacKenzie Gore,Padres,2,2,0,0,4.03,5,5,31,28,14,4,33,13,1.32,9.51,3.67,4.02,0.5,999,sa3005068
Gio Gonzalez,White Sox,3,3,0,0,4.7,8,10,51,50,26,8,45,21,1.42,8.01,3.82,4.8,0.5,569.9,7448
Brett Anderson,Brewers,3,3,0,0,4.69,10,10,55,63,29,7,32,16,1.44,5.22,2.58,4.76,0.5,591.6,8223
Kirby Yates,Padres,1,1,12,1,3.05,0,23,23,18,8,3,34,7,1.06,12.99,2.79,3.2,0.5,60,9073
Jordan Montgomery,Yankees,3,2,0,0,4.61,8,11,52,53,26,9,47,19,1.38,8.11,3.24,4.82,0.5,293.3,16511
Chad Kuhl,Pirates,3,3,0,0,4.52,7,15,49,50,25,7,45,20,1.43,8.22,3.65,4.47,0.5,596.7,14975
Wade Miley,Reds,3,4,0,0,4.82,10,10,59,63,32,9,48,24,1.47,7.28,3.64,4.92,0.5,548.8,8779
Sandy Alcantara,Marlins,3,4,0,0,4.7,11,11,69,69,36,9,54,30,1.44,7.03,3.94,4.87,0.5,277.7,18684
Ryan Pressly,Astros,1,1,2,5,3.11,0,24,24,19,8,3,30,7,1.1,11.31,2.61,3.33,0.5,286.2,7005
Zach Eflin,Phillies,3,4,0,0,4.91,10,10,55,58,30,10,44,16,1.36,7.22,2.68,4.93,0.5,558.1,13774
Giovanny Gallegos,Cardinals,1,1,5,4,3.64,0,22,22,19,9,3,27,6,1.13,11.03,2.56,3.51,0.5,209.4,14986
Brady Singer,Royals,3,3,0,0,4.88,8,8,48,53,26,7,35,17,1.45,6.47,3.11,4.78,0.5,585.8,25377
Roberto Osuna,Astros,2,1,11,1,3.37,0,21,21,18,8,3,24,5,1.06,10.32,1.96,3.45,0.5,79,13764
Michael Wacha,Mets,3,4,0,0,4.63,10,12,61,63,31,9,51,24,1.43,7.59,3.56,4.73,0.5,582.2,14078
Carlos Rodon,White Sox,3,3,0,0,4.62,7,14,49,47,25,8,49,21,1.4,9.06,3.85,4.75,0.5,579.3,16137
Brad Hand,Indians,2,1,11,1,3.58,0,24,24,19,10,3,31,8,1.15,11.62,3.11,3.61,0.5,95.6,9111
Justus Sheffield,Mariners,3,3,0,0,4.69,9,9,52,52,27,7,47,26,1.5,8.1,4.45,4.77,0.5,470,17285
Will Harris,Nationals,1,1,1,5,3.49,0,23,23,21,9,2,23,6,1.18,8.92,2.37,3.46,0.5,548.4,3192
Homer Bailey,Twins,4,3,0,0,5.21,10,10,56,62,32,10,46,19,1.45,7.41,3.09,5.12,0.4,514.7,8362
Freddy Peralta,Brewers,2,2,0,3,4.28,4,20,37,32,18,6,45,18,1.34,10.81,4.28,4.27,0.4,370.3,18679
Zach Davies,Padres,3,4,0,0,4.7,11,11,61,67,32,9,41,20,1.42,5.99,2.94,4.86,0.4,546.9,13183
Seth Lugo,Mets,1,1,1,5,3.48,0,24,24,20,9,3,27,6,1.11,10.19,2.35,3.42,0.4,263,12447
Zach Plesac,Indians,3,3,0,0,4.8,8,8,48,50,26,8,39,15,1.37,7.39,2.9,4.91,0.4,470.3,19979
Kendall Graveman,Mariners,2,3,0,0,4.87,8,8,48,53,26,8,35,14,1.41,6.51,2.72,4.82,0.4,600.4,15514
Mychal Givens,Orioles,2,1,4,3,3.96,0,24,24,20,11,3,30,10,1.24,11.31,3.79,3.91,0.4,312.1,10430
Anibal Sanchez,Nationals,4,4,0,0,5.04,11,11,61,65,34,12,52,21,1.41,7.55,3.14,5.16,0.4,394.8,3284
Mike Fiers,Athletics,4,4,0,0,4.91,11,11,67,71,36,13,51,20,1.35,6.93,2.67,5.21,0.4,429.3,7754
Merrill Kelly,Diamondbacks,3,4,0,0,4.8,8,13,53,56,28,9,45,18,1.39,7.63,2.97,4.76,0.4,552.9,11156
Sean Newcomb,Braves,3,3,0,0,4.39,7,15,47,43,23,6,46,21,1.38,8.76,4.08,4.5,0.4,477.2,16943
Justin Dunn,Mariners,2,3,0,0,4.85,7,7,42,41,23,7,40,18,1.42,8.55,3.87,4.94,0.4,593.8,19268
Kwang-hyun Kim,Cardinals,3,2,6,2,4.01,4,21,41,41,18,6,37,11,1.27,8.05,2.47,4.19,0.4,366.6,27458
Diego Castillo,Rays,2,1,2,5,3.46,0,22,22,18,9,2,26,8,1.2,10.49,3.31,3.53,0.4,344.8,17496
Ty Buttrey,Angels,2,1,1,5,3.49,0,24,24,21,9,3,28,9,1.23,10.32,3.32,3.67,0.4,573.1,14719
Kenley Jansen,Dodgers,1,1,13,1,3.64,0,23,23,19,9,3,28,6,1.1,10.85,2.47,3.71,0.4,86.3,3096
Joe Jimenez,Tigers,2,1,11,1,3.87,0,24,24,20,10,3,29,9,1.24,10.95,3.54,3.97,0.4,176.1,15761
Drew Smyly,Giants,2,3,0,0,4.56,8,8,49,47,25,8,48,18,1.34,8.84,3.33,4.58,0.4,559.5,11760
Antonio Senzatela,Rockies,3,4,0,0,5.54,10,10,56,65,34,9,35,22,1.55,5.69,3.53,5.25,0.4,600.4,15488
Jonathan Loaisiga,Yankees,2,1,0,0,4.24,4,11,28,27,13,4,31,10,1.31,9.89,3.16,4.15,0.4,563.7,19753
Jeff Samardzija,Giants,4,5,0,0,4.77,12,12,70,73,37,12,55,20,1.32,7.02,2.59,4.86,0.4,404.1,3254
Chad Green,Yankees,1,1,0,5,3.35,0,22,22,17,8,3,29,6,1.08,11.95,2.59,3.45,0.4,564.2,15552
Steven Brault,Pirates,3,4,0,0,4.87,9,16,59,60,32,8,51,31,1.54,7.85,4.66,4.91,0.4,600.6,15291
Will Smith,Braves,1,1,4,4,3.25,0,21,21,17,8,3,29,7,1.14,12.01,3.08,3.39,0.4,192.4,8048
Kyle Wright,Braves,2,2,0,0,4.45,6,10,38,38,19,5,36,15,1.4,8.45,3.61,4.49,0.4,511.6,19665
Craig Kimbrel,Cubs,1,1,12,0,3.58,0,24,24,17,10,3,34,12,1.21,12.69,4.55,3.79,0.4,132.5,6655
Andrew Chafin,Diamondbacks,1,1,0,7,3.43,0,25,25,22,9,3,27,10,1.28,9.96,3.67,3.72,0.4,600,12988
Chase Anderson,Blue Jays,3,4,0,0,5.08,10,10,56,57,31,11,48,19,1.37,7.77,3.14,5.34,0.4,586.9,6895
David Peterson,Mets,1,1,0,0,4.14,4,4,24,24,11,2,20,9,1.39,7.47,3.45,4.22,0.4,601,sa829588
Raisel Iglesias,Reds,2,2,11,1,3.94,0,24,24,21,11,4,28,8,1.21,10.65,3.11,4.12,0.3,115.7,17130
Zack Britton,Yankees,1,0,2,6,3.36,0,24,24,21,9,2,22,12,1.38,8.29,4.44,3.75,0.3,298,3240
Eric Lauer,Brewers,2,2,0,0,4.74,6,10,38,39,20,7,35,14,1.4,8.25,3.33,4.89,0.3,590.8,19316
Jairo Diaz,Rockies,2,1,1,6,4.12,0,24,24,23,11,2,24,10,1.35,8.95,3.65,3.91,0.3,583.1,12774
Matt Hall,Red Sox,2,2,0,0,4.79,5,9,32,32,17,5,31,15,1.47,8.58,4.15,4.71,0.3,999,18076
Mark Melancon,Braves,1,1,8,3,3.95,0,24,24,24,11,3,22,7,1.31,8.24,2.71,3.71,0.3,173.7,4264
Ryne Stanek,Marlins,1,1,2,4,3.7,0,24,24,20,10,3,29,10,1.27,10.81,3.92,3.75,0.3,580.3,15947
Joe Kelly,Dodgers,1,1,0,7,3.44,0,24,24,21,9,2,26,11,1.3,9.75,3.95,3.54,0.3,599.5,9761
Emilio Pagan,Padres,1,1,0,7,3.58,0,24,24,20,10,4,29,7,1.1,10.8,2.54,3.75,0.3,298.9,14771
Sean Doolittle,Nationals,2,1,7,3,3.89,0,22,22,20,10,4,24,6,1.14,9.87,2.27,3.92,0.3,176.4,1581
Tyler Duffey,Twins,1,1,0,7,4.01,0,24,24,22,11,4,28,7,1.22,10.32,2.71,3.86,0.3,589.1,13758
Trent Thornton,Blue Jays,2,2,0,0,4.9,5,15,38,40,21,7,35,12,1.37,8.33,2.89,4.84,0.3,591.7,17948
Ivan Nova,Tigers,3,4,0,0,5.33,10,10,56,68,33,11,35,13,1.45,5.65,2.1,5.37,0.3,597.1,1994
Tyler Anderson,Giants,2,2,0,0,4.17,5,9,34,33,16,5,33,11,1.28,8.58,2.91,4.35,0.3,599.3,12880
Framber Valdez,Astros,2,2,0,0,4,4,11,28,25,13,3,30,14,1.4,9.5,4.54,4.28,0.3,584.4,17295
Matt Manning,Tigers,2,2,0,0,4.84,5,5,28,28,15,4,25,12,1.45,8.19,3.99,4.84,0.3,999,sa917924
Logan Webb,Giants,2,2,0,0,4.22,5,7,30,29,14,3,25,12,1.38,7.59,3.5,4.28,0.3,599.1,17995
Archie Bradley,Diamondbacks,1,1,12,1,3.82,0,24,24,22,10,3,26,10,1.31,9.8,3.74,3.92,0.3,143.2,12918
Spencer Howard,Phillies,1,2,0,0,4.68,4,4,24,23,13,4,24,11,1.39,9.11,3.97,4.61,0.3,293.4,sa3004923
Keone Kela,Pirates,1,1,8,2,3.69,0,18,18,15,8,2,23,7,1.19,11.04,3.51,3.67,0.3,216.1,14696
Hector Neris,Phillies,1,1,9,2,3.69,0,22,22,18,9,4,29,8,1.2,11.72,3.37,3.98,0.3,115,11804
Brandon Workman,Red Sox,2,1,11,1,3.9,0,25,25,21,11,3,32,12,1.31,11.47,4.43,3.92,0.3,133.2,11428
Drew Pomeranz,Padres,1,1,0,5,3.41,0,21,21,17,8,2,27,9,1.23,11.45,3.83,3.34,0.3,434.6,11426
Jake Diekman,Athletics,1,1,0,6,3.55,0,23,23,18,9,2,30,13,1.35,11.49,5.18,3.62,0.3,600.5,5003
James Karinchak,Indians,1,0,1,5,3.4,0,21,21,14,8,2,33,14,1.32,14.25,5.93,3.42,0.3,393.9,20151
Aaron Bummer,White Sox,1,0,1,5,3.64,0,24,24,22,10,2,23,10,1.33,8.78,3.75,3.98,0.3,516.9,16258
Scott Oberg,Rockies,1,1,1,4,3.9,0,21,21,20,9,2,20,8,1.34,8.62,3.44,4.03,0.3,297.4,13911
Wade LeBlanc,Orioles,2,3,0,0,5.7,8,8,47,55,30,11,35,15,1.46,6.58,2.75,5.65,0.3,999,5221
Rafael Montero,Rangers,1,1,1,4,3.9,0,21,21,20,9,3,23,7,1.27,9.91,3.1,4.11,0.3,564.9,12760
Zack Godley,Red Sox,2,2,0,0,5.06,6,8,37,38,21,6,31,16,1.48,7.73,3.96,4.94,0.3,599.2,14862
Trevor Gott,Giants,1,1,2,5,3.62,0,20,20,19,8,2,20,8,1.3,8.84,3.44,3.61,0.3,597.4,15046
Austin Adams,Mariners,1,1,3,3,3.09,0,19,19,13,7,2,29,10,1.24,13.47,4.85,3.03,0.3,532.7,13801
Jose Alvarado,Rays,2,1,3,5,3.41,0,22,22,17,8,2,28,12,1.34,11.2,5.05,3.47,0.3,516.8,17780
Randy Dobnak,Twins,2,1,0,0,4.55,3,12,27,30,13,3,18,7,1.39,6.18,2.48,4.51,0.3,590.2,23798
Brent Suter,Brewers,1,1,0,6,3.99,1,24,26,26,12,4,24,6,1.21,8.19,2.05,4.2,0.3,588.1,13942
Taijuan Walker,Mariners,3,3,0,0,4.73,8,8,46,48,24,8,41,17,1.39,7.87,3.25,5.05,0.3,547.4,11836
Matt Andriese,Angels,2,2,0,0,4.67,4,11,31,32,16,5,29,11,1.36,8.53,3.05,4.7,0.3,598.8,12022
Julio Teheran,Angels,4,4,0,0,5,11,11,65,63,36,13,59,28,1.41,8.22,3.87,5.38,0.3,501.2,6797
Adam Ottavino,Yankees,2,1,1,6,4.04,0,25,25,20,11,4,33,14,1.34,11.82,4.99,4.27,0.3,529.4,1247
Adam Morgan,Phillies,1,1,1,7,4.2,0,22,22,21,10,3,22,9,1.35,8.74,3.52,4.1,0.2,598.9,12580
Ian Kennedy,Royals,1,1,10,1,4.19,0,24,24,23,11,4,25,8,1.27,9.44,2.92,4.22,0.2,183.3,6986
Craig Stammen,Padres,2,2,0,6,3.81,0,24,24,23,10,3,22,6,1.23,8.18,2.35,3.9,0.2,599.1,7274
Jose Alvarez,Phillies,1,1,0,6,3.94,0,23,23,22,10,3,20,8,1.31,7.85,3.02,4.06,0.2,598.7,5358
Jorge Lopez,Royals,2,2,0,0,5.09,5,10,33,36,19,5,28,13,1.45,7.49,3.45,4.81,0.2,597.3,14527
Tommy Kahnle,Yankees,1,1,0,6,3.61,0,25,25,20,10,4,34,11,1.23,12.19,3.81,3.75,0.2,591,11384
Amir Garrett,Reds,1,1,0,6,4.09,0,25,25,22,11,4,31,12,1.35,11.13,4.32,4.13,0.2,592.7,14375
Jordan Yamamoto,Marlins,2,2,0,0,4.7,6,6,34,32,18,5,32,15,1.39,8.46,4.01,4.83,0.2,571.9,17585
Nick Burdi,Pirates,0,0,1,3,4.22,0,16,16,13,7,1,21,7,1.28,12,4.11,2.8,0.2,503.6,16074
Blake Treinen,Dodgers,2,1,1,5,3.57,0,23,23,20,9,2,24,9,1.29,9.27,3.68,3.75,0.2,404.6,12572
Alec Mills,Cubs,2,2,0,0,4.92,5,11,37,39,20,6,31,13,1.4,7.63,3.19,4.98,0.2,582.1,13834
Michael Pineda,Twins,1,1,0,0,4.59,3,3,17,18,9,3,15,4,1.27,8.27,2.04,4.49,0.2,532.9,5372
Tyler Mahle,Reds,2,2,0,2,4.35,2,15,27,26,13,4,27,8,1.29,8.99,2.79,4.32,0.2,559.3,16358
Elieser Hernandez,Marlins,2,2,0,0,4.76,5,10,33,32,18,6,33,12,1.33,8.92,3.25,4.92,0.2,581.2,16933
Nick Pivetta,Phillies,1,1,1,5,4.39,1,20,26,25,13,4,29,10,1.31,9.82,3.29,4.25,0.2,581.1,15454
Hansel Robles,Angels,1,1,9,2,4.08,0,24,24,22,11,3,26,9,1.3,9.68,3.43,4.14,0.2,133.9,11801
Richard Bleier,Orioles,1,1,1,5,4.31,0,24,24,27,12,3,14,5,1.33,5.18,1.95,4.37,0.2,601,7803
Joakim Soria,Athletics,1,1,1,6,3.87,0,23,23,21,10,3,25,8,1.24,9.67,3.01,4.01,0.2,595.1,6941
Alex Young,Diamondbacks,2,3,0,1,4.71,5,18,41,42,21,6,35,16,1.42,7.82,3.56,4.87,0.2,597.2,18333
Dellin Betances,Mets,1,1,1,4,3.2,0,20,20,15,7,2,29,10,1.21,13,4.36,3.35,0.2,407.3,6216
Luke Jackson,Braves,1,1,0,5,3.46,0,21,21,18,8,2,26,9,1.26,10.91,3.8,3.61,0.2,588.8,11752
Asher Wojciechowski,Orioles,3,4,0,0,5.76,9,9,51,56,33,13,46,20,1.47,8.08,3.47,5.96,0.2,593.6,10836
Kolby Allard,Rangers,1,1,0,0,4.81,2,5,17,18,9,3,14,6,1.44,7.43,3.45,4.83,0.2,600.7,18694
Chris Devenski,Astros,1,1,0,7,4.14,0,23,23,21,11,4,25,7,1.22,9.63,2.69,4.22,0.2,595.7,12763
Rowan Wick,Cubs,1,1,0,6,4.19,0,24,24,22,11,3,25,12,1.43,9.39,4.6,4.21,0.2,568.8,14646
Yusmeiro Petit,Athletics,1,1,0,6,4.24,0,27,27,26,13,5,24,6,1.2,8.09,2.02,4.35,0.2,554.9,4020
Erick Fedde,Nationals,1,2,0,0,4.87,4,9,26,29,14,4,20,10,1.46,6.76,3.39,4.86,0.2,600,17425
Tony Watson,Giants,1,1,7,3,3.85,0,23,23,23,10,3,20,7,1.25,7.63,2.55,4.01,0.2,333.9,3132
Matt Magill,Mariners,1,1,5,3,4.2,0,22,22,20,10,3,25,9,1.3,10.23,3.61,4.2,0.2,346.4,3950
Derek Holland,Pirates,2,3,0,0,5.09,6,16,45,46,26,7,41,21,1.5,8.18,4.28,5.03,0.2,999,4141
Justin Wilson,Mets,1,1,1,6,3.77,0,22,22,19,9,3,27,11,1.34,10.95,4.47,3.89,0.2,599.5,4301
Buck Farmer,Tigers,2,2,1,5,4.39,0,24,24,23,12,3,24,10,1.38,9.02,3.72,4.37,0.2,596.4,14814
Chris Martin,Braves,1,0,0,5,3.24,0,19,19,18,7,2,20,4,1.12,9.35,1.72,3.37,0.2,592.6,11847
Tarik Skubal,Tigers,1,1,0,0,4.76,3,3,17,17,9,3,18,7,1.38,9.16,3.72,4.82,0.2,594.1,sa3007593
Nick Wittgren,Indians,1,1,1,6,4.43,0,24,24,23,12,4,23,7,1.29,8.72,2.8,4.29,0.2,591.9,15594
Scott Barlow,Royals,1,1,0,5,4.16,0,24,24,21,11,3,27,12,1.38,10.28,4.45,4.18,0.2,596.1,14993
Oliver Drake,Rays,1,1,0,5,3.43,0,20,20,17,8,2,24,8,1.21,10.83,3.34,3.55,0.2,600.8,8823
Corey Knebel,Brewers,1,1,2,3,3.45,0,18,18,14,7,2,26,9,1.25,12.75,4.43,3.61,0.2,339.7,15010
Trevor Richards,Rays,1,1,0,0,4.55,3,11,26,25,13,4,25,10,1.35,8.89,3.43,4.68,0.2,555.2,19309
Sergio Romo,Twins,1,1,1,6,4.64,0,25,25,25,13,4,24,8,1.32,8.83,2.96,4.57,0.2,573.2,9817
Carlos Estevez,Rockies,1,1,1,4,4.18,0,20,20,19,9,3,22,8,1.31,9.58,3.37,4.08,0.2,600.5,14542
Alex Claudio,Brewers,1,1,0,5,3.86,0,20,20,21,9,2,13,6,1.36,5.93,2.85,3.96,0.2,999,12890
Brandon Kintzler,Marlins,1,1,8,2,3.97,0,24,24,25,11,3,19,7,1.31,7,2.6,4.13,0.2,256.5,9939
Daniel Mengden,Athletics,2,2,0,0,4.85,4,7,25,26,13,4,19,8,1.39,6.82,3,4.95,0.2,600.5,16980
Patrick Sandoval,Angels,1,1,0,0,4.27,2,4,16,15,7,2,16,7,1.36,8.87,3.72,4.46,0.2,591.2,19447
Jeurys Familia,Mets,1,1,0,5,3.93,0,22,22,20,10,2,23,11,1.42,9.2,4.63,3.84,0.2,598.1,5114
Jhoulys Chacin,Braves,1,2,0,0,4.91,4,5,23,24,12,4,19,9,1.44,7.61,3.62,4.99,0.2,599.1,2608
Chaz Roe,Rays,1,1,0,7,4.06,0,24,24,21,11,3,27,11,1.34,10.06,4.25,4.12,0.2,592.6,9866
Andrew Miller,Cardinals,2,1,1,5,3.67,0,20,20,17,8,2,24,9,1.28,10.75,3.84,3.9,0.2,560.5,6785
Anthony Bass,Blue Jays,1,1,1,5,4.35,0,24,24,24,12,3,22,8,1.31,8.1,2.86,4.36,0.2,597.6,7982
Alex Colome,White Sox,2,1,11,1,4.2,0,24,24,23,11,3,23,9,1.31,8.75,3.26,4.35,0.2,132.5,6661
Robbie Erlin,Pirates,1,1,0,0,4.57,2,5,17,19,9,3,13,4,1.35,6.84,2.16,4.48,0.2,999,10354
Yoshihisa Hirano,Mariners,2,1,1,4,4.16,0,20,20,19,9,3,19,8,1.32,8.62,3.39,4.26,0.2,550.4,19756
Daniel Ponce de Leon,Cardinals,2,2,0,4,4.44,2,21,32,30,16,4,32,16,1.42,8.93,4.49,4.65,0.2,570.7,16110
Michael Lorenzen,Reds,1,1,1,6,4.1,0,24,24,23,11,3,22,9,1.34,8.3,3.45,4.24,0.2,538.6,14843
Trevor May,Twins,1,1,1,5,4.11,0,22,22,19,10,3,26,10,1.27,10.61,3.86,4.23,0.2,563.7,6398
Oliver Perez,Indians,2,1,0,7,4.15,0,23,23,21,11,4,26,8,1.21,9.96,2.95,4.19,0.2,999,1514
Colten Brewer,Red Sox,2,1,0,1,4.28,2,14,23,22,11,2,20,11,1.46,8.12,4.33,4.32,0.2,999,12997
Daniel Hudson,Nationals,2,1,5,4,4.6,0,24,24,23,12,4,24,10,1.4,8.86,3.86,4.58,0.2,267.3,7146
Brett Martin,Rangers,1,1,0,3,3.89,0,18,18,17,8,2,17,6,1.33,8.57,3.25,4,0.2,999,17369
Marcus Walden,Red Sox,1,1,0,5,4.35,0,21,21,21,10,2,19,9,1.4,8.08,3.66,4.05,0.2,999,8004
Dean Kremer,Orioles,1,2,0,0,5.54,5,5,28,29,17,6,25,13,1.51,8.16,4.08,5.61,0.2,999,sa876350
Andrew Suarez,Giants,1,2,0,0,4.77,4,7,25,27,13,3,18,8,1.43,6.48,3.05,4.73,0.2,999,18300
Shane Greene,Braves,1,1,1,7,3.94,0,24,24,22,11,3,24,8,1.25,9.04,2.95,4.14,0.1,571.4,10756
Brad Wieck,Cubs,1,1,0,4,3.72,0,20,20,15,8,3,27,9,1.26,12.37,4.29,3.92,0.1,999,16390
Ryan Borucki,Blue Jays,2,2,0,0,5.01,4,9,26,28,15,4,21,10,1.44,7.21,3.38,5.05,0.1,599.8,16350
Pedro Baez,Dodgers,2,1,0,6,4.26,0,24,24,22,11,4,25,10,1.29,9.28,3.56,4.43,0.1,582.6,5420
Tyler Alexander,Tigers,1,2,0,2,4.86,2,17,25,28,14,5,20,5,1.31,7.14,1.76,4.78,0.1,600.6,17735
Lou Trivino,Athletics,1,1,0,5,4.12,0,21,21,19,10,2,21,9,1.36,8.83,4,4.07,0.1,599.7,15043
Cam Bedrosian,Angels,1,1,1,6,4.16,0,22,22,21,10,3,23,9,1.34,9.22,3.55,4.21,0.1,600.8,13360
Michael Feliz,Pirates,1,1,1,4,4.12,0,20,20,18,9,3,25,9,1.33,10.87,4.06,4.02,0.1,598.7,11903
Bryse Wilson,Braves,1,1,0,1,4.16,1,13,19,19,9,3,19,6,1.28,8.69,2.67,4.15,0.1,599.5,19990
Brusdar Graterol,Dodgers,1,1,0,4,3.66,0,17,17,15,7,1,17,6,1.27,9.19,3.5,3.62,0.1,578,20367
Kohl Stewart,Orioles,1,2,0,0,5.54,4,9,29,32,18,5,20,13,1.58,6.12,4.11,5.48,0.1,999,15502
Heath Hembree,Red Sox,1,1,0,7,4.61,0,22,22,21,11,4,24,9,1.34,9.86,3.51,4.49,0.1,999,11632
Jesse Chavez,Rangers,1,1,1,4,4.5,0,19,19,20,10,3,18,5,1.31,8.29,2.5,4.42,0.1,600.5,5448
Kevin Ginkel,Diamondbacks,1,1,0,5,3.94,0,22,22,18,10,3,28,10,1.26,11.4,4.02,3.98,0.1,552.6,19876
Jeremy Jeffress,Cubs,1,1,0,5,4.02,0,20,20,20,9,2,17,7,1.33,7.66,3.26,4.11,0.1,599,9490
Jace Fry,White Sox,1,1,0,5,4.08,0,20,20,17,9,2,24,12,1.43,10.53,5.35,4.17,0.1,999,16159
Cal Quantrill,Padres,1,2,0,0,4.65,2,14,26,27,13,4,21,8,1.37,7.4,2.89,4.64,0.1,592.5,19312
Tommy Milone,Orioles,2,3,0,0,5.72,7,8,40,46,25,10,32,11,1.42,7.07,2.45,5.83,0.1,600.8,7608
Austin Pruitt,Astros,2,1,0,1,4.81,2,15,26,28,14,5,22,7,1.35,7.45,2.4,4.73,0.1,595,15290
David Phelps,Brewers,1,1,0,6,4.17,0,22,22,21,10,3,22,10,1.36,8.94,3.87,4.35,0.1,999,6316
Casey Mize,Tigers,1,1,0,0,5.01,2,2,14,15,8,2,11,4,1.39,6.93,2.72,5.05,0.1,999,sa3008444
Clay Buchholz,,1,1,0,0,5.12,4,4,20,22,12,4,15,6,1.41,6.48,2.85,5.18,0.1,999,3543
Zack Littell,Twins,1,1,0,4,4.11,0,17,17,16,8,2,16,6,1.33,8.69,3.41,4.16,0.1,999,15823
Pedro Strop,Reds,1,1,0,5,4.19,0,22,22,20,10,3,24,10,1.33,9.7,3.91,4.26,0.1,596.9,4070
Forrest Whitley,Astros,2,2,0,0,5,4,4,21,20,11,4,22,12,1.51,9.75,5.08,5.2,0.1,999,sa917930
Wander Suero,Nationals,2,1,0,5,4.08,0,20,20,19,9,3,21,8,1.33,9.22,3.34,4.1,0.1,597.5,15855
Nick Neidert,Marlins,1,2,0,0,4.86,4,5,23,24,12,4,18,8,1.41,7.27,3.28,5.02,0.1,999,18699
John Gant,Cardinals,1,1,0,6,4.18,0,23,23,22,11,3,21,10,1.37,8.3,3.84,4.41,0.1,596.6,13684
Junior Guerra,Diamondbacks,2,2,1,5,4.49,0,24,24,22,12,3,23,10,1.36,8.48,3.8,4.52,0.1,600.9,5702
Rafael Dolis,Blue Jays,2,1,0,0,4,0,16,16,15,7,2,16,6,1.33,9,3.5,3.99,0.1,600.3,4185
Michael King,Yankees,1,1,0,0,4.78,2,7,16,17,8,3,13,4,1.34,7.14,2.37,4.8,0.1,598,19853
Danny Salazar,,1,2,0,0,5.17,3,10,25,26,14,4,23,11,1.5,8.44,4.09,5,0.1,600.4,5867
Hunter Harvey,Orioles,1,1,4,3,4.73,0,21,21,20,11,4,21,8,1.36,9.02,3.51,4.7,0.1,333.9,15507
Peter Lambert,Rockies,1,1,0,0,5.58,4,4,21,24,13,4,14,7,1.5,6.01,2.93,5.48,0.1,999,17969
Brandon Brennan,Mariners,2,2,0,5,4.16,0,22,22,21,10,2,22,11,1.43,8.85,4.36,4.22,0.1,600.8,13527
Ervin Santana,,1,1,0,0,5.24,3,3,18,19,10,3,13,6,1.39,6.45,2.94,5.32,0.1,999,3200
Miguel Castro,Orioles,1,1,0,4,4.64,0,21,21,20,11,3,19,11,1.46,7.94,4.68,4.76,0.1,999,15684
Kyle Ryan,Cubs,1,1,0,7,4.28,0,23,23,23,11,2,21,11,1.47,8.05,4.42,4.39,0.1,999,11753
Peter Fairbanks,Rays,1,1,1,4,3.74,0,18,18,16,8,2,22,8,1.3,10.71,3.8,3.85,0.1,600.2,17998
Darren O'Day,Braves,0,0,0,3,4.17,0,17,17,15,8,2,17,6,1.24,9.28,3.29,4.05,0.1,999,3321
Dereck Rodriguez,Giants,1,2,0,0,4.67,3,12,27,28,14,4,21,9,1.38,6.94,2.98,4.76,0.1,999,14509
Erik Swanson,Mariners,1,1,0,5,4.61,1,23,26,25,13,5,26,8,1.27,9,2.69,4.65,0.1,999,16587
Clayton Richard,,1,1,0,0,5.15,2,2,14,16,8,2,9,5,1.51,5.86,3.37,5.12,0.1,999,3551
Matt Strahm,Padres,1,1,0,5,3.93,0,20,20,19,9,3,21,6,1.22,9.5,2.61,4.16,0.1,588.2,13799
Devin Smeltzer,Twins,1,1,0,0,4.65,1,9,15,16,8,3,13,4,1.33,7.58,2.4,4.73,0.1,600.8,19487
Richard Rodriguez,Pirates,2,1,1,6,4.21,0,25,25,24,12,4,25,9,1.32,9.11,3.15,4.44,0.1,596.5,13549
Ryan Brasier,Red Sox,1,1,0,4,4.29,0,18,18,17,8,3,18,6,1.28,9.16,3.03,4.29,0.1,593,5615
Logan Allen,Indians,2,2,0,0,5.22,5,11,34,36,20,7,31,15,1.48,8.2,3.96,5.33,0.1,598.5,18555
Aaron Sanchez,,1,1,0,0,4.68,2,7,16,16,8,2,14,8,1.49,7.7,4.34,4.86,0.1,999,11490
Yimi Garcia,Marlins,1,1,0,5,4.48,0,20,20,20,10,3,20,5,1.24,8.93,2.4,4.38,0.1,598.3,12095
Noe Ramirez,Angels,1,1,0,4,4.26,0,17,17,15,8,3,18,6,1.27,9.9,3.15,4.28,0.1,600.4,12800
Chris Stratton,Pirates,1,2,0,4,4.74,1,19,25,26,13,4,21,9,1.44,7.63,3.3,4.61,0.1,999,13761
Anthony Kay,Blue Jays,1,2,0,0,5.2,3,7,21,22,12,4,19,10,1.51,8.17,4.36,5.29,0.1,600.8,20387
Kelvin Herrera,White Sox,1,1,0,4,4.54,0,18,18,18,9,3,17,6,1.34,8.67,3.11,4.46,0.1,599.7,6033
Andrew Kittredge,Rays,1,0,0,1,3.39,0,13,13,12,5,1,14,4,1.18,9.62,2.56,3.48,0.1,600.6,12828
Shun Yamaguchi,Blue Jays,1,1,0,4,4.64,1,18,21,20,11,3,22,9,1.38,9.27,3.66,4.66,0.1,598.3,27460
Tony Gonsolin,Dodgers,1,1,0,0,4.76,3,7,21,21,11,4,20,9,1.4,8.56,3.81,5.13,0.1,555.4,19388
Taylor Clarke,Diamondbacks,1,2,0,0,5.14,2,12,24,25,14,4,19,9,1.41,7.26,3.27,5.16,0.1,999,17611
Tanner Rainey,Nationals,1,1,0,6,4.27,0,22,22,17,11,3,30,16,1.5,12.2,6.65,4.42,0.1,598.6,17610
Chi Chi Gonzalez,Rockies,1,1,0,0,5.53,2,6,14,16,9,2,10,6,1.55,6.66,4.03,5.3,0.1,999,14663
Sam Gaviglio,Blue Jays,1,1,0,5,4.48,0,20,20,21,10,3,18,5,1.29,7.89,2.36,4.47,0.1,600.8,12778
Austin Gomber,Cardinals,1,1,0,0,4.34,1,13,19,18,9,3,18,7,1.34,8.69,3.52,4.56,0.1,600.5,16561
Jaime Barria,Angels,1,2,0,0,5.24,4,7,25,26,14,5,20,7,1.36,7.46,2.66,5.32,0.1,601,18356
Nick Margevicius,Mariners,1,1,0,0,4.92,2,2,10,11,6,2,8,3,1.36,6.6,2.36,4.96,0.1,999,20395
Tim Hill,Padres,1,1,0,4,3.85,0,18,18,17,8,2,16,6,1.33,8.16,3.21,4.12,0.1,999,16814
Matt Harvey,,1,1,0,0,5.31,3,3,17,19,10,3,13,6,1.42,6.77,2.97,5.28,0.1,999,11713
Paul Fry,Orioles,1,1,0,4,4.2,0,18,18,17,9,2,18,9,1.43,8.79,4.39,4.57,0.1,999,15832
Evan Marshall,White Sox,1,1,0,4,4.35,0,19,19,19,9,2,17,8,1.42,7.83,3.7,4.43,0.1,999,12297
Shawn Armstrong,Orioles,1,1,1,3,4.59,0,16,16,14,8,2,16,7,1.4,9.41,4.19,4.68,0.1,999,12857
Robert Stephenson,Reds,1,1,0,4,4.15,0,18,18,16,9,3,23,9,1.35,11.18,4.56,4.46,0.1,597,13594
Kyle Crick,Pirates,1,1,2,4,4.29,0,24,24,22,11,3,26,13,1.43,9.89,4.85,4.41,0.1,447.7,13182
Chris Mazza,Red Sox,1,1,0,0,5.1,2,4,12,14,7,2,9,4,1.46,6.44,3.05,4.98,0.1,999,14151
Deivi Garcia,Yankees,0,0,0,0,4.91,1,1,7,7,4,1,8,4,1.45,10.1,4.57,5.03,0.1,999,sa916944
Conner Menez,Giants,1,1,0,0,4.34,2,10,19,17,9,3,20,9,1.4,9.46,4.5,4.6,0.1,999,19199
Sixto Sanchez,Marlins,0,1,0,0,4.47,1,1,7,7,3,1,5,2,1.34,6.91,2.64,4.67,0.1,999,sa873550
Jesse Hahn,Royals,1,1,0,1,4.75,1,12,18,19,10,2,15,9,1.52,7.23,4.29,4.72,0.1,999,13287
Jose De Leon,Reds,1,1,0,0,4.74,1,7,13,12,7,2,14,6,1.43,9.88,4.35,4.83,0.1,600.3,15463
Jonathan Brubaker,Pirates,0,1,0,0,4.83,1,3,9,9,5,1,7,3,1.45,7.14,3.4,4.77,0.1,999,17578
Jose Suarez,Angels,0,0,0,0,4.81,1,1,7,7,4,1,6,3,1.42,8.15,3.58,5.08,0.1,999,19911
Tommy Hunter,Phillies,1,1,1,4,4.13,0,17,17,17,8,2,14,5,1.28,7.62,2.53,4.31,0.1,999,1157
Lucas Sims,Reds,1,1,0,3,4.55,1,15,18,16,9,3,23,9,1.34,11.43,4.23,4.68,0.1,600.9,13470
Jose Cisnero,Tigers,1,1,0,6,4.97,0,24,24,24,13,4,25,13,1.5,9.45,4.71,4.93,0.1,999,6399
Tom Eshelman,Orioles,1,1,0,0,5.58,2,4,12,14,8,3,8,3,1.45,6,2.49,5.62,0.1,999,18361
Joseph Palumbo,Rangers,0,0,0,0,4.64,1,6,9,9,5,1,10,4,1.4,9.65,4.06,4.44,0.1,600.5,17035
Daniel Gossett,,1,1,0,0,4.7,1,5,11,11,6,2,9,4,1.39,7.23,3.23,4.89,0.1,999,16164
Fernando Rodney,,0,0,0,0,4.27,0,9,9,9,4,1,9,5,1.45,9.16,4.71,4.43,0.1,600.9,494
Jonathan Holder,Yankees,1,1,0,4,4.6,0,18,18,17,9,3,18,6,1.32,9.32,3.14,4.74,0.1,999,16588
Joe Biagini,Astros,1,1,0,5,4.59,0,20,20,21,10,3,18,8,1.39,7.85,3.4,4.43,0.1,999,13194
Brad Peacock,Astros,1,1,0,4,4.21,0,17,17,15,8,3,19,6,1.27,10.41,3.42,4.29,0.1,583.7,5401
Adbert Alzolay,,0,1,0,0,4.92,1,4,10,9,5,2,10,5,1.45,9.06,4.35,5.18,0.1,600.9,17859
Hector Rondon,Diamondbacks,1,1,1,5,4.17,0,22,22,22,10,3,20,7,1.31,8.12,2.93,4.38,0.1,600,2391
Jordan Zimmermann,Tigers,1,1,0,0,5.6,2,2,10,12,6,2,8,3,1.43,6.47,2.22,5.41,0.1,600.3,4505
Adam Plutko,Indians,2,2,0,3,5.29,2,18,29,32,17,6,24,8,1.37,7.35,2.58,5.32,0.1,598.1,15846
Mike Mayers,Angels,1,1,0,3,4.45,0,17,17,16,8,3,16,6,1.36,8.69,3.37,4.57,0.1,999,15451
Tanner Scott,Orioles,1,1,0,2,3.75,0,13,13,11,5,1,16,7,1.35,11.02,4.79,3.73,0.1,999,17586
Adrian Morejon,,0,0,0,0,4.3,1,4,7,7,3,1,8,3,1.39,9.7,4.25,4.45,0,600.7,20039
Jason Vargas,,1,1,0,0,5.61,4,4,21,23,13,4,16,8,1.49,7.09,3.56,5.74,0,999,8044
Tyler Rogers,Giants,1,1,3,5,4.01,0,24,24,24,11,2,18,10,1.42,6.73,3.83,4.25,0,489.3,15541
Nick Goody,Rangers,1,1,0,6,5.01,0,25,25,23,14,5,29,12,1.41,10.28,4.29,5.14,0,999,13685
Marco Estrada,,1,2,0,0,5.74,4,4,21,22,13,4,16,8,1.47,6.88,3.5,5.77,0,999,1118
Adam Kolarek,Dodgers,1,0,0,1,3.53,0,10,10,10,4,1,8,3,1.3,7,2.94,3.71,0,999,10843
Stephen Tarpley,Marlins,1,1,0,3,4.06,0,17,17,16,8,2,17,9,1.44,8.97,4.62,4.3,0,999,15859
Ashton Goudeau,Rockies,1,1,0,0,5.48,1,9,14,16,9,3,12,5,1.44,7.29,3.05,5.36,0,999,sa658634
Corey Oswalt,,1,1,0,0,4.79,1,7,13,13,7,2,11,4,1.36,7.74,2.84,4.83,0,999,13677
Robert Dugger,Marlins,1,1,0,0,5.01,2,10,21,22,12,4,17,8,1.42,7.15,3.37,5.2,0,999,19191
Ryan Helsley,Cardinals,1,1,2,6,4.29,0,22,22,20,11,3,23,10,1.37,9.14,4.13,4.41,0,340.1,18138
Glenn Sparkman,Royals,1,1,0,0,5.54,2,12,23,27,14,4,15,7,1.45,5.75,2.58,5.29,0,600.9,15200
Trevor Cahill,Giants,1,1,0,1,4.31,1,15,18,17,8,2,15,7,1.37,7.93,3.5,4.24,0,599.3,6249
Jefry Rodriguez,Indians,1,1,0,0,5.2,2,4,12,13,7,2,10,6,1.56,7.11,4.61,5.26,0,600.7,17018
Josh Taylor,Red Sox,1,1,0,2,3.72,0,13,13,11,5,1,14,6,1.32,10.02,3.92,3.76,0,599.5,17359
Luke Gregerson,,0,0,0,0,4.59,0,9,9,10,5,1,7,3,1.37,7.27,3.1,4.19,0,999,4090
Brad Brach,Mets,1,1,0,1,4.18,0,12,12,11,5,1,12,6,1.39,9.39,4.24,4.13,0,999,6627
Sam Coonrod,Giants,1,1,1,4,4.24,0,18,18,17,9,2,18,10,1.43,8.53,4.65,4.42,0,999,17264
Casey Sadler,Cubs,1,1,0,3,4.03,0,16,16,16,7,2,13,5,1.28,7.56,2.65,4.49,0,999,11209
Jon Duplantier,Diamondbacks,0,0,0,0,4.46,1,8,11,10,5,1,11,6,1.47,8.97,4.68,4.54,0,599.5,19546
Ranger Suarez,Phillies,1,1,0,3,4.2,0,13,13,13,6,2,11,4,1.32,7.59,2.83,4.37,0,999,17277
Caleb Ferguson,Dodgers,1,1,0,2,3.64,0,14,14,12,6,2,17,6,1.25,11.04,3.91,3.8,0,601,19349
Keegan Akin,Orioles,1,1,0,0,5.83,3,3,17,18,11,4,16,10,1.59,8.45,5.03,5.98,0,999,sa873980
Kyle Hart,Red Sox,1,1,0,0,5.11,1,9,15,16,9,2,12,6,1.48,6.95,3.6,5.12,0,999,sa918414
Sam Dyson,,0,0,0,0,4.31,0,9,9,9,4,1,8,3,1.33,7.31,3.04,4.48,0,999,11710
Cody Reed,Reds,1,1,0,1,3.91,0,11,11,10,5,1,12,5,1.34,9.91,3.97,4.19,0,999,15232
Brian Johnson,Red Sox,1,1,0,0,5.39,2,5,17,18,10,3,14,8,1.55,7.46,4.15,5.42,0,999,14272
Enyel De Los Santos,Phillies,1,1,0,0,5.16,1,7,13,13,7,2,11,5,1.44,8.02,3.74,5.27,0,999,18403
Ryne Harper,Nationals,1,1,0,2,4.23,0,13,13,13,6,2,12,4,1.28,8.11,2.74,4.28,0,999,12680
Andrew Cashner,,1,1,0,0,5.03,2,11,20,21,11,3,15,8,1.46,6.82,3.53,5.01,0,999,8782
Jalen Beeks,Rays,1,1,0,0,4.36,1,12,15,14,7,2,14,6,1.39,8.58,3.73,4.64,0,599.6,17192
Phil Maton,Indians,1,1,0,2,4.13,0,14,14,13,6,2,16,5,1.3,9.97,3.41,4.12,0,999,18064
Alex Reyes,Cardinals,1,1,0,0,4.61,1,9,12,10,6,1,13,7,1.5,10.04,5.61,4.58,0,571.4,15015
Aaron Loup,Rays,0,0,0,2,3.6,0,15,15,14,6,2,15,6,1.3,9.03,3.44,3.97,0,999,10343
Paul Blackburn,Athletics,0,0,0,0,4.71,1,5,8,9,4,1,5,2,1.39,6.01,2.58,4.7,0,999,14739
Ariel Jurado,Rangers,0,0,0,0,5.29,1,2,5,6,3,1,3,1,1.43,5.82,2.38,5.16,0,999,17030
Matt Wisler,Twins,1,1,0,1,4.74,0,13,13,13,7,2,12,3,1.3,8.39,2.36,4.57,0,999,12804
Dennis Santana,Dodgers,0,0,0,0,4.51,1,4,7,7,4,1,7,3,1.4,9.22,4.13,4.62,0,999,17878
Dan Altavilla,Mariners,1,1,1,3,4.26,0,18,18,15,9,3,22,10,1.36,10.86,4.72,4.49,0,599.9,16507
Blake Wood,,1,1,0,0,4.15,0,9,9,9,4,1,9,4,1.42,8.77,3.9,3.91,0,999,1345
Carl Edwards Jr.,Mariners,1,1,0,2,4.31,0,14,14,11,7,2,17,8,1.37,11,5.16,4.37,0,599.8,13607
David Robertson,Phillies,0,0,0,0,3.57,0,6,6,4,2,1,7,2,1.24,11.11,4.02,3.71,0,594.7,8241
Dylan Floro,Dodgers,1,1,0,3,4.19,0,17,17,17,8,2,14,6,1.36,7.3,2.99,4.44,0,999,13394
Shelby Miller,Brewers,0,1,0,0,5.44,1,4,10,11,6,2,8,5,1.58,7.59,4.44,5.28,0,999,10197
Cody Stashak,Twins,1,1,0,2,4.65,0,15,15,15,8,3,15,4,1.29,8.88,2.52,4.56,0,999,18088
Tyler Clippard,Twins,1,1,0,5,4.79,0,20,20,19,11,4,22,7,1.3,9.66,3.28,4.94,0,600.1,5640
Adam Cimber,Indians,1,1,0,5,4.64,0,20,20,22,10,3,15,6,1.39,6.69,2.74,4.62,0,999,15288
Alex Vesia,Marlins,1,1,0,0,3.89,0,10,10,9,4,1,11,4,1.31,9.87,3.77,3.88,0,999,25007
James Hoyt,Indians,1,0,0,0,4.14,0,10,10,10,5,1,11,4,1.34,9.6,3.77,4.13,0,999,14605
Steve Cishek,White Sox,2,1,0,6,4.32,0,23,23,21,11,4,23,11,1.36,8.93,4.06,4.79,0,589.7,6483
Deolis Guerra,Phillies,0,0,0,0,3.84,0,9,9,8,4,1,9,3,1.19,9.66,2.68,3.97,0,999,8410
Joely Rodriguez,Rangers,1,1,0,2,4.46,0,14,14,14,7,2,13,6,1.41,8.63,3.92,4.55,0,600.2,11487
Sam Tuivailala,,1,1,0,0,4.18,0,9,9,9,4,1,9,4,1.37,8.82,3.56,4.09,0,600.3,13485
Ray Black,Brewers,0,0,0,0,3.98,0,9,9,7,4,1,12,5,1.33,12.51,4.93,3.99,0,600.6,14244
J.B. Wendelken,Athletics,1,1,0,2,4.2,0,13,13,12,6,2,13,5,1.34,9.22,3.57,4.15,0,999,14506
Dillon Maples,Cubs,1,0,0,0,3.83,0,7,7,5,3,0,11,6,1.56,13.33,7.75,3.87,0,999,14672
Ljay Newsome,Mariners,0,1,0,0,5.32,1,1,7,8,4,2,5,1,1.3,7.08,1.51,5.46,0,999,sa875837
Dillon Peters,Angels,0,0,0,0,4.85,1,4,6,7,3,1,5,2,1.4,7.1,2.96,4.98,0,999,18790
Ben Heller,Yankees,1,1,0,2,4.32,0,14,14,12,7,2,16,6,1.34,10.03,4.08,4.58,0,999,15100
Adam Conley,Marlins,1,1,0,4,4.45,0,20,20,20,10,3,18,8,1.37,7.91,3.44,4.5,0,999,14457
Brandon Bielak,Astros,0,0,0,0,4.94,1,1,3,3,2,1,3,2,1.45,7.98,3.92,5.14,0,999,19866
Grant Dayton,Braves,0,0,0,0,3.99,0,6,6,5,2,1,7,2,1.24,10.96,3.22,3.87,0,999,11203
Wilmer Font,Blue Jays,1,1,0,2,4.61,0,12,12,12,6,2,13,4,1.3,9.9,2.94,4.46,0,599.5,5257
Jeff Brigham,Marlins,1,1,0,2,4.12,0,14,14,13,6,2,14,6,1.33,8.91,3.64,4.22,0,999,16631
Bryan Abreu,Astros,1,1,0,5,4.35,0,21,21,18,10,3,25,13,1.45,10.61,5.53,4.59,0,580.5,16609
Drew Steckenrider,Marlins,0,0,0,0,3.86,0,8,8,7,3,1,9,3,1.3,10.03,3.87,4.1,0,600.6,18806
Sterling Sharp,Marlins,1,1,0,1,4.31,0,13,13,14,6,1,9,4,1.4,6.41,3.1,4.33,0,999,sa738458
Taylor Guilbeau,Mariners,0,0,0,0,3.95,0,7,7,6,3,1,6,3,1.35,8.27,3.71,3.86,0,999,18306
Lewis Thorpe,Twins,0,0,0,0,4.21,0,7,7,7,3,1,8,2,1.26,9.69,2.73,4.29,0,600.8,15906
David Bednar,Padres,0,0,0,0,3.76,0,7,7,6,3,1,8,3,1.31,9.91,4.05,3.82,0,999,19569
Kevin McCarthy,Royals,1,1,0,6,4.52,0,22,22,25,11,3,14,8,1.49,5.79,3.35,4.67,0,999,15240
John Schreiber,Tigers,1,1,0,0,4.43,0,11,11,11,5,2,11,4,1.33,8.78,3.37,4.34,0,999,20020
A.J. Minter,Braves,1,0,0,0,3.9,0,7,7,7,3,1,8,3,1.32,10.21,3.84,3.85,0,999,18655
Pierce Johnson,Padres,1,1,0,2,4.19,0,15,15,14,7,2,16,6,1.35,9.47,3.81,4.32,0,600.2,13435
Cole Sulser,Orioles,0,0,0,0,4.42,0,7,7,6,3,1,7,3,1.35,10.01,3.78,4.51,0,999,15256
Felix Pena,Angels,1,1,0,1,4.48,0,12,12,12,6,2,12,4,1.31,9.2,3.05,4.48,0,600.5,13403
Cristian Javier,Astros,0,0,0,0,4.9,1,4,6,6,4,1,8,4,1.49,11,5.58,5.16,0,999,17606
Aaron Barrett,,0,0,0,1,4.63,0,10,10,10,5,1,9,5,1.46,7.93,4.27,4.8,0,999,11243
Anthony Banda,Rays,0,0,0,0,4.12,0,7,7,6,3,1,7,3,1.33,8.83,3.56,4.27,0,999,14706
Chad Sobotka,Braves,1,0,0,0,4.22,0,10,10,9,5,1,12,6,1.4,10.65,5.02,4.13,0,999,17470
Nate Jones,Reds,1,1,0,0,4.25,0,9,9,9,4,1,9,4,1.36,9.05,3.87,4.27,0,999,4696
Blake Parker,Phillies,0,0,0,0,4.51,0,9,9,9,5,1,10,3,1.32,9.46,3.24,4.42,0,589,5224
Robert Stock,Red Sox,1,1,0,1,4.32,0,10,10,10,5,1,12,5,1.44,10.13,4.69,4.49,0,999,6576
Robert Gsellman,Mets,1,1,0,2,4.18,0,15,15,15,7,2,13,5,1.35,7.98,3.28,4.34,0,600.7,13696
Stefan Crichton,Diamondbacks,1,1,0,2,4.26,0,15,15,14,7,2,13,5,1.33,8.02,3.2,4.3,0,999,16058
Ian Gibaut,Rangers,1,1,0,0,4.73,0,9,9,9,5,1,10,5,1.49,9.86,4.88,4.53,0,999,17871
Austin Brice,Red Sox,1,1,0,3,4.62,0,14,14,14,7,2,13,5,1.34,8.56,3.22,4.66,0,999,17237
Hoby Milner,Angels,0,0,0,0,3.82,0,4,4,4,2,1,5,1,1.23,9.4,3.02,4.08,0,999,13346
Jose Castillo,Padres,0,0,0,0,3.59,0,4,4,3,1,0,5,2,1.22,11.56,3.76,3.69,0,999,17169
Dan Winkler,Cubs,1,1,0,1,4.82,0,11,11,10,6,1,11,6,1.48,8.67,4.86,4.78,0,999,12237
Tony Sipp,,0,0,0,0,4.63,0,7,7,7,4,1,7,3,1.41,8.68,3.72,4.34,0,999,8280
Reyes Moronta,Giants,1,0,0,0,3.92,0,9,9,7,4,1,11,5,1.37,10.71,5.1,4.06,0,600.9,14966
Joe Smith,Astros,0,0,0,0,4.01,0,6,6,5,2,1,5,2,1.25,8.39,2.67,4.29,0,599.8,3281
Nick Vincent,Marlins,0,0,0,0,4.17,0,7,7,7,3,1,7,2,1.25,7.93,2.42,4.07,0,999,7555
Sam Delaplane,Mariners,0,0,0,0,3.86,0,4,4,3,2,0,4,2,1.27,10.91,3.91,3.91,0,600.6,sa3004222
Roenis Elias,Nationals,1,1,0,3,4.92,0,16,16,16,8,2,13,6,1.44,7.56,3.7,4.92,0,600.2,12673
Scott Alexander,Dodgers,0,0,0,0,3.66,0,4,4,4,2,0,4,2,1.4,7.26,3.68,3.74,0,999,10591
Ben Braymer,Nationals,1,1,0,0,5.5,2,4,12,13,8,2,9,6,1.55,6.85,4.25,5.7,0,999,sa918477
Luis Perdomo,Padres,0,0,0,0,4.07,0,6,6,6,3,1,5,2,1.35,7.55,2.91,4.05,0,999,14682
James Pazos,Rockies,1,1,0,4,5.1,0,18,18,18,10,2,15,9,1.52,7.84,4.35,4.89,0,999,13323
Tyler Zuber,Royals,1,1,0,2,4.54,0,13,13,13,7,2,12,6,1.42,8.3,3.84,4.52,0,999,20379
Jose Quijada,Angels,0,0,0,0,4.24,0,10,10,8,5,1,12,6,1.4,10.76,5.03,4.47,0,999,19200
Kyle Keller,Angels,0,0,0,0,4.04,0,4,4,3,2,1,4,2,1.33,10.34,4.29,4.3,0,999,18890
Nik Turley,Pirates,0,0,0,0,4.41,0,9,9,9,5,1,10,5,1.44,9.27,4.4,4.35,0,999,5530
Phillip Diehl,Rockies,1,1,0,2,4.68,0,14,14,14,7,2,14,6,1.4,8.65,3.67,4.71,0,999,20030
Ian Hamilton,White Sox,0,0,0,0,4.24,0,9,9,8,4,1,9,3,1.34,9.02,3.28,4.55,0,999,19261
Erasmo Ramirez,Mets,0,0,0,0,5.09,1,1,3,4,2,1,2,1,1.42,6.22,2.88,5.23,0,999,10314
Richard Lovelady,Royals,0,0,0,0,4.09,0,4,4,4,2,0,3,1,1.37,7.82,3.43,4.13,0,600.7,19337
Ryan Tepera,Cubs,1,1,0,2,4.47,0,13,13,13,6,2,11,5,1.39,7.98,3.77,4.63,0,999,10291
Sam Selman,Giants,0,0,0,0,3.67,0,2,2,1,1,0,2,1,1.31,11.58,4.98,3.53,0,999,13397
Michel Baez,Padres,0,0,0,0,4.08,0,5,5,4,2,1,5,2,1.41,9.51,4.48,4.31,0,999,20100
Dominic Leone,Indians,1,0,0,0,4.76,0,11,11,10,6,2,13,5,1.38,10.28,4.01,4.51,0,999,13763
Luis Avilan,Yankees,1,1,0,0,4.36,0,10,10,10,5,2,10,5,1.39,8.99,3.99,4.63,0,999,2882
Cody Carroll,Orioles,1,1,0,1,5.1,0,12,12,12,7,2,13,7,1.56,9.25,5.39,5.02,0,999,17664
Zach Duke,,1,1,0,0,4.5,0,9,9,9,5,1,8,4,1.45,7.86,4.34,4.49,0,999,3840
Dovydas Neverauskas,Pirates,1,1,0,2,4.64,0,14,14,13,7,2,15,7,1.44,9.71,4.54,4.39,0,999,11604
Matt Bowman,Reds,0,0,0,0,4.43,0,6,6,5,3,1,5,2,1.4,8.13,3.89,4.54,0,999,13528
Hector Velazquez,,0,0,0,0,4.84,0,8,8,9,4,1,7,3,1.49,7.25,3.74,4.99,0,999,19341
Jimmie Sherfy,Diamondbacks,0,0,0,0,4.37,0,4,4,3,2,1,4,2,1.34,10.54,4.1,4.33,0,999,15118
Gerardo Reyes,,0,1,0,0,4.31,0,9,9,8,4,1,11,5,1.41,10.45,4.99,4.37,0,999,16306
Trevor Megill,Cubs,0,0,0,0,4.09,0,3,3,2,1,0,3,1,1.34,10.32,3.7,4.13,0,999,sa828803
Josh Sborz,,0,0,0,0,4,0,4,4,3,2,1,4,1,1.28,9.45,3.48,4.16,0,999,18323
Darwinzon Hernandez,Red Sox,1,0,0,0,4.32,0,10,10,8,5,1,14,8,1.57,12.4,7.19,4.42,0,597.3,19848
Hunter Wood,Indians,0,0,0,0,4.37,0,5,5,5,2,1,5,2,1.37,9.1,3.49,4.5,0,999,15091
Andrew Triggs,Giants,0,0,0,0,4.03,0,6,6,6,3,1,5,2,1.31,8.15,3.12,4.14,0,999,13533
J.P. Feyereisen,Brewers,1,1,0,2,4.41,0,13,13,11,6,2,15,7,1.43,10.47,4.98,4.61,0,999,16610
Paul Sewald,Mets,0,0,0,0,4.63,0,7,7,7,3,1,7,2,1.32,9.07,2.9,4.57,0,999,13892
Jeffrey Springs,Red Sox,0,0,0,0,4.64,0,8,8,8,4,1,9,4,1.4,10.13,4.25,4.55,0,999,17677
Ronald Bolanos,Royals,0,0,0,0,5.27,1,2,5,5,3,1,5,3,1.55,7.8,4.8,5.33,0,999,20041
Victor Arano,Phillies,0,0,0,0,4.32,0,8,8,7,4,1,9,3,1.34,9.98,3.61,4.49,0,601,15915
Hunter Strickland,Mets,1,1,0,3,4.52,0,15,15,14,7,2,13,6,1.37,7.94,3.65,4.79,0,579.1,7836
Jonny Venters,,0,0,0,0,4.41,0,9,9,9,5,1,9,6,1.56,8.57,5.59,4.62,0,999,7175
Zac Grotz,Mariners,0,0,0,0,3.81,0,2,2,2,1,0,2,1,1.25,8.13,2.64,3.87,0,999,18256
Daulton Jefferies,Athletics,0,0,0,0,3.92,0,2,2,2,1,0,2,0,1.16,8.62,1.95,3.99,0,999,sa738964
Gabe Speier,Royals,0,0,0,0,4.77,0,9,9,8,5,1,7,4,1.48,7.74,4.37,4.78,0,999,17170
Nestor Cortes,Mariners,0,0,0,0,4.63,0,9,9,9,5,2,9,4,1.37,8.99,3.51,4.61,0,999,17874
Addison Reed,,0,0,0,0,4.71,0,9,9,10,5,2,8,3,1.31,7.68,2.46,4.58,0,999,10586
Geoff Hartlieb,Pirates,0,0,0,0,4.27,0,4,4,4,2,0,4,2,1.45,8.78,4.19,4.21,0,999,19558
Aaron Fletcher,Mariners,0,0,0,0,4.19,0,3,3,3,1,0,3,1,1.36,8.52,3.56,4.27,0,999,sa3007591
Daniel Zamora,Mets,0,0,0,0,3.96,0,4,4,3,2,0,4,2,1.31,9.44,3.77,4.18,0,999,17811
Joey Gerber,Mariners,0,0,0,0,4.31,0,4,4,4,2,1,5,2,1.39,10.05,4.46,4.37,0,999,sa3006700
Tony Cingrani,,0,0,0,0,4.26,0,9,9,9,4,1,10,4,1.38,9.71,4.04,4.59,0,999,12555
Luis Garcia,Rangers,0,0,0,0,4.41,0,2,2,2,1,0,2,1,1.45,8.61,4.22,4.34,0,999,6984
Touki Toussaint,Braves,0,0,0,0,4.27,0,7,7,6,3,1,7,3,1.44,9.64,4.71,4.45,0,599.6,16929
Demarcus Evans,Rangers,0,0,0,0,4.41,0,4,4,4,2,1,6,4,1.6,11.99,7.28,4.71,0,589.8,sa875783
Ross Detwiler,White Sox,1,1,0,0,5.66,1,7,13,15,8,2,9,5,1.54,6.29,3.39,5.58,0,999,2859
Bobby Wahl,Brewers,1,1,0,0,4.35,0,10,10,9,5,2,13,6,1.42,11.3,5.11,4.63,0,999,14832
Taylor Williams,Mariners,0,0,0,0,4.42,0,8,8,8,4,1,8,4,1.4,8.77,3.96,4.44,0,999,14899
Codi Heuer,White Sox,0,0,0,0,4.43,0,4,4,5,2,1,4,2,1.4,7.27,3.2,4.54,0,999,23293
James Bourque,Nationals,0,0,0,0,4.28,0,4,4,4,2,1,5,2,1.47,9.93,4.93,4.42,0,999,16668
Sal Romano,Reds,0,0,0,0,4.66,0,7,7,7,3,1,6,2,1.39,8.25,3.32,4.56,0,999,13690
Kyle McGowin,Nationals,0,0,0,0,4.69,0,7,7,7,3,1,7,2,1.34,8.88,3.01,4.54,0,999,15071
Justin Grimm,Brewers,1,1,0,1,4.81,0,11,11,10,6,2,13,6,1.47,10.15,4.83,4.71,0,999,11720
A.J. Cole,Blue Jays,0,0,0,0,4.71,0,7,7,7,4,1,8,3,1.36,9.26,3.38,4.69,0,999,11467
Ryan Sherriff,Rays,0,0,0,0,4.15,0,2,2,2,1,0,1,1,1.32,6.86,2.81,4.11,0,999,12249
Kevin Quackenbush,Nationals,0,0,0,0,4.36,0,4,4,4,2,1,4,1,1.32,9.56,3.2,4.54,0,999,12360
Tony Santillan,Reds,0,0,0,0,5.67,1,1,3,4,2,1,3,2,1.59,7.09,4.56,5.72,0,999,sa874781
Marshall Kasowski,Dodgers,0,0,0,0,4.33,0,2,2,1,1,0,2,1,1.45,11.73,5.98,4.09,0,999,sa3005114
Joel Kuhnel,Reds,0,0,0,0,4.3,0,4,4,4,2,1,3,1,1.39,7.81,3.37,4.57,0,999,19995
Taylor Cole,Angels,0,0,0,0,4.33,0,4,4,4,2,1,4,2,1.37,8.87,3.75,4.41,0,999,11964
Fernando Romero,Twins,0,0,0,0,4.32,0,2,2,2,1,0,2,1,1.42,8.35,4.03,4.45,0,999,15885
Eric Yardley,Brewers,0,0,0,0,4.28,0,4,4,4,2,0,3,1,1.4,6.15,2.88,4.48,0,999,15538
Juan Nicasio,Rangers,0,0,0,0,4.4,0,2,2,2,1,0,2,1,1.36,8.85,3.25,4.52,0,999,7731
Ben Bowden,,0,0,0,0,4.84,0,4,4,4,2,1,5,2,1.47,10.79,5.04,4.76,0,999,sa873701
Nolan Blackwood,Tigers,0,0,0,0,4.56,0,3,3,3,1,0,2,1,1.51,6.57,4.15,4.57,0,999,sa874212
Cesar Valdez,Orioles,0,0,0,0,4.53,0,2,2,2,1,0,1,0,1.34,6.27,2.06,4.66,0,999,9013
Luis Cessa,Yankees,0,0,0,1,4.64,0,11,11,11,6,2,10,4,1.38,8.41,3.36,4.87,0,600.8,13345
Jacob Barnes,Angels,1,1,0,0,4.48,0,11,11,11,6,2,10,5,1.41,8.49,3.9,4.58,0,999,12323
Cody Allen,Rangers,0,0,0,0,4.99,0,3,3,3,2,1,3,2,1.47,9.63,4.62,4.95,0,597.3,12183
Damon Jones,Phillies,0,0,0,0,4.43,0,3,3,3,1,0,3,2,1.54,10.13,5.9,4.55,0,999,sa3004862
David Hale,Yankees,0,0,0,0,5.11,0,4,4,5,3,1,3,1,1.41,6.62,2.58,4.94,0,999,9756
Grant Holmes,Athletics,0,0,0,0,4.32,0,4,4,4,2,1,3,1,1.37,7.99,3.46,4.52,0,999,sa828669
Javy Guerra,Nationals,0,0,0,0,4.7,0,8,8,9,4,1,7,3,1.44,7.68,3.54,4.78,0,999,7407
Blake Taylor,Astros,1,1,0,2,4.5,0,13,13,13,7,1,12,8,1.54,8.44,5.35,4.67,0,999,16418
Jake Petricka,Blue Jays,0,0,0,0,4.52,0,3,3,3,1,0,3,1,1.42,7.81,3.37,4.55,0,999,10534
Alexander Guillen,Rockies,0,0,0,0,4.9,0,2,2,2,1,0,2,1,1.43,8.88,4.03,4.74,0,999,sa737454
Trevor Rosenthal,Royals,0,1,0,4,4.82,0,17,17,15,9,2,20,13,1.66,10.58,6.89,4.71,0,533.4,10745
Kyle Finnegan,Nationals,0,0,0,0,4.55,0,4,4,4,2,1,5,2,1.45,9.15,4.53,4.69,0,999,15009
Dillon Tate,Orioles,0,0,0,0,4.97,0,4,4,5,2,1,3,2,1.45,6.75,3.3,4.87,0,999,17796
Yohander Mendez,,0,0,0,0,4.93,0,2,2,2,1,0,2,1,1.48,8.39,4,5.01,0,999,14391
Yency Almonte,Rockies,1,1,0,1,5.24,0,14,14,14,8,2,12,7,1.54,7.89,4.61,5.22,0,999,15068
Josh Osich,Red Sox,0,0,0,0,4.94,0,7,7,7,4,1,6,3,1.42,8.18,3.52,4.6,0,999,11528
Garrett Cleavinger,,0,0,0,0,4.54,0,3,3,2,1,0,4,2,1.57,10.99,6.54,4.66,0,999,sa827423
Nick Ramirez,Tigers,1,1,0,0,4.72,0,10,10,11,5,2,9,5,1.46,7.63,3.99,4.85,0,999,12575
Dany Jimenez,Giants,0,0,0,0,4.12,0,7,7,6,3,1,7,3,1.39,9.52,4.29,4.34,0,999,21170
Tyler Lyons,Yankees,0,0,0,0,4.49,0,2,2,2,1,0,2,1,1.35,10.02,3.61,4.93,0,999,11334
Bernardo Flores,White Sox,0,0,0,0,4.49,0,2,2,2,1,0,1,0,1.36,6.21,2.39,4.67,0,999,sa874080
Jacob Waguespack,Blue Jays,0,0,0,0,4.67,0,7,7,7,3,1,6,3,1.43,7.91,3.69,4.84,0,999,18318
Walker Lockett,Mets,0,0,0,0,4.39,0,2,2,2,1,0,1,0,1.32,6.92,2.2,4.42,0,999,13804
Sam Howard,Pirates,0,0,0,0,4.65,0,4,4,4,2,1,4,2,1.4,8.81,3.88,4.56,0,999,16265
Ryan Hendrix,Reds,0,0,0,0,4.38,0,2,2,2,1,0,2,1,1.51,10.29,5.42,4.65,0,999,sa738145
Matt Grace,Diamondbacks,0,0,0,0,4.43,0,4,4,4,2,0,3,1,1.39,7,2.89,4.47,0,999,11449
Josh D. Smith,Marlins,0,0,0,0,4.68,0,2,2,2,1,0,2,1,1.46,9.47,4.85,4.86,0,999,13629
Evan Phillips,Orioles,0,0,0,0,4.91,0,3,3,3,2,0,3,2,1.52,9.95,5.19,5,0,999,17734
Cody Ponce,Pirates,0,0,0,0,4.71,0,2,2,2,1,0,2,1,1.41,7.57,3.23,4.53,0,999,sa856266
Cionel Perez,Astros,0,0,0,0,4.36,0,4,4,4,2,1,4,2,1.4,8.91,4.08,4.56,0,999,19614
Ryan Thompson,Rays,0,0,0,0,4.53,0,10,10,10,5,1,8,3,1.36,7.75,2.98,4.59,0,999,16647
Taylor Widener,Diamondbacks,0,0,0,0,4.68,0,2,2,2,1,0,2,1,1.39,9.46,4.04,4.57,0,999,19266
Carlos Navas,Giants,0,0,0,0,4.41,0,3,3,3,1,0,2,1,1.31,8.31,2.99,4.35,0,999,sa550615
Ryan Cook,,0,0,0,0,4.36,0,2,2,2,1,0,2,1,1.5,8.78,4.72,4.48,0,999,8855
Gerson Bautista,Mariners,0,0,0,0,4.37,0,6,6,5,3,1,6,3,1.47,9.88,5.19,4.57,0,999,19256
Brooks Kriske,Yankees,0,0,0,0,4.72,0,4,4,3,2,1,4,2,1.51,9.51,5.14,4.9,0,999,sa918091
Branden Kline,Orioles,0,0,0,0,5.01,0,9,9,9,5,2,8,4,1.49,8.01,4.24,5.22,0,999,14101
Rogelio Armenteros,Astros,0,0,0,0,4.77,0,2,2,2,1,0,2,1,1.36,9.21,3.42,4.82,0,600.8,17679
Jharel Cotton,Cubs,0,0,0,0,4.7,0,4,4,4,2,1,4,1,1.36,8.56,3.46,4.71,0,600.8,13654
Enoli Paredes,Astros,0,0,0,0,4.64,0,2,2,2,1,0,2,1,1.44,10.37,5,4.71,0,999,20447
Steven Wright,,0,0,0,0,0,0,0,0,0,0,0,0,0,0,0,0,3.21,0,999,8185
Jacob Webb,Braves,0,0,0,0,0,0,0,0,0,0,0,0,0,0,0,0,3.21,0,999,19274
Huascar Ynoa,Braves,0,0,0,0,0,0,0,0,0,0,0,0,0,0,0,0,3.21,0,999,20468
Tyler Webb,Cardinals,1,1,0,2,4.39,0,16,16,15,8,2,15,7,1.4,8.4,3.82,4.64,0,600.6,14974
Jason Adam,Cubs,0,0,0,0,4.81,0,4,4,3,2,1,4,2,1.44,9.47,4.86,4.93,0,999,11861
Joel Payamps,Diamondbacks,0,0,0,0,4.54,0,2,2,2,1,0,2,1,1.32,7.54,2.58,4.56,0,999,14332
James Kaprielian,Athletics,0,0,0,0,4.62,0,2,2,2,1,0,2,1,1.33,8.22,2.95,4.71,0,999,sa658943
Julian Merryweather,Blue Jays,0,0,0,0,4.87,0,3,3,3,2,1,3,1,1.38,7.92,2.88,4.86,0,999,sa829363
Austen Williams,Nationals,0,0,0,0,4.76,0,2,2,2,1,0,2,1,1.42,7.96,3.35,4.75,0,999,16309
Jerry Blevins,,0,0,0,0,4.44,0,9,9,8,5,2,10,5,1.41,9.9,4.39,4.8,0,999,7841
Chris Rusin,Braves,0,0,0,0,4.44,0,2,2,2,1,0,1,1,1.39,6.42,3.01,4.6,0,999,9895
Drew Smith,Mets,0,0,0,0,4.41,0,7,7,6,3,1,6,3,1.37,7.83,3.6,4.62,0,999,17755
Shaun Anderson,Giants,1,1,0,2,4.35,0,15,15,15,7,2,12,5,1.36,7.23,2.97,4.48,0,586.2,19453
James Norwood,Cubs,0,0,0,0,4.49,0,4,4,3,2,1,4,2,1.48,10.01,5.27,4.68,0,999,16440
Rico Garcia,Giants,0,0,0,0,4.31,0,2,2,2,1,0,2,1,1.36,8.08,3.44,4.42,0,999,20023
Duane Underwood Jr.,Cubs,0,0,0,0,4.6,0,9,9,9,5,1,9,4,1.4,8.41,3.78,4.65,0,999,14677
Matt Albers,,1,1,0,0,4.79,0,9,9,9,5,1,8,4,1.38,8.18,3.5,4.77,0,999,4300
Jake Faria,Brewers,0,0,0,0,4.83,0,2,2,2,1,0,2,1,1.45,9.14,4.26,5.02,0,999,13699
Edgar Garcia,,0,0,0,0,4.71,0,3,3,3,2,0,3,2,1.43,10.33,4.71,4.8,0,999,19276
Michael Rucker,Cubs,0,0,0,0,4.9,0,2,2,2,1,0,2,1,1.41,8.15,3.29,4.88,0,999,sa919117
Taylor Hearn,Rangers,0,0,0,0,5.02,0,4,4,4,2,1,5,2,1.47,9.7,4.66,5.02,0,999,18325
Mike Morin,Brewers,0,0,0,0,4.96,0,2,2,2,1,0,1,1,1.41,6.4,2.72,5,0,999,13442
Cory Gearrin,Twins,0,0,0,0,4.81,0,4,4,4,2,1,3,2,1.49,7.68,4.18,4.84,0,999,7947
Devin Williams,Brewers,0,0,0,0,4.71,0,4,4,4,2,1,5,3,1.55,10.23,5.75,4.8,0,999,15816
Lucas Luetge,Athletics,0,0,0,0,4.59,0,2,2,2,1,0,2,1,1.41,8.53,3.84,4.9,0,999,8337
Jimmy Cordero,White Sox,1,1,0,2,4.52,0,14,14,13,7,2,13,7,1.48,8.15,4.71,4.77,0,999,15690
Phillips Valdez,Red Sox,0,0,0,0,4.82,0,2,2,2,1,0,1,1,1.47,7.29,3.72,4.84,0,999,15605
Brian Duensing,,0,0,0,0,5.01,0,7,7,8,4,1,5,3,1.53,6.36,4.07,4.81,0,999,4064
Ryan Buchter,Angels,1,1,0,2,4.32,0,15,15,13,7,3,16,7,1.34,9.75,3.98,4.82,0,600.1,9456
Foster Griffin,Royals,0,0,0,0,5.61,1,1,3,4,2,1,2,2,1.58,6.04,3.96,5.79,0,999,16432
Xavier Cedeno,,0,0,0,0,4.78,0,9,9,9,5,1,8,5,1.53,7.79,5.03,4.69,0,999,36
Tayron Guerrero,White Sox,0,0,0,0,4.93,0,7,7,7,4,1,8,4,1.53,10.28,5.47,4.93,0,999,11691
Cy Sneed,Astros,0,0,0,0,4.86,0,4,4,5,2,1,4,2,1.39,7.79,3.2,4.95,0,999,16106
Alex Faedo,Tigers,0,0,0,0,5.08,0,2,2,2,1,0,2,1,1.35,8.14,2.67,5.18,0,999,sa829855
Jimmy Lambert,White Sox,0,0,0,0,4.99,0,4,4,5,2,1,4,2,1.44,8.48,3.78,5.02,0,999,19541
David Hess,Orioles,0,0,0,0,5.48,0,3,3,3,2,1,3,1,1.43,7.95,3.18,5.46,0,999,16130
Scott Moss,Indians,0,0,0,0,4.87,0,4,4,4,2,1,4,2,1.47,9.16,4.64,4.98,0,999,sa738902
Luke Farrell,Rangers,0,0,0,0,5.05,0,7,7,7,4,1,7,4,1.45,9.07,4.27,5.26,0,999,15101
Jeanmar Gomez,,0,0,0,0,4.92,0,7,7,8,4,1,6,3,1.44,6.86,3.34,4.76,0,999,9033
Thomas Hatch,Blue Jays,0,0,0,0,5.17,0,2,2,2,1,0,2,1,1.48,7.89,3.75,5.3,0,999,19264
Luke Bard,Angels,0,1,0,0,4.78,0,9,9,8,5,1,8,3,1.37,8.78,3.56,4.88,0,999,14288
Jake Newberry,Royals,0,0,0,0,4.93,0,4,4,4,2,1,3,2,1.51,7.83,4.48,5.08,0,999,15136
Patrick Weigel,Braves,0,0,0,0,5.05,0,2,2,2,1,0,2,1,1.52,8.36,4.69,5.09,0,999,sa829466
T.J. Zeuch,Blue Jays,0,0,0,0,5.18,0,2,2,2,1,0,1,1,1.5,5.9,3.33,5.26,0,999,19269
Art Warren,,0,0,0,0,4.55,0,6,6,5,3,1,6,3,1.5,9.29,5.15,4.77,0,999,18251
Yoan Lopez,Diamondbacks,1,1,0,4,4.46,0,20,20,20,10,3,18,8,1.39,8.14,3.74,4.71,0,590.3,17181
Nivaldo Rodriguez,Astros,0,0,0,0,5.08,0,2,2,2,1,0,2,1,1.51,7.68,4.44,5.3,0,999,sa943525
Drew Anderson,White Sox,0,0,0,0,5.49,0,2,2,2,1,0,2,1,1.49,7.74,4.03,5.61,0,999,15130
Zack Brown,Brewers,0,0,0,0,5.06,0,3,3,3,2,0,2,1,1.52,7.37,4.14,5.19,0,999,sa738901
Sam Freeman,Nationals,0,0,0,0,4.69,0,4,4,4,2,0,3,2,1.59,7.92,5.14,5.05,0,999,6832
Edinson Volquez,Rangers,1,1,0,1,5.01,0,12,12,13,7,2,10,6,1.54,7.4,4.32,5.06,0,999,3990
Eric Hanhold,Orioles,0,0,0,0,5.16,0,7,7,8,4,1,6,3,1.51,7.25,4.08,5.31,0,999,18332
Jose Ruiz,White Sox,0,0,0,0,5.12,0,7,7,7,4,1,6,4,1.56,8.59,5.08,5.25,0,999,14552
Kodi Whitley,Cardinals,1,1,0,1,4.57,0,13,13,13,7,2,11,6,1.42,7.96,3.95,4.68,0,999,19731
Yennsy Diaz,Blue Jays,0,0,0,0,5.41,0,2,2,2,1,0,1,1,1.53,6.93,4.15,5.52,0,999,20218
John Curtiss,Rays,0,0,0,0,4.88,0,4,4,3,2,1,4,2,1.51,9.47,5.39,5.19,0,999,16128
Cole Irvin,Phillies,0,0,0,0,4.79,0,7,7,8,4,1,6,2,1.35,6.75,2.31,5.01,0,999,19244
Cody Anderson,,0,0,0,0,4.89,0,4,4,5,2,1,4,2,1.4,8.4,3.31,5.03,0,999,12799
Randy Rosario,Royals,0,0,0,0,4.73,0,6,6,6,3,1,4,2,1.49,6.4,3.81,4.89,0,999,14508
Jared Hughes,Mets,1,0,0,0,4.19,0,9,9,9,4,1,7,4,1.39,6.62,3.58,4.66,0,999,9325
Michael Shawaryn,Red Sox,0,0,0,0,5.47,0,3,3,3,2,1,2,1,1.48,7.81,3.88,5.45,0,999,19495
Victor Gonzalez,,0,0,0,0,5.65,0,2,2,2,1,0,2,1,1.57,8.89,4.73,5.44,0,999,sa880983
Ramon Rosso,Phillies,0,0,0,0,4.93,0,7,7,7,4,1,6,3,1.41,8.56,3.85,5.04,0,999,20368
Travis Lakins,Orioles,0,0,0,0,5.05,0,6,6,6,3,1,5,3,1.53,7.45,4.31,5.28,0,999,18600
Caleb Baragar,Giants,0,0,0,0,5.04,0,2,2,2,1,0,2,1,1.46,7.4,3.97,5.26,0,999,19231
Carson Fulmer,Tigers,1,1,0,1,5.55,1,12,17,17,11,3,17,11,1.62,8.7,5.56,5.67,0,999,18311
Scott Blewett,Royals,0,0,0,0,5.58,0,2,2,2,1,0,1,1,1.57,6.11,3.93,5.67,0,999,sa828695
Jonathan Hernandez,Rangers,1,1,0,3,5.07,0,17,17,17,9,3,15,9,1.54,8.27,4.63,5.05,0,598.6,17464
Wily Peralta,,0,0,0,0,5.04,0,9,9,10,5,1,7,5,1.57,7.18,4.56,5.05,0,999,7738
AJ Ramos,Dodgers,0,0,0,0,5.03,0,4,4,3,2,1,4,2,1.51,9.51,5.15,5.05,0,999,8350
Brandon Bailey,Astros,0,0,0,0,5.2,0,4,4,4,2,1,4,2,1.51,8.57,4.62,5.22,0,596.8,19582
Sean Reid-Foley,Blue Jays,1,1,0,1,4.79,0,10,10,10,6,2,11,6,1.49,9.64,4.99,4.88,0,999,17034
Yohan Ramirez,Mariners,0,0,0,0,4.75,0,7,7,6,4,1,7,5,1.63,10.13,6.82,4.98,0,999,19444
Kyle Zimmer,Royals,0,0,0,0,5.08,0,4,4,4,3,1,4,3,1.63,8.44,5.85,5.19,0,999,14169
Jesus Tinoco,,0,0,0,0,5.71,0,3,3,3,2,1,2,1,1.6,7.06,4.41,5.67,0,999,16300
Wade Davis,Rockies,1,1,8,2,5,0,24,24,23,13,4,25,13,1.49,9.24,4.87,5.18,0,267.9,7441
Burch Smith,Athletics,0,0,0,0,4.91,0,6,6,5,3,1,6,3,1.47,8.99,4.61,5.06,0,999,12784
Clay Holmes,Pirates,1,1,0,1,4.55,0,13,13,13,7,1,12,8,1.56,8.36,5.28,4.68,0,999,13649
Tyler Bashlor,Mets,0,0,0,0,4.92,0,4,4,3,2,1,4,2,1.48,8.84,4.89,5.12,0,999,15203
Javier Guerra,Padres,0,0,0,0,4.68,0,12,12,13,6,2,10,4,1.4,7.56,3.24,4.69,0,999,17292
Tim Collins,Rockies,0,1,0,0,5.48,0,8,8,8,5,1,8,5,1.64,8.55,5.66,5.25,0,999,3164
Junior Fernandez,Cardinals,0,0,0,0,4.4,0,9,9,8,5,1,10,6,1.52,9.29,5.44,4.77,0,598.4,18496
Jose Mujica,Athletics,0,0,0,0,5.65,0,7,7,7,4,1,7,4,1.57,8.89,4.73,5.44,0,999,sa3006525
Wes Benjamin,Rangers,0,0,0,0,5.87,0,4,4,4,2,1,3,1,1.53,7.08,3.54,5.82,0,999,sa602914
Blake Cederlind,Pirates,0,0,0,0,5.04,0,6,6,6,3,1,5,3,1.65,7.51,5.6,5.13,0,999,sa875318
Tyler Thornburg,Reds,0,0,0,0,5.44,0,4,4,4,2,1,4,2,1.52,9.28,4.76,5.79,0,999,10688
Jorge Alcala,Twins,0,0,0,0,5.23,0,7,7,7,4,1,6,3,1.51,7.95,4.34,5.21,0,999,19459
Genesis Cabrera,Cardinals,1,1,0,0,4.53,0,12,12,11,6,2,12,5,1.42,8.93,4.17,4.76,0,999,17490
Jake McGee,Dodgers,0,0,0,0,4.82,0,9,9,9,5,2,7,3,1.35,7.82,2.85,4.93,0,999,7550
Brooks Raley,Reds,0,0,0,0,5.24,0,7,7,7,4,1,5,3,1.53,6.87,3.93,5.29,0,999,10061
Jordan Holloway,Marlins,0,0,0,0,5.25,0,4,4,4,2,0,3,3,1.73,7.35,6.63,5.42,0,999,20631
Wandy Peralta,Giants,1,1,0,3,4.3,0,16,16,16,7,2,12,7,1.44,7.18,3.89,4.43,0,999,14295
Arodys Vizcaino,,1,1,0,0,4.41,0,9,9,8,5,1,10,5,1.39,9.5,4.43,4.84,0,599,5498
Daniel Bard,Rockies,1,1,0,0,5.38,0,12,12,12,7,2,11,7,1.65,8.05,5.56,5.38,0,999,7115
Thomas Pannone,Blue Jays,0,1,0,0,5.2,0,9,9,9,5,2,8,3,1.41,8.9,3.51,5.32,0,999,17281
Chance Adams,Royals,0,0,0,0,5.41,0,7,7,8,4,1,6,4,1.54,7.69,4.4,5.35,0,999,18135
Anthony Misiewicz,Mariners,1,1,1,1,4.77,0,11,11,12,6,2,10,3,1.34,7.73,2.68,4.97,0,999,18152
Colin Rea,,1,1,0,0,5.56,2,8,17,19,11,3,13,8,1.56,6.83,4.22,5.7,0,999,12317
Ryan Castellani,,1,1,0,0,6.45,2,4,16,18,11,3,12,10,1.75,6.79,5.47,6.2,0,999,sa828689
Jake Woodford,Cardinals,0,0,0,0,5.19,0,6,6,6,3,1,5,3,1.52,7.41,4.37,5.42,0,999,sa874753
Shao-Ching Chiang,Tigers,0,1,0,0,5.59,0,9,9,11,6,2,7,3,1.46,6.68,2.9,5.45,0,999,sa659598
T.J. McFarland,Athletics,0,0,0,3,4.57,0,17,17,19,8,2,10,6,1.47,5.48,3.2,4.76,0,999,3237
Beau Burrows,Tigers,0,1,0,0,5.67,0,7,7,8,5,1,6,3,1.54,7.51,4.18,5.69,0,999,18873
Jordan Romano,Blue Jays,1,1,0,6,5.05,0,22,22,22,12,4,22,9,1.41,8.72,3.8,5.14,0,600.1,16122
Josh Tomlin,Braves,0,1,0,2,5.12,0,13,13,15,7,3,9,2,1.3,6.47,1.22,5.13,0,599,9388
Anthony Gose,Indians,0,0,0,0,8,0,2,2,2,2,0,2,2,2.33,9,12,8.44,0,999,5097
Reggie McClain,Phillies,1,1,0,2,5.33,0,11,11,12,7,2,8,4,1.47,6.74,3.13,5.37,0,999,19311
Rony Garcia,Tigers,1,1,0,1,5.47,0,11,11,12,7,2,9,4,1.5,7.06,3.53,5.35,0,999,sa918036
Shawn Kelley,,1,1,0,0,5.02,0,9,9,10,5,2,9,3,1.32,8.69,2.52,5.16,0,600.1,7773
David McKay,Tigers,1,1,0,3,5.09,0,17,17,16,9,3,19,9,1.48,10.23,4.83,5.04,0,999,19814
James Shields,,0,1,0,0,5.94,2,2,11,12,7,2,8,4,1.53,6.7,3.84,6.06,0,999,7059
Cameron Hill,Indians,1,1,0,1,4.76,0,12,12,11,6,3,13,5,1.38,9.71,3.95,5.25,0,999,16840
Tyler Kinley,Rockies,1,1,0,3,5.45,0,16,16,16,9,2,15,10,1.65,8.75,5.84,5.36,0,999,18297
Bryan Garcia,Tigers,1,1,0,5,4.69,0,20,20,20,11,3,20,10,1.46,8.75,4.41,5,0,999,19457
Josh Staumont,Royals,1,1,1,3,4.87,0,15,15,13,8,2,17,11,1.61,10.09,6.54,5.04,0,600.6,18335
Jordan Weems,Athletics,1,1,0,1,5.66,0,10,10,11,7,2,10,7,1.67,8.53,5.88,5.52,0,999,sa597862
Keynan Middleton,Angels,0,0,3,4,4.7,0,18,18,17,10,3,19,10,1.46,9.45,4.67,5.1,0,594.5,15264
Gregory Soto,Tigers,1,1,0,4,4.91,0,18,18,18,10,3,17,12,1.63,8.26,5.71,5.19,-0.1,999,19677
Greg Holland,Royals,1,1,2,4,4.97,0,20,20,20,11,3,20,12,1.58,8.79,5.48,5.04,-0.1,599.7,7196
Jarlin Garcia,Giants,1,1,1,4,4.58,0,19,19,19,10,3,15,7,1.38,7.1,3.38,4.77,-0.1,600.2,18282
Brad Boxberger,Marlins,1,1,1,3,5.06,0,18,18,17,10,3,20,11,1.51,9.71,5.37,5.17,-0.1,599.2,10133
