"Team","PA","HR","R","RBI","SB","BB.","K.","ISO","BABIP","AVG","OBP","SLG","wOBA","wRC.","EV","BsR","Off","Def","WAR","LD.","GB.","FB.","HR.FB","O.Swing.","SwStr.","Barrel.","HardHit.","Date"
"LAD",131,3,23,22,1,0.0014,0.00198,0.1321,0.3704,0.3113,0.4122,0.4434,0.3826,140.0627,88.192,-0.3291,6.222,-0.8375,1.0293,0.00226,0.0038,0.00392,9e-04,0.00267,0.00095,0.00071,0.00392,2024-03-29
"SDP",122,1,23,20,3,0.00106,0.00172,0.0857,0.3529,0.2952,0.377,0.381,0.3417,115.9764,86.4993,0.4375,2.872,-0.0096,0.741,0.00317,0.00447,0.00235,0,0.0035,0.00112,0.00069,0.00348,2024-03-29
"ARI",44,1,16,16,0,0.00068,0.00204,0.15,0.5484,0.45,0.4773,0.6,0.47,192.9747,92.071,-0.1,5.0123,0.0879,0.6786,0.00281,0.00468,0.002,0.0012,0.00278,0.00081,0.00062,0,2024-03-29
"BAL",41,2,11,11,1,0.00146,0.0012,0.2424,0.2857,0.303,0.3902,0.5455,0.3995,165.7682,86.921,0.3249,3.3829,-0.1186,0.4523,0.00133,0.00466,0,0.00166,0.0026,0.00077,0.00133,0.00366,2024-03-29
"TOR",40,3,8,8,0,0.0017,0.0017,0.3125,0.1818,0.2188,0.375,0.5312,0.398,165.2225,90.249,-0.1753,2.7163,0.1804,0.4121,0.001,0.004,0.004,0.00272,0.00235,0.00107,0.001,0.004,2024-03-29
"NYY",42,1,5,5,0,0.00214,0.00238,0.129,0.3333,0.2581,0.4286,0.3871,0.3781,150.5231,88.5228,-0.0209,2.3855,0.039,0.3703,0.00227,0.00636,0.00136,0.00333,0.00239,0.00105,0.00045,0.00318,2024-03-29
"CIN",37,2,8,8,3,0.00054,0.00243,0.2647,0.3478,0.2941,0.3514,0.5588,0.3964,143.7455,88.7038,0.5895,2.5098,-0.3021,0.3602,0,0.002,0.005,0.00153,0.00381,0.00171,0.001,0.004,2024-03-29
"CLE",42,0,8,7,0,0.00071,0.00166,0.1714,0.3793,0.3143,0.4048,0.4857,0.3927,160.8336,90.6766,-0.5123,2.3852,-0.1169,0.3545,0.00285,0.00357,0.00357,NA,0.002,0.00095,0.00034,0.00448,2024-03-29
"BOS",40,2,6,6,3,0,0.0017,0.2632,0.3103,0.2895,0.325,0.5526,0.3793,143.9715,88.2301,0.2569,2.2003,-0.3614,0.3051,0.0029,0.00354,0.00354,0.00181,0.00387,0.00077,0.00064,0.00354,2024-03-29
"HOU",40,1,4,4,0,0,0.0017,0.1053,0.4,0.3421,0.375,0.4474,0.3676,142.2992,90.6093,-0.1942,1.7072,0.0732,0.2992,0.0029,0.00419,0.0029,0.00111,0.00342,0.00105,0.00032,0.00451,2024-03-29
"TEX",42,2,4,4,0,0.00142,0.00238,0.2353,0.2609,0.2353,0.3415,0.4706,0.3467,117.9108,89.5693,0.0191,0.7873,0.575,0.2629,0,0,0,0,0.00305,0.00105,0.00076,0.00384,2024-03-29
"MIN",42,1,4,3,0,0.0011,0.00285,0.1081,0.375,0.2703,0.3571,0.3784,0.3271,117.2916,88.3522,-0.091,0.4965,0.5203,0.228,0.002,0.003,0,0,0.00279,0.00158,0,0.004,2024-03-29
"SEA",36,2,4,4,0,0.00027,0.002,0.2353,0.2609,0.2353,0.2778,0.4706,0.3272,121.1092,88.668,-0.1286,0.5729,-0.3839,0.1264,0.002,0.004,0.002,0.00285,0.00318,0.00127,0,0,2024-03-29
"TBR",35,1,2,2,1,0.00057,0.00314,0.1818,0.3333,0.2424,0.2857,0.4242,0.3128,111.3386,90.0656,-0.238,0.0559,0.0613,0.1162,0.00272,0.00409,0.00318,0.00142,0.00337,0.0014,9e-04,0,2024-03-29
"PIT",52,3,6,6,0,0.00153,0.00326,0.25,0.25,0.2045,0.3269,0.4545,0.3331,102.3787,85.4556,-0.1854,-0.0639,-0.7593,0.1092,0.00259,0.00444,0.00296,0.0037,0.00268,0.00173,0.00111,0.0037,2024-03-29
"SFG",35,1,4,4,0,0.00028,0.00285,0.1562,0.3636,0.2812,0.2941,0.4375,0.3166,94.1428,91.1956,-0.3845,-0.6612,0.1245,0.0753,0.00217,0.00478,0.00304,0.00142,0.00298,0.00091,0.00083,0,2024-03-29
"CHC",40,0,3,2,0,0.0012,0,0.1515,0.2308,0.1818,0.3,0.3333,0.2778,73.7432,91.7191,0.1308,-1.2306,-0.8183,-0.0591,0.00153,0.00461,0.00384,NA,0.0027,0.00082,0.00076,0.00423,2024-03-29
"KCR",32,1,1,1,0,0.00031,0.002,0.1613,0.1818,0.1613,0.1875,0.3226,0.2236,44.8983,89.0006,0.0396,-2.2862,0.2427,-0.1113,0.00173,0.00434,0.00391,0.00111,0.00409,0.00168,0.0013,0.00391,2024-03-29
"DET",35,0,1,1,1,0.00028,0.00314,0,0.2727,0.1875,0.2286,0.1875,0.196,25.866,88.1435,0.2302,-2.9182,0.3875,-0.1516,0.00227,0,0.00272,NA,0.00323,0.0015,NA,0.00409,2024-03-29
"WSN",32,1,2,2,0,NA,0.00281,0.0938,0.2273,0.1875,0.1875,0.2812,0.206,27.8445,85.7062,-0.1248,-3.1162,-0.2433,-0.2213,0.00173,0.00391,0.00434,0,0.00317,0.0011,NA,0.00347,2024-03-29
"MIA",48,0,5,5,1,0.00083,0.00145,0.0488,0.2286,0.1951,0.2917,0.2439,0.2363,46.6766,85.6938,0.1071,-3.2129,-0.8945,-0.2377,0.00171,0.00542,0.00285,NA,0.0051,0.00181,0.00028,0.00285,2024-03-29
"LAA",31,1,3,2,0,0.00096,0.00451,0.1429,0.0769,0.0714,0.1613,0.2143,0.1769,15.5544,87.6488,-0.0866,-3.4062,0.0373,-0.2483,NA,0,0,0.00142,0.00241,0.00108,0.00071,0.00428,2024-03-29
"COL",34,0,1,1,0,0.00088,0.00176,0.0667,0.1667,0.1333,0.2353,0.2,0.2125,25.0846,89.922,-0.0936,-3.6972,-0.1179,-0.2599,0.00083,0.00583,0.00333,NA,0.00351,0.00153,0.00041,0,2024-03-29
"OAK",31,0,0,0,0,0.00032,0.00419,0.0333,0.2353,0.1333,0.1613,0.1667,0.1515,1.5807,90.6916,-0.0453,-3.7511,-0.5494,-0.3425,0.00294,0.00411,0.00294,NA,0.00382,0.00181,NA,0.00352,2024-03-29
"STL",32,1,1,1,1,0.00031,0.00187,0.0968,0.0833,0.0968,0.125,0.1935,0.1435,-9.6036,88.3566,0.2297,-4.2436,-0.3682,-0.3479,0,0.001,0.006,0.00062,0.00275,0.0012,0,0.002,2024-03-29
"CHW",30,0,0,0,0,NA,0.00366,0,0.1579,0.1,0.1,0.1,0.0902,-42.5876,82.3803,-0.0015,-5.2437,-0.2094,-0.462,0.00315,0.00315,0.00368,NA,0.00444,0.00219,NA,0.00315,2024-03-29
"ARI",84,4,23,23,1,0.00083,0.0013,0.2237,0.4516,0.4211,0.4643,0.6447,0.4813,200.1947,92.9347,-0.3535,10.1642,0.5498,1.3942,0.00257,0.00439,0.003,0,0.00257,0.00071,0.00075,0.00484,2024-03-30
"LAD",163,7,29,28,1,0.00128,0.00214,0.1985,0.3367,0.2941,0.3865,0.4926,0.3861,142.3442,87.9357,-0.409,8.2015,-1.2258,1.3086,0.0021,0.0038,0,0.00166,0.00286,0.00103,0.00085,0.0038,2024-03-30
"SDP",156,4,26,23,3,0.00083,0.00166,0.1449,0.3273,0.2899,0.359,0.4348,0.3516,122.6536,87.8113,0.3801,4.7961,-0.0686,1.0554,0.00265,0.00415,0.00318,0.00111,0.00342,0.00099,0.00087,0.00368,2024-03-30
"NYY",87,2,12,10,0,0.0016,0.00218,0.1429,0.36,0.2857,0.4138,0.4286,0.3827,153.9262,87.3722,-0.0099,5.2947,0.0177,0.7964,0.00215,0.00509,0.00274,0.00142,0.00264,0.00089,0.00038,0.00269,2024-03-30
"CLE",82,1,14,12,2,0.00109,0.00195,0.1884,0.3585,0.2899,0.3902,0.4783,0.3848,155.2497,89.3373,-0.917,4.2208,-0.0594,0.6651,0.00339,0.00301,0.00358,0.00052,0.00279,0.00103,0.00018,0.00388,2024-03-30
"SFG",77,3,12,12,0,3e-04,0.0022,0.1857,0.3725,0.3143,0.3553,0.5,0.375,136.4738,93.2568,-0.3883,3.1132,0.0666,0.6065,0.00222,0.00425,0.00351,0.00157,0.00297,0.00114,0.00109,0.00527,2024-03-30
"TBR",73,2,10,10,3,0.00068,0.00246,0.1493,0.3404,0.2687,0.3288,0.4179,0.3341,124.843,88.6233,0.0896,1.938,0.4057,0.4545,0.00204,0.0053,0.00265,0.00153,0.00347,0.00111,0.00081,0.0044,2024-03-30
"BAL",41,2,11,11,1,0.00146,0.0012,0.2424,0.2857,0.303,0.3902,0.5455,0.3995,165.7682,86.921,0.3249,3.3829,-0.1186,0.4523,0.00133,0.00466,0,0.00166,0.0026,0.00077,0.00133,0.00366,2024-03-30
"ATL",45,0,9,8,1,0.00111,0.00222,0.15,0.4333,0.325,0.4,0.475,0.3897,142.0286,88.3329,-0.1929,2.1041,0.3161,0.4113,0,0,0,NA,0.00339,0.00154,0.00033,0.00466,2024-03-30
"HOU",79,1,5,5,3,0.00101,0.00164,0.0704,0.3333,0.2817,0.3544,0.3521,0.3246,112.0205,89.4899,0.2446,1.3041,0.2835,0.396,0.00258,0.00344,0.00396,0.00043,0.00378,0.0011,6e-04,0.00413,2024-03-30
"CIN",37,2,8,8,3,0.00054,0.00243,0.2647,0.3478,0.2941,0.3514,0.5588,0.3964,143.7455,88.7038,0.5895,2.5098,-0.3021,0.3602,0,0.002,0.005,0.00153,0.00381,0.00171,0.001,0.004,2024-03-30
"TOR",74,4,10,10,0,0.00108,0.00189,0.2188,0.1915,0.2031,0.2973,0.4219,0.3189,108.5956,88.9444,-0.3037,0.4009,0.3436,0.2958,0.00156,0.00411,0.00431,0.00181,0.00254,0.00087,9e-04,0.00392,2024-03-30
"PIT",95,3,13,13,0,0.00157,0.00273,0.1795,0.3137,0.2436,0.3579,0.4231,0.3416,108.7384,84.5716,-0.345,0.6426,-1.4096,0.274,0.00259,0.00388,0.00351,0.00157,0.00248,0.00142,0.00092,0.00333,2024-03-30
"TEX",42,2,4,4,0,0.00142,0.00238,0.2353,0.2609,0.2353,0.3415,0.4706,0.3467,117.9108,89.5693,0.0191,0.7873,0.575,0.2629,0,0,0,0,0.00305,0.00105,0.00076,0.00384,2024-03-30
"MIN",42,1,4,3,0,0.0011,0.00285,0.1081,0.375,0.2703,0.3571,0.3784,0.3271,117.2916,88.3522,-0.091,0.4965,0.5203,0.228,0.002,0.003,0,0,0.00279,0.00158,0,0.004,2024-03-30
"MIL",36,1,3,3,1,0.00083,0.00194,0.125,0.28,0.25,0.3056,0.375,0.3027,88.2772,88.081,0.3777,-0.2184,0.2465,0.1361,0,0.004,0.004,0.00083,0.00193,0.00042,0.00076,0.00423,2024-03-30
"BOS",74,2,6,6,4,0.00067,0.0027,0.1449,0.2766,0.2174,0.2703,0.3623,0.2825,75.9994,88.0371,0.4903,-1.6008,-0.5146,0.0066,0.00224,0.00387,0.00387,0.00105,0.00335,0.00121,0.00061,0.00326,2024-03-30
"SEA",66,3,5,5,1,0.00045,0.00348,0.1774,0.25,0.1935,0.2424,0.371,0.2724,80.4831,89.8223,-0.0417,-1.6227,-0.7017,-0.0384,0.00307,0.0041,0.00282,0.00272,0.00312,0.00149,0.00076,0.00461,2024-03-30
"CHC",40,0,3,2,0,0.0012,0,0.1515,0.2308,0.1818,0.3,0.3333,0.2778,73.7432,91.7191,0.1308,-1.2306,-0.8183,-0.0591,0.00153,0.00461,0.00384,NA,0.0027,0.00082,0.00076,0.00423,2024-03-30
"KCR",32,1,1,1,0,0.00031,0.002,0.1613,0.1818,0.1613,0.1875,0.3226,0.2236,44.8983,89.0006,0.0396,-2.2862,0.2427,-0.1113,0.00173,0.00434,0.00391,0.00111,0.00409,0.00168,0.0013,0.00391,2024-03-30
"PHI",35,1,3,3,2,0.00085,0.00428,0.0938,0.25,0.1562,0.2286,0.25,0.2232,37.2861,89.5821,0.2455,-2.5554,0.0109,-0.1277,0.00117,0.00647,0.00235,0.002,0.00395,0.00194,0.00058,0.0047,2024-03-30
"DET",35,0,1,1,1,0.00028,0.00314,0,0.2727,0.1875,0.2286,0.1875,0.196,25.866,88.1435,0.2302,-2.9182,0.3875,-0.1516,0.00227,0,0.00272,NA,0.00323,0.0015,NA,0.00409,2024-03-30
"WSN",32,1,2,2,0,NA,0.00281,0.0938,0.2273,0.1875,0.1875,0.2812,0.206,27.8445,85.7062,-0.1248,-3.1162,-0.2433,-0.2213,0.00173,0.00391,0.00434,0,0.00317,0.0011,NA,0.00347,2024-03-30
"MIA",85,0,7,7,1,0.00094,0.00164,0.0405,0.2787,0.2297,0.3176,0.2703,0.2674,62.7973,88.3331,0.0418,-3.9956,-1.4694,-0.238,0.00147,0.00606,0.00245,NA,0.00408,0.00134,0.00016,0.0036,2024-03-30
"LAA",31,1,3,2,0,0.00096,0.00451,0.1429,0.0769,0.0714,0.1613,0.2143,0.1769,15.5544,87.6488,-0.0866,-3.4062,0.0373,-0.2483,NA,0,0,0.00142,0.00241,0.00108,0.00071,0.00428,2024-03-30
"OAK",67,2,4,4,0,0.00044,0.00268,0.1452,0.2273,0.1935,0.2239,0.3387,0.2454,62.2022,87.1883,-0.1557,-3.17,-1.4331,-0.2658,0.00217,0.00478,0.00304,0.00142,0.00346,0.001,0.00043,0.00282,2024-03-30
"COL",67,1,4,3,0,0.00044,0.00253,0.127,0.2222,0.1746,0.2239,0.3016,0.2361,32.8025,92.1409,-0.1059,-5.9548,-0.2228,-0.3767,0.00152,0.00478,0.00369,0.00058,0.0038,0.00158,0.00108,0.00478,2024-03-30
"NYM",29,1,1,1,0,6e-04,0.00344,0.1111,0,0.037,0.1034,0.1481,0.1205,-23.758,90.8197,-0.1205,-4.6258,-0.3246,-0.3932,0.00176,0.00352,0.0047,0.0012,0.00309,0.00116,0.00117,0.00411,2024-03-30
"CHW",30,0,0,0,0,NA,0.00366,0,0.1579,0.1,0.1,0.1,0.0902,-42.5876,82.3803,-0.0015,-5.2437,-0.2094,-0.462,0.00315,0.00315,0.00368,NA,0.00444,0.00219,NA,0.00315,2024-03-30
"STL",68,1,4,4,1,0.00044,0.00294,0.0635,0.186,0.1429,0.1912,0.2063,0.1844,15.1149,86.8902,0.2326,-7.0673,-0.807,-0.5445,0.00272,0.002,0.00477,0.00047,0.00297,0.00118,0.00045,0.00295,2024-03-30
"ARI",124,6,27,27,2,0.0012,0.0012,0.2243,0.3953,0.3738,0.4516,0.5981,0.4577,185.1639,92.0231,-0.2144,12.9825,0.8371,1.8563,0.00228,0.00456,0.00315,0.00206,0.00259,0.00071,8e-04,0.00456,2024-03-31
"LAD",210,8,34,33,1,0.0011,0.00233,0.1732,0.3651,0.3017,0.3857,0.4749,0.3808,138.9127,88.3995,-0.592,9.605,-1.4796,1.5988,0.002,0.00365,0.00425,0.0014,0.00303,0.00113,0.00082,0.004,2024-03-31
"CLE",132,2,26,23,8,0.00106,0.00166,0.2,0.3708,0.3182,0.4091,0.5182,0.4054,169.674,88.194,0.2241,10.6539,0.1674,1.4876,0.0028,0.0028,0.00438,0.00051,0.00302,0.00104,3e-04,0.00362,2024-03-31
"ATL",90,4,21,20,2,0.00088,0.00166,0.2683,0.4286,0.378,0.4333,0.6463,0.4681,190.8444,89.2341,0.0087,10.201,0.5848,1.4237,0.00268,0.00507,0.00223,0.00266,0.00391,0.00125,0.00029,0.00447,2024-03-31
"SDP",196,6,32,29,3,0.00091,0.00183,0.157,0.3106,0.2733,0.352,0.4302,0.3478,120.2046,88.0642,0.3046,5.2523,0.5177,1.3089,0.00248,0.0043,0.00321,0.00136,0.0033,0.00098,8e-04,0.00376,2024-03-31
"TEX",85,5,15,15,1,0.00117,0.00188,0.2778,0.3585,0.3333,0.4048,0.6111,0.4314,180.8994,90.3899,0.2284,8.0266,0.8091,1.1467,0.00172,0.00465,0.00362,0.00238,0.0033,0.001,0.00135,0.00406,2024-03-31
"NYY",125,5,17,14,0,0.0015,0.002,0.1845,0.3333,0.2718,0.392,0.4563,0.3807,152.4589,87.8731,0.0055,7.4259,0.0838,1.1318,0.00191,0.00506,0.00301,0.00227,0.00249,0.00087,4e-04,0.00337,2024-03-31
"BAL",82,4,24,24,1,0.00097,0.00134,0.2958,0.339,0.338,0.3902,0.6338,0.4316,188.412,91.0709,0.3047,8.5106,-0.3561,1.0689,0.0019,0.00349,0.0046,0.00137,0.00292,8e-04,0.0012,0.0046,2024-03-31
"TBR",111,3,15,15,5,0.00081,0.00216,0.1414,0.3514,0.2929,0.3514,0.4343,0.3486,132.5252,87.7608,0.4759,4.5702,0.4491,0.8383,0.0021,0.00513,0.00276,0.00142,0.00335,0.001,0.00077,0.00415,2024-03-31
"SFG",117,5,21,21,0,0.00051,0.0023,0.2,0.3421,0.2952,0.3362,0.4952,0.3608,127.5666,93.036,-0.3552,3.6672,0.123,0.8163,0.00197,0.00395,0.00407,0.00151,0.0028,0.0011,0.0012,0.00524,2024-03-31
"PIT",143,3,22,21,0,0.00132,0.00244,0.157,0.3765,0.2893,0.3846,0.4463,0.3664,125.2063,86.5913,-0.4586,4.0459,-2.2328,0.7126,0.00215,0.00454,0.00329,0.00103,0.00264,0.00128,0.00079,0.0034,2024-03-31
"CIN",74,4,14,14,5,0.00067,0.00229,0.25,0.3404,0.2941,0.3514,0.5441,0.3909,139.1238,90.3787,0.0803,3.5959,-0.8002,0.5566,0.002,0.003,0,0,0.00387,0.00164,0.00078,0.00509,2024-03-31
"MIL",81,2,10,9,5,0.00049,0.00234,0.1053,0.375,0.3026,0.3333,0.4079,0.3296,103.9676,88.8052,0.984,1.3718,0.367,0.4756,0.00122,0.00508,0.00368,0.00095,0.00253,0.00069,6e-04,0.00413,2024-03-31
"MIN",82,1,9,8,1,0.00097,0.00219,0.1014,0.3137,0.2464,0.3537,0.3478,0.3154,104.6223,88.3538,-0.2638,0.0986,1.2079,0.3765,0.002,0.00442,0.00307,0.00062,0.00307,0.00157,0.00057,0.00442,2024-03-31
"DET",80,2,8,8,2,0.00062,0.0017,0.137,0.2759,0.2466,0.3,0.3836,0.3044,97.3281,89.6825,0.2712,-0.0461,0.6998,0.3045,0.00166,0.00466,0.00366,9e-04,0.00311,0.00105,0.00066,0.00383,2024-03-31
"WSN",76,2,9,8,5,0.00078,0.00302,0.1493,0.3409,0.2537,0.3158,0.403,0.3178,96.1931,86.3062,0.7473,0.3857,-0.4837,0.2714,0.00217,0.00391,0.00391,0.00111,0.00364,0.00134,0.00065,0.00369,2024-03-31
"HOU",114,1,8,7,3,0.00087,0.00166,0.0686,0.2805,0.2353,0.3158,0.3039,0.2886,86.7763,89.2789,0.0669,-1.66,0.2148,0.1936,0.00231,0.00414,0.00353,0.00034,0.00364,0.00121,0.00048,0.00349,2024-03-31
"TOR",108,4,11,11,0,0.00101,0.00222,0.1474,0.2206,0.2,0.287,0.3474,0.2883,87.3892,87.3381,-0.468,-2.0628,0.1972,0.1332,0.0018,0.00416,0.00402,0.00137,0.00282,0.001,0.00069,0.00319,2024-03-31
"PHI",72,2,7,7,4,0.00111,0.00263,0.1094,0.2558,0.2031,0.2917,0.3125,0.2795,71.7172,86.7061,0.4583,-2.0864,0.0286,0.0584,0,0.00533,0.00266,0.00166,0.00333,0.00148,0.00044,0.00311,2024-03-31
"COL",108,3,13,12,1,0.00083,0.0024,0.1753,0.2609,0.2165,0.287,0.3918,0.3013,72.0961,92.0869,0.0399,-3.8003,-0.3996,-0.025,0.00194,0.00472,0.00333,0.0012,0.00378,0.00143,0.00111,0.00458,2024-03-31
"NYM",70,4,7,7,0,0.00057,0.00228,0.1846,0.2,0.2,0.2571,0.3846,0.2859,80.7449,91.2148,-0.4275,-2.1151,-1.366,-0.0929,0.00224,0.00346,0.00428,0.0019,0.00287,0.00101,0.00122,0.00428,2024-03-31
"CHW",72,3,6,5,0,0.00055,0.002,0.1618,0.2128,0.1912,0.2361,0.3529,0.2613,67.5373,89.123,-0.4759,-3.283,-0.5642,-0.1744,0.002,0.003,0.004,0.00142,0.00329,0.00154,0,0.004,2024-03-31
"LAA",68,2,7,6,0,0.00058,0.00397,0.1406,0.2571,0.1719,0.2206,0.3125,0.2384,52.8992,91.9062,-0.2649,-4.2273,0.161,-0.2085,0.00216,0.00378,0.00405,0.00133,0.00267,0.00119,0.00081,0.00513,2024-03-31
"CHC",71,1,5,4,0,0.00098,0.00225,0.129,0.2174,0.1774,0.2676,0.3065,0.2563,58.1903,89.5548,0.1939,-3.5537,-1.143,-0.2121,0.0017,0.00446,0.0038,0.00055,0.00293,0.00102,0.00085,0.00404,2024-03-31
"BOS",113,2,9,9,4,7e-04,0.0029,0.1143,0.2857,0.2095,0.2655,0.3238,0.2624,63.6782,89.0395,0.1029,-4.7311,-0.9016,-0.2328,0.00228,0.00385,0.00385,0.00074,0.0035,0.00129,0.00041,0.00333,2024-03-31
"OAK",107,2,7,7,1,0.00084,0.00299,0.1064,0.2581,0.1915,0.271,0.2979,0.2613,72.2868,88.5826,-0.0991,-3.5654,-2.0065,-0.2445,0.00203,0.00484,0.00312,0,0.00315,0.00155,0.00046,0.00328,2024-03-31
"SEA",104,3,9,9,1,0.00048,0.00336,0.1122,0.2667,0.1939,0.2404,0.3061,0.2472,62.49,87.6712,-0.2024,-4.7733,-1.2089,-0.295,0.00322,0.00419,0.00258,0.00187,0.00297,0.00147,0.00063,0.00428,2024-03-31
"KCR",66,1,2,2,0,6e-04,0.00287,0.1129,0.2143,0.1613,0.2121,0.2742,0.2129,33.3374,90.1412,-0.3473,-5.8726,0.5206,-0.3445,0.00139,0.00372,0.00488,0.00047,0.00372,0.00126,0.00116,0.00418,2024-03-31
"MIA",120,0,10,10,1,0.00083,0.0022,0.0374,0.2716,0.2056,0.2833,0.243,0.2415,46.9847,89.021,-0.0079,-8.0581,-2.0791,-0.5809,0.00197,0.00567,0.00234,NA,0.00403,0.00148,0.00061,0.00395,2024-03-31
"STL",109,1,10,9,1,0.00045,0.00275,0.0606,0.2143,0.1616,0.213,0.2222,0.1968,23.7527,88.624,0.2009,-10.2453,-1.0683,-0.7406,0.00239,0.00295,0.00464,3e-04,0.00306,0.00134,0.00055,0.00347,2024-03-31
"SDP",240,8,45,41,3,0.00091,0.00179,0.184,0.3374,0.2972,0.3708,0.4811,0.3754,138.1338,88.6446,0.3188,11.7548,0.4708,2.1245,0.00252,0.00423,0.00323,0.00145,0.00317,0.00094,0.00093,0.00397,2024-04-01
"LAD",245,10,39,38,2,0.00118,0.00224,0.1866,0.3514,0.2967,0.3837,0.4833,0.3831,140.3399,88.7011,-0.4922,11.8586,-1.757,1.9282,0.00234,0.00367,0.00398,0.00158,0.0029,0.00112,0.00088,0.00417,2024-04-01
"ARI",155,7,32,31,5,0.00116,0.00141,0.2074,0.3551,0.3333,0.4129,0.5407,0.4192,160.789,90.9409,-0.0743,11.6867,0.8607,1.8424,0.0021,0.00456,0.00333,0.00184,0.00252,0.00077,0.00096,0.00438,2024-04-01
"CLE",170,2,29,25,8,0.00094,0.00158,0.1655,0.3361,0.2897,0.3765,0.4552,0.3688,144.0859,87.7409,0.26,8.7592,0.2721,1.4198,0.00237,0.00347,0.00415,4e-04,0.00292,0.00099,0.00024,0.00347,2024-04-01
"ATL",124,5,25,24,2,0.00072,0.00233,0.2348,0.4074,0.3304,0.379,0.5652,0.412,155.2642,88.9378,0.0671,8.5892,0.6993,1.3981,0.00232,0.00511,0.00255,0.00227,0.00374,0.0012,0.00034,0.00441,2024-04-01
"TEX",126,5,20,20,2,0.00111,0.0023,0.2294,0.3506,0.2936,0.368,0.5229,0.3844,150.6077,90.1118,0.5142,7.6394,1.2072,1.27,0.00182,0.0043,0.0037,0.00161,0.00335,0.00129,0.0012,0.00421,2024-04-01
"NYY",164,5,21,18,1,0.0012,0.00256,0.1511,0.3511,0.2734,0.372,0.4245,0.3584,136.8502,87.6228,0.1959,7.0335,0.0577,1.2057,0.00204,0.00438,0.00357,0.00142,0.00257,9e-04,3e-04,0.00323,2024-04-01
"CIN",113,6,20,20,6,7e-04,0.00212,0.2692,0.3784,0.3269,0.3805,0.5962,0.4238,158.9222,90.5701,-0.1532,8.1673,-1.1207,1.1307,0.00316,0.00379,0.00303,0.002,0.0034,0.00134,7e-04,0,2024-04-01
"PIT",193,4,31,30,2,0.00134,0.00248,0.1481,0.375,0.284,0.3822,0.4321,0.3621,122.3098,84.7929,-0.2082,5.1726,-3.2305,0.9107,0.00232,0.0043,0.00336,0.00102,0.00289,0.00127,0.00067,0.00296,2024-04-01
"SFG",157,6,25,25,0,0.00089,0.00229,0.1838,0.3093,0.2647,0.3397,0.4485,0.3482,120.0306,92.6575,-0.3116,3.602,-0.4306,0.9017,0.00194,0.00407,0.00398,0.00146,0.00283,0.00106,0.00115,0.00509,2024-04-01
"BAL",118,4,25,25,1,0.0011,0.00169,0.2079,0.2875,0.2673,0.3475,0.4752,0.3591,137.4959,90.0319,0.3503,5.3679,-0.2467,0.8695,0.00202,0.0036,0.00428,0.00111,0.0031,0.00097,0.0011,0.00416,2024-04-01
"MIL",122,2,14,13,8,8e-04,0.00237,0.1101,0.3797,0.2936,0.3554,0.4037,0.3384,111.5756,88.9315,1.38,3.1242,0.4639,0.8143,0.00187,0.00437,0.0037,0.00066,0.0024,0.00091,0.00073,0.0039,2024-04-01
"TBR",145,5,17,17,6,0.00075,0.00206,0.1538,0.2784,0.2462,0.3103,0.4,0.3167,110.2212,88.1134,0.699,2.3668,0.6661,0.7388,0.00207,0.00485,0.00306,0.00161,0.00334,0.00093,0.00078,0.00421,2024-04-01
"WSN",118,4,14,13,7,0.00084,0.00254,0.1782,0.3143,0.2574,0.3333,0.4356,0.3393,110.4018,87.9362,1.0316,2.5655,-0.7201,0.6233,0.00216,0.00351,0.00432,0.0012,0.00368,0.00122,0,0,2024-04-01
"KCR",107,6,13,12,0,0.00065,0.0024,0.26,0.2647,0.24,0.2897,0.5,0.3392,120.5991,90.4441,-0.3087,1.725,0.9072,0.585,0.00148,0.00351,0,0.00162,0.0037,0.00106,0.00162,0.00432,2024-04-01
"TOR",152,6,20,19,0,0.0012,0.00217,0.1603,0.2473,0.2214,0.3224,0.3817,0.3194,109.0606,86.8017,-0.6386,0.873,0.4187,0.5836,0.002,0.00373,0.00424,0.00142,0.00274,0.00092,9e-04,0.00292,2024-04-01
"DET",119,4,11,11,2,0.00075,0.00226,0.1481,0.2821,0.2407,0.3025,0.3889,0.3089,99.644,88.8478,0.2437,0.1956,0.9445,0.4699,0.00182,0.00463,0.00353,0.00137,0.0031,0.00109,0.00073,0.0039,2024-04-01
"HOU",153,2,11,10,3,0.00078,0.00176,0.0863,0.3091,0.259,0.3268,0.3453,0.3077,100.0135,89.5268,-0.4854,-0.483,0.3296,0.4404,0.00243,0.00423,0.00333,0.00054,0.00353,0.0012,0.00053,0.00357,2024-04-01
"PHI",107,3,12,11,5,0.00102,0.00261,0.1053,0.2969,0.2316,0.3178,0.3368,0.3017,85.8333,88.5871,0.494,-1.4003,0.3833,0.2932,0.00253,0.00492,0.00253,0.00176,0.00343,0.00139,0.00059,0.00358,2024-04-01
"CHC",120,2,14,13,0,0.00133,0.00183,0.1287,0.2692,0.2277,0.3417,0.3564,0.3144,95.4686,89.122,0.3555,-0.3675,-1.3617,0.2693,0.001,0.004,0,0.00062,0.00256,0.00096,0.00087,0.0042,2024-04-01
"MIN",117,1,9,8,1,0.00085,0.00256,0.1,0.2857,0.21,0.3162,0.31,0.2858,85.2211,88.492,-0.1861,-2.2651,1.2031,0.2413,0.00211,0.005,0.00281,0,0.0031,0.00163,0.00056,0.0038,2024-04-01
"OAK",143,2,11,11,2,9e-04,0.00265,0.121,0.2907,0.2177,0.3028,0.3387,0.292,93.0252,87.3371,-0.3902,-1.573,-3.2537,-0.0619,0.00204,0.00465,0.00329,6e-04,0.00308,0.00149,0.00033,0.0028,2024-04-01
"BOS",151,4,14,14,4,0.00072,0.00271,0.1286,0.2947,0.2286,0.2848,0.3571,0.286,79.4919,90.401,-0.355,-3.9437,-1.2119,-0.0713,0.00237,0.00381,0.00381,0.00108,0.00342,0.00133,8e-04,0.00414,2024-04-01
"COL",142,3,14,13,1,0.00063,0.00246,0.1318,0.2826,0.2248,0.2887,0.3566,0.2904,64.6312,90.2221,-0.201,-6.4773,-0.6058,-0.1907,0.00178,0.00505,0.00315,0,0.00373,0.0013,0.00094,0.00431,2024-04-01
"CHW",105,5,8,7,1,0.00047,0.00276,0.1818,0.2,0.1818,0.2286,0.3636,0.262,66.4128,88.5643,-0.2858,-4.3243,-0.8103,-0.2063,0,0.00414,0.00385,0.00185,0.0031,0.00144,0.00085,0.00442,2024-04-01
"NYM",106,4,8,8,0,0.00056,0.0021,0.1414,0.2222,0.202,0.2547,0.3434,0.2689,69.9327,91.0467,-0.4601,-4.4473,-2.0179,-0.2614,0.002,0.00342,0.00407,0.0012,0.00303,0.00095,0.00078,0.00434,2024-04-01
"LAA",101,3,11,9,0,0.00049,0.00346,0.1263,0.2456,0.1789,0.2277,0.3053,0.2401,52.1586,91.1366,-0.7956,-6.5435,0.4277,-0.3174,0.00183,0.00433,0.00383,0.0013,0.00325,0.00126,0.00083,0.00483,2024-04-01
"MIA",161,3,17,17,1,8e-04,0.0023,0.0972,0.25,0.2014,0.2795,0.2986,0.2614,59.9236,88.923,-0.0512,-8.2002,-2.9553,-0.5321,0.00186,0.00504,0.00308,9e-04,0.00377,0.00149,0.00084,0.00401,2024-04-01
"SEA",137,3,10,10,1,0.00043,0.00328,0.093,0.2469,0.1783,0.2263,0.2713,0.2273,48.271,86.9199,-0.3036,-8.4874,-1.6424,-0.616,0.00301,0.00421,0.00277,0.0013,0.00293,0.00136,0.00059,0.00416,2024-04-01
"STL",149,1,14,13,1,0.00053,0.00288,0.0526,0.2527,0.1805,0.2397,0.2331,0.2174,36.7816,87.1869,0.1949,-11.5952,-1.5492,-0.7776,0.00239,0.00326,0.00434,2e-04,0.00331,0.00147,0.00042,0.00294,2024-04-01
"SDP",272,10,47,43,3,0.00088,0.00176,0.1901,0.3118,0.281,0.3529,0.4711,0.363,130.3059,88.6246,0.3287,10.6289,0.4494,2.1269,0.00235,0.0044,0.00323,0.00158,0.00321,9e-04,0.00096,0.00403,2024-04-02
"LAD",280,11,47,46,2,0.0011,0.00232,0.195,0.3529,0.2946,0.375,0.4896,0.3801,138.4307,89.4581,-0.574,12.8731,-2.149,2.1207,0.0023,0.00375,0.00392,0.00154,0.0029,0.00113,0.00088,0.0044,2024-04-02
"ATL",164,6,34,32,2,0.00085,0.00201,0.2333,0.3874,0.3267,0.3841,0.56,0.4123,155.4012,89.3028,0.091,11.4036,0.882,1.8492,0.00213,0.0047,0.00316,0.00162,0.00342,0.00112,0.00059,0.0045,2024-04-02
"ARI",192,7,34,33,5,0.00114,0.0015,0.1879,0.3182,0.297,0.3802,0.4848,0.3815,136.7833,90.3749,-0.0667,8.7589,1.0687,1.7043,0.00194,0.00438,0.00366,0.00137,0.00268,0.00079,0.00086,0.00417,2024-04-02
"TEX",169,7,29,28,4,0.00124,0.00195,0.2238,0.3143,0.2797,0.375,0.5035,0.3816,148.4973,89.3567,0.8916,10.1014,1.4837,1.6751,0.00178,0.0041,0.0041,0.00152,0.00314,0.00129,0.00106,0.00407,2024-04-02
"PIT",243,4,39,38,2,0.00131,0.00234,0.1485,0.3958,0.302,0.4,0.4505,0.378,132.554,85.5845,-0.3192,9.5664,-4.0759,1.4545,0.00238,0.00428,0.00333,0.00081,0.00286,0.0012,0.00092,0.00324,2024-04-02
"CLE",206,4,33,29,8,0.00082,0.00155,0.1695,0.3034,0.2712,0.3544,0.4407,0.3527,132.8002,87.9098,0.2278,7.8904,0.2512,1.4371,0.0026,0.00321,0.00417,0.00065,0.00294,0.001,4e-04,0.0034,2024-04-02
"NYY",203,5,26,22,1,0.00128,0.00226,0.1395,0.3306,0.2674,0.3645,0.407,0.3481,129.6336,87.4571,0.2183,7.0243,0.0112,1.3163,0.0021,0.00421,0.00367,0.00106,0.00259,0.00096,0.00023,0.00333,2024-04-02
"CIN",155,7,26,26,11,0.00083,0.00264,0.2411,0.3763,0.2979,0.3613,0.539,0.393,139.3772,89.8829,0.7002,8.3275,-1.7797,1.2357,0.00292,0.00373,0.00333,0.00212,0.00341,0.0014,0,0.004,2024-04-02
"HOU",191,7,21,20,3,0.00078,0.00183,0.1667,0.3106,0.2759,0.3403,0.4425,0.3491,129.0579,88.9849,-0.6409,5.6358,0.48,1.1876,0.00231,0.0042,0.00347,0.00145,0.00351,0.00122,0.00071,0.00381,2024-04-02
"SFG",197,7,28,28,0,0.00101,0.00223,0.1657,0.3033,0.2604,0.3418,0.426,0.3416,115.7416,91.7034,-0.3123,3.5548,-0.4427,1.0438,0.0018,0.00434,0.00379,0.00142,0.00281,0.00104,0.00092,0.00484,2024-04-02
"BAL",153,6,31,31,1,0.00091,0.00176,0.2074,0.2857,0.2667,0.3333,0.4741,0.3525,132.8966,90.122,0.336,6.0439,-0.3987,1.0268,0.00189,0.00387,0.00423,0.00127,0.00303,0.00104,0.00117,0.00441,2024-04-02
"TBR",182,7,20,20,7,0.00087,0.0023,0.175,0.2655,0.2312,0.3132,0.4062,0.3217,113.6844,89.4345,0.4411,3.2656,0.5753,0.9307,0.00218,0.00462,0.00319,0.00184,0.00335,0.001,0,0.00466,2024-04-02
"MIL",122,2,14,13,8,8e-04,0.00237,0.1101,0.3797,0.2936,0.3554,0.4037,0.3384,111.5756,88.9315,1.38,3.1242,0.4639,0.8143,0.00187,0.00437,0.0037,0.00066,0.0024,0.00091,0.00073,0.0039,2024-04-02
"WSN",156,5,18,17,9,0.00089,0.00243,0.1556,0.3053,0.2519,0.329,0.4074,0.3285,103.38,88.0284,1.4716,2.1305,-0.6573,0.7263,0.001,0.003,0.004,0.00113,0.00359,0.00112,0.00079,0.00386,2024-04-02
"KCR",145,8,17,16,4,0.00062,0.00241,0.2519,0.2473,0.2296,0.2759,0.4815,0.3223,109.1645,90.0807,0.565,1.4664,1.1853,0.7002,0.00138,0.00386,0.00475,0.00166,0.0038,0.00111,0.00138,0.00415,2024-04-02
"DET",156,5,16,16,2,0.00076,0.002,0.1357,0.2551,0.2143,0.2821,0.35,0.2846,82.6879,88.4611,0.0475,-3.0152,1.4478,0.3064,0.0016,0.00446,0.00388,0.0012,0.00305,0.00112,0.00097,0.00378,2024-04-02
"CHC",155,2,19,15,0,0.00122,0.00167,0.0977,0.283,0.2406,0.3419,0.3383,0.3094,92.256,90.0205,0.4315,-1.1282,-1.8359,0.2739,0.00157,0.0049,0.00351,0.00052,0.00242,0.00089,0.00064,0.00425,2024-04-02
"MIN",117,1,9,8,1,0.00085,0.00256,0.1,0.2857,0.21,0.3162,0.31,0.2858,85.2211,88.492,-0.1861,-2.2651,1.2031,0.2413,0.00211,0.005,0.00281,0,0.0031,0.00163,0.00056,0.0038,2024-04-02
"PHI",146,3,15,14,7,0.00102,0.0026,0.0846,0.2921,0.2231,0.3082,0.3077,0.2864,76.0761,87.9625,-0.1033,-4.4683,0.3484,0.1238,0.00228,0.00467,0.00304,0.00107,0.00322,0.00123,0.00043,0.00347,2024-04-02
"TOR",181,6,20,19,0,0.0011,0.0022,0.1329,0.2035,0.1835,0.2818,0.3165,0.276,78.6677,86.4176,-0.6844,-5.1134,0.7249,0.0956,0.00176,0.00411,0.00411,0.00122,0.00284,0.001,0.00075,0.00277,2024-04-02
"BOS",195,4,23,21,7,0.00092,0.00266,0.1143,0.3058,0.2343,0.3026,0.3486,0.2902,82.8548,90.44,0.2519,-3.6422,-1.4288,0.0684,0.00211,0.0039,0.00398,0.00081,0.00326,0.0013,8e-04,0,2024-04-02
"LAA",140,6,18,15,2,0.00078,0,0.1875,0.225,0.1875,0.2571,0.375,0.2817,78.9497,90.5832,-0.9405,-4.2826,0.5159,0.0363,0.00162,0.00441,0.00395,0.00176,0.00317,0.00115,0.00116,0.00488,2024-04-02
"STL",194,3,20,19,2,0.00056,0.00288,0.0862,0.2991,0.2184,0.2775,0.3046,0.2638,65.533,87.3029,0.2985,-8.0763,-2.1903,-0.3201,0.00254,0.0032,0.00423,0,0.00323,0.00135,0.00056,0.003,2024-04-02
"OAK",174,2,11,11,2,0.00074,0.00293,0.1032,0.2788,0.2,0.2717,0.3032,0.2627,72.8844,86.4618,-0.4259,-5.8799,-3.488,-0.4287,0.00188,0,0.00311,6e-04,0.0032,0.00151,2e-04,0.0027,2024-04-02
"CHW",135,5,8,7,1,0.00059,0.00296,0.152,0.2,0.168,0.2296,0.32,0.2478,56.1675,88.486,-0.8099,-7.5205,-0.9148,-0.4506,0.00211,0.00388,0,0.00147,0.00311,0.00141,7e-04,0.00423,2024-04-02
"SEA",173,4,15,15,2,0.00069,0.00312,0.0943,0.2574,0.1887,0.2543,0.283,0.2479,61.9079,87.6089,-0.281,-7.7944,-1.9014,-0.4648,0.00298,0.00394,0.00307,0.0012,0.00285,0.00132,0.00066,0.00428,2024-04-02
"MIA",200,3,21,21,1,0,0.0023,0.0899,0.2713,0.2135,0.2915,0.3034,0.2704,65.7091,89.3714,-0.1553,-8.7615,-3.7056,-0.5204,0.00212,0.00507,0.0028,0.00081,0.0038,0.00147,0.00082,0.0039,2024-04-02
"NYM",144,4,8,8,0,0.00062,0.00215,0.1128,0.2143,0.188,0.25,0.3008,0.2517,59.0716,90.3748,-0.6363,-8.01,-2.8484,-0.565,0.00205,0.00382,0.00411,0.00095,0.0031,0.00107,0.00068,0.00392,2024-04-02
"COL",174,3,14,13,1,0.00057,0.00252,0.1062,0.2544,0.2,0.2586,0.3062,0.2566,43.1772,90.5602,-0.207,-12.5627,-0.7447,-0.7016,0.00179,0.00435,0.00384,0.00066,0.00385,0.00134,9e-04,0.00444,2024-04-02
"LAD",317,12,52,51,4,0.00113,0.00239,0.1941,0.3579,0.293,0.3754,0.4872,0.3798,138.2437,89.3403,-0.3044,14.8456,-2.4134,2.4303,0.00247,0.00366,0.00386,0.00153,0.00284,0.0011,0.00089,0.0044,2024-04-03
"SDP",309,10,49,45,4,0.00084,0.0017,0.1769,0.3131,0.278,0.3463,0.4549,0.3541,124.5518,88.4374,0.5479,10.0274,0.4397,2.202,0.00252,0.00432,0.00315,0.00142,0.00318,0.00088,0.00089,0.00401,2024-04-03
"ARI",231,8,41,39,6,0.00112,0.00155,0.175,0.327,0.3,0.381,0.475,0.379,135.2276,90.447,-0.3687,9.8006,1.12,1.9592,0.00204,0.00439,0.00355,0.00135,0.00259,8e-04,0.00077,0.00413,2024-04-03
"ATL",200,8,36,34,2,9e-04,0.002,0.2265,0.3511,0.2983,0.365,0.5249,0.3901,141.3373,88.7983,0.123,10.3964,1.095,1.9022,0.00194,0.00467,0.00338,0.0017,0.0033,0.00112,0.00064,0.0044,2024-04-03
"CLE",245,5,38,32,8,0.00073,0.00175,0.1636,0.3216,0.2804,0.351,0.4439,0.3501,131.2884,87.8634,0.2309,8.9242,0.5628,1.6894,0.002,0.0034,0.004,0.00071,0.00306,0.00103,0.00039,0.0034,2024-04-03
"TEX",205,7,31,30,4,0.00112,0,0.1921,0.3053,0.2655,0.3529,0.4576,0.3556,129.8684,88.7135,0.8783,7.7372,1.6521,1.5603,0.00181,0.00405,0.0041,0.00122,0.00321,0.0012,0.00093,0.00374,2024-04-03
"PIT",243,4,39,38,2,0.00131,0.00234,0.1485,0.3958,0.302,0.4,0.4505,0.378,132.554,85.5845,-0.3192,9.5664,-4.0759,1.4545,0.00238,0.00428,0.00333,0.00081,0.00286,0.0012,0.00092,0.00324,2024-04-03
"HOU",225,8,22,21,3,0.00084,0.00173,0.1675,0.3077,0.2759,0.3438,0.4433,0.3512,130.8213,89.3878,-1.6051,6.2419,0.5631,1.3586,0.0022,0.00423,0.00355,0.00137,0.0033,0.00113,0.00072,0.00406,2024-04-03
"CHC",201,6,31,27,1,0.00129,0.00159,0.1696,0.2985,0.269,0.3731,0.4386,0.3611,125.1384,91.2639,0.7132,6.9787,-2.1058,1.2366,0.00164,0.00471,0.00364,0.00117,0.00233,9e-04,0.00092,0.00457,2024-04-03
"SFG",235,8,32,32,0,0.00097,0.0021,0.1618,0.302,0.2598,0.3376,0.4216,0.3382,113.1732,91.1806,-0.7014,3.159,-0.2699,1.1619,0.00203,0.0041,0.00382,0.00133,0.0029,0.00096,0.00082,0.0046,2024-04-03
"CIN",192,7,30,29,11,0.00067,0.0027,0.2147,0.3613,0.2825,0.3333,0.4972,0.3628,120.1572,89.8538,0.7163,5.5528,-2.0818,1.0616,0.0026,0.004,0.0029,0.00189,0.00342,0.0013,0.00079,0.00484,2024-04-03
"NYY",234,5,26,22,1,0.00123,0.0023,0.12,0.3056,0.245,0.3419,0.365,0.3227,111.79,87.4107,0.2408,3.3535,-0.003,1.0361,0.00202,0.00432,0.00364,0.00092,0.0025,0.00089,2e-04,0.00328,2024-04-03
"TBR",216,8,25,25,8,0.00078,0.00236,0.1623,0.2687,0.2304,0.3102,0.3927,0.3159,109.6064,89.1153,0.6445,2.9976,0.5926,1.0067,0.00205,0.00439,0.00354,0.001,0.00351,0.0011,0.00084,0.00457,2024-04-03
"MIL",158,3,17,16,11,0.00094,0.00234,0.1151,0.36,0.2806,0.3567,0.3957,0.3382,110.9197,88.3883,1.401,3.5365,0.5832,1.0013,0.00196,0.00441,0.00362,0.00081,0.0024,0.00094,0.00067,0.00384,2024-04-03
"KCR",183,8,21,20,4,0.00065,0.0024,0.2189,0.2627,0.2308,0.2842,0.4497,0.3164,103.1463,91.1377,0.1192,0.3995,1.7025,0.7579,0.0012,0.00404,0.00468,0.00135,0.00372,0.00108,0.0015,0.00444,2024-04-03
"WSN",156,5,18,17,9,0.00089,0.00243,0.1556,0.3053,0.2519,0.329,0.4074,0.3285,103.38,88.0284,1.4716,2.1305,-0.6573,0.7263,0.001,0.003,0.004,0.00113,0.00359,0.00112,0.00079,0.00386,2024-04-03
"BAL",184,6,32,32,1,0.00081,0.00179,0.1818,0.2558,0.2364,0.2989,0.4182,0.3158,107.1916,90.479,0.3839,1.8846,-0.1583,0.7229,0.00186,0.00395,0.00417,0.00107,0.00306,0.00105,0.00111,0.00451,2024-04-03
"PHI",184,7,24,22,7,0.00097,0.00239,0.1394,0.2719,0.2303,0.3098,0.3697,0.3085,90.1382,89.1522,-0.2127,-2.4803,0.3403,0.4646,0.0022,0.00433,0.00341,0.0017,0.00323,0.0012,0.00049,0.00396,2024-04-03
"DET",156,5,16,16,2,0.00076,0.002,0.1357,0.2551,0.2143,0.2821,0.35,0.2846,82.6879,88.4611,0.0475,-3.0152,1.4478,0.3064,0.0016,0.00446,0.00388,0.0012,0.00305,0.00112,0.00097,0.00378,2024-04-03
"BOS",243,4,28,25,8,9e-04,0.00275,0.106,0.3311,0.2442,0.3169,0.3502,0.2982,87.5136,90.0194,0.5128,-3.0819,-1.823,0.2282,0.00213,0,0.00386,6e-04,0.00333,0.00132,0.00072,0.00368,2024-04-03
"TOR",214,7,22,21,0,0.00102,0.0021,0.1376,0.2174,0.1958,0.285,0.3333,0.283,83.5039,87.1202,-0.8309,-4.8845,0.7862,0.2233,0.00179,0.00462,0.00358,0.00134,0.00295,0.00102,6e-04,0.00303,2024-04-03
"LAA",174,7,21,18,3,8e-04,0.00275,0.1824,0.2308,0.195,0.2644,0.3774,0.2863,82.1483,90.4325,-1.2794,-4.802,0.5712,0.0907,0.00189,0.00423,0.00387,0.00162,0.00316,0.0011,0.00126,0.00477,2024-04-03
"MIN",151,1,11,10,1,0.00092,0.00251,0.0781,0.25,0.1875,0.2914,0.2656,0.2577,64.985,88.0066,-0.1676,-6.2142,1.738,-0.0026,0.00215,0.00483,0.00301,0.00035,0.00301,0.00154,4e-04,0.00387,2024-04-03
"STL",231,4,25,23,2,0.00064,0.00272,0.0985,0.2857,0.2167,0.2788,0.3153,0.268,67.4066,88.2764,0.3437,-9.084,-1.9455,-0.2603,0.00232,0.00359,0.00408,6e-04,0.00314,0.00134,6e-04,0.00328,2024-04-03
"CHW",168,6,11,10,1,0.00065,0.00279,0.1484,0.2157,0.1806,0.244,0.329,0.2586,63.741,88.0651,-0.9307,-7.8388,-1.1805,-0.4113,0.00177,0.00383,0.00439,0.00127,0.00313,0.00132,0.00064,0.00398,2024-04-03
"SEA",210,4,17,17,2,0.00066,0.00314,0.0979,0.2823,0.201,0.2619,0.299,0.2568,68.1274,87.5696,-0.4208,-8.0513,-2.2618,-0.417,0.00283,0.00425,0.00291,0.00108,0.0028,0.001,0.00062,0.00429,2024-04-03
"OAK",218,4,15,15,2,7e-04,0.00298,0.1289,0.2677,0.1959,0.2685,0.3247,0.2669,75.9348,87.2648,-0.5523,-6.6053,-3.9641,-0.4191,0.0019,0.00503,0.00305,0,0.00334,0.00156,0.00045,0.003,2024-04-03
"NYM",144,4,8,8,0,0.00062,0.00215,0.1128,0.2143,0.188,0.25,0.3008,0.2517,59.0716,90.3748,-0.6363,-8.01,-2.8484,-0.565,0.00205,0.00382,0.00411,0.00095,0.0031,0.00107,0.00068,0.00392,2024-04-03
"COL",210,4,16,15,1,0.00057,0.00238,0.1099,0.2536,0.2042,0.2714,0.3141,0.2674,50.1243,90.3539,-0.248,-13.3616,-0.9199,-0.6669,0.00177,0.00432,0.0039,0.00072,0.00371,0.0012,0.00091,0.00436,2024-04-03
"MIA",234,4,22,22,1,0.00089,0.00226,0.0957,0.2549,0.2057,0.2833,0.3014,0.266,62.9032,88.139,-0.1894,-11.073,-4.1363,-0.6718,0.00191,0.00515,0.0029,8e-04,0.00391,0.00143,0.00075,0.00348,2024-04-03
"SDP",311,11,50,47,7,0.00086,0.00189,0.1949,0.3301,0.2888,0.3581,0.4838,0.3691,134.0791,88.2566,0.9846,14.2294,0.9985,2.6908,0.00255,0.00429,0.00315,0.00159,0.00309,0.00085,8e-04,0.00393,2024-04-04
"LAD",306,14,52,52,3,9e-04,0.00245,0.2222,0.3696,0.3037,0.3758,0.5259,0.3944,147.5285,89.8492,-0.8488,17.326,-2.5372,2.6279,0.00242,0.00358,0.0039,0.00177,0.00287,0.00116,0.001,0.00454,2024-04-04
"HOU",267,12,30,29,3,0.00086,0.00172,0.1992,0.3224,0.2946,0.3609,0.4938,0.3778,149.3485,89.6398,-1.8733,13.0342,0.325,2.1465,0.00226,0.00402,0.00371,0.00166,0.00318,0.00101,0.00091,0.00408,2024-04-04
"ARI",276,10,46,44,6,0.00105,0.0017,0.1826,0.3155,0.2863,0.3659,0.4689,0.3684,128.3445,89.3604,-0.8472,8.9222,1.6143,2.0869,0.00193,0.0044,0.00357,0.00142,0.00268,0.00083,0.00076,0.0039,2024-04-04
"ATL",200,8,36,34,2,9e-04,0.002,0.2265,0.3511,0.2983,0.365,0.5249,0.3901,141.3373,88.7983,0.123,10.3964,1.095,1.9022,0.00194,0.00467,0.00338,0.0017,0.0033,0.00112,0.00064,0.0044,2024-04-04
"CLE",286,5,46,40,9,0.00066,0.00164,0.1514,0.3204,0.2829,0.3462,0.4343,0.3436,126.509,87.4933,0.4706,9.0685,0.5804,1.8279,0.00236,0.00347,0.00415,0.00058,0.00316,0.001,0.00042,0.00322,2024-04-04
"TEX",243,8,35,34,4,0.00102,0.00209,0.1784,0.3141,0.2676,0.3471,0.446,0.3493,125.8118,88.9241,0.8026,7.8308,2.1293,1.7313,0.00207,0.00402,0.0039,0.0012,0.00328,0.001,0.00078,0.00381,2024-04-04
"CHC",242,7,40,35,2,0.00136,0.00161,0.1576,0.3062,0.2759,0.3802,0.4335,0.3625,125.6675,90.7057,1.0402,8.7537,-2.3235,1.5458,0.00167,0.00473,0.00359,0.00116,0.00242,0.00092,0.00083,0.00437,2024-04-04
"PIT",279,5,42,41,2,0.0012,0.0025,0.1453,0.3704,0.2778,0.3768,0.4231,0.3575,120.0623,86.1519,-0.4877,6.5072,-4.7013,1.2152,0.00228,0.00427,0.00343,0.00087,0.0028,0.00126,0.00088,0.00352,2024-04-04
"SFG",269,10,36,36,0,0.00092,0.00234,0.1695,0.2874,0.2458,0.3209,0.4153,0.3276,106.7295,91.1125,-0.6522,1.6018,-0.1363,1.1438,0.00192,0.00429,0.00378,0.00149,0.00288,0.00096,0.00084,0.0046,2024-04-04
"MIL",193,5,20,19,11,0.00093,0.00238,0.1294,0.3388,0.2706,0.3438,0.4,0.3327,106.9086,87.025,1.3853,3.0034,0.627,1.0814,0.0019,0.0043,0.0037,0.00106,0.00255,0.00092,7e-04,0.00354,2024-04-04
"WSN",191,6,23,22,10,0.00083,0.0024,0.1737,0.322,0.2635,0.3333,0.4371,0.3409,111.4234,88.5221,1.6924,4.419,-0.7616,1.0767,0.00203,0.0039,0.00406,0.001,0.00347,0.00113,0.00087,0.00396,2024-04-04
"NYY",275,7,32,27,1,0.00109,0.00221,0.1297,0.2874,0.2385,0.3248,0.3682,0.3145,105.6066,87.6723,0.2754,2.0079,0.139,1.0366,0.00211,0.00416,0.00372,0.00104,0.00272,0.00087,0.00038,0.00329,2024-04-04
"TBR",251,8,26,26,9,0.00071,0.0023,0.1429,0.2785,0.2321,0.3068,0.375,0.3079,103.9949,87.7456,0.799,1.9361,0.8039,1.025,0.00206,0.00436,0.00357,0.00135,0.00372,0.00127,0.00072,0.00403,2024-04-04
"CIN",228,7,34,33,11,0.00061,0.00293,0.2085,0.3623,0.2701,0.3202,0.4787,0.3493,111.6157,89.4861,0.3381,3.6477,-2.3957,0.9704,0.00263,0.00444,0.00291,0.00166,0.00353,0.00139,0.00082,0.00462,2024-04-04
"KCR",221,9,24,23,7,0.00058,0.0023,0.2039,0.2721,0.2379,0.2851,0.4417,0.3148,100.3564,91.0305,0.7405,0.8065,2.2224,0.9649,0.00134,0.00435,0.00429,0.00134,0.00376,0.00107,0.00134,0.00435,2024-04-04
"LAA",221,8,31,26,3,0.00099,0.00248,0.1897,0.2612,0.2205,0.3032,0.4103,0.3172,103.8074,90.018,-1.485,-0.5308,0.6739,0.6731,0.0019,0.00422,0.00387,0.00145,0.00306,0.00105,0.00126,0.0045,2024-04-04
"BAL",219,6,36,36,1,0.00086,0.00191,0.1649,0.26,0.232,0.2982,0.3969,0.306,99.8215,89.8437,0.4478,0.4035,-0.2203,0.6711,0.00187,0.00406,0.00406,0.00095,0.00304,0.0011,0.00101,0.00426,2024-04-04
"MIN",196,2,18,17,1,0.00107,0.00224,0.1024,0.2683,0.2108,0.3163,0.3133,0.2883,86.5356,87.7313,-0.1671,-3.2104,2.1101,0.4728,0.00225,0.00467,0.00306,0.00052,0.00291,0.00134,5e-04,0.0036,2024-04-04
"PHI",220,8,25,23,7,0,0.00245,0.132,0.2667,0.2234,0.3045,0.3553,0.3008,85.2756,88.8079,-0.7872,-4.8354,0.3018,0.3558,0.00246,0.00408,0.00345,0.00163,0.00338,0.00123,4e-04,0.00384,2024-04-04
"DET",156,5,16,16,2,0.00076,0.002,0.1357,0.2551,0.2143,0.2821,0.35,0.2846,82.6879,88.4611,0.0475,-3.0152,1.4478,0.3064,0.0016,0.00446,0.00388,0.0012,0.00305,0.00112,0.00097,0.00378,2024-04-04
"BOS",277,4,29,26,8,8e-04,0.00259,0.0964,0.3352,0.253,0.3177,0.3494,0.2966,86.1952,88.9921,0.484,-4.0064,-1.9877,0.2194,0.00237,0.00395,0.00367,0.00061,0.00333,0.0012,0.00061,0.00338,2024-04-04
"TOR",248,7,22,21,1,0.00116,0.00209,0.125,0.1962,0.1759,0.2782,0.3009,0.2693,73.9647,87.0481,-0.7594,-8.1487,0.9702,0.0132,0.00169,0.00442,0.00387,0.00109,0.00297,0.00102,6e-04,0.003,2024-04-04
"STL",267,4,27,24,2,0.00071,0.00277,0.0909,0.293,0.2165,0.2939,0.3074,0.2754,71.8336,88.1376,-0.5117,-9.9098,-2.2333,-0.2397,0.00264,0.00352,0.00383,0.00065,0.00303,0.00131,0.00054,0.00325,2024-04-04
"CHW",168,6,11,10,1,0.00065,0.00279,0.1484,0.2157,0.1806,0.244,0.329,0.2586,63.741,88.0651,-0.9307,-7.8388,-1.1805,-0.4113,0.00177,0.00383,0.00439,0.00127,0.00313,0.00132,0.00064,0.00398,2024-04-04
"COL",253,4,24,21,1,0.00063,0.00245,0.1135,0.2805,0.2183,0.2885,0.3319,0.2828,60.0998,90.8464,-0.3853,-13.0994,-1.1113,-0.5006,0.00167,0.00461,0.00371,0.00064,0.00363,0.0012,0.00089,0.00464,2024-04-04
"OAK",255,4,15,15,2,0.00078,0.00274,0.114,0.2692,0.2018,0.2727,0.3158,0.2663,75.2902,86.7725,-0.6601,-7.8963,-4.678,-0.5116,0.00168,0.00518,0.00312,0,0.00333,0.00152,0.00049,0.0028,2024-04-04
"SEA",245,4,17,17,2,0.00073,0.003,0.0933,0.2721,0.1956,0.2612,0.2889,0.2532,65.7007,87.9301,-0.5273,-10.1373,-2.6308,-0.5609,0.00266,0.00433,0,0.00088,0.0028,0.00124,5e-04,0.0041,2024-04-04
"NYM",144,4,8,8,0,0.00062,0.00215,0.1128,0.2143,0.188,0.25,0.3008,0.2517,59.0716,90.3748,-0.6363,-8.01,-2.8484,-0.565,0.00205,0.00382,0.00411,0.00095,0.0031,0.00107,0.00068,0.00392,2024-04-04
"MIA",267,4,24,24,1,0.00086,0.00232,0.0879,0.2471,0.1967,0.2744,0.2845,0.2561,56.6629,88.5696,-0.2278,-14.7448,-4.8709,-0.9953,0.0019,0.00528,0.0028,0,0.00387,0.00143,6e-04,0.00363,2024-04-04
"HOU",267,12,30,29,3,0.00086,0.00172,0.1992,0.3224,0.2946,0.3609,0.4938,0.3778,149.3485,89.6398,-1.8733,13.0342,0.325,2.1465,0.00226,0.00402,0.00371,0.00166,0.00318,0.00101,0.00091,0.00408,2024-04-05
"ARI",276,10,46,44,6,0.00105,0.0017,0.1826,0.3155,0.2863,0.3659,0.4689,0.3684,128.3445,89.3604,-0.8472,8.9222,1.6143,2.0869,0.00193,0.0044,0.00357,0.00142,0.00268,0.00083,0.00076,0.0039,2024-04-05
"LAD",256,13,41,41,3,0.00093,0.00257,0.2368,0.351,0.2895,0.3594,0.5263,0.3866,142.5357,90.2098,-0.6323,12.9755,-2.2475,2.0322,0.00243,0.00359,0.00396,0,0.00291,0.00117,0.00103,0.00451,2024-04-05
"ATL",200,8,36,34,2,9e-04,0.002,0.2265,0.3511,0.2983,0.365,0.5249,0.3901,141.3373,88.7983,0.123,10.3964,1.095,1.9022,0.00194,0.00467,0.00338,0.0017,0.0033,0.00112,0.00064,0.0044,2024-04-05
"SDP",258,10,35,33,6,0.00081,0.00197,0.1966,0.3006,0.265,0.3307,0.4615,0.3478,120.678,87.9639,0.9445,7.6114,1.0154,1.8272,0.00225,0.00439,0.00335,0.00163,0.00312,0.00084,0.00081,0.00391,2024-04-05
"CLE",325,5,50,43,9,0.00067,0.00166,0.1373,0.3133,0.2746,0.3415,0.412,0.334,119.7052,87.6099,0.4087,7.6714,0.6427,1.8092,0.0023,0.00354,0.0041,0.00052,0.00317,0.00104,0.00037,0.00331,2024-04-05
"TEX",243,8,35,34,4,0.00102,0.00209,0.1784,0.3141,0.2676,0.3471,0.446,0.3493,125.8118,88.9241,0.8026,7.8308,2.1293,1.7313,0.00207,0.00402,0.0039,0.0012,0.00328,0.001,0.00078,0.00381,2024-04-05
"CHC",242,7,40,35,2,0.00136,0.00161,0.1576,0.3062,0.2759,0.3802,0.4335,0.3625,125.6675,90.7057,1.0402,8.7537,-2.3235,1.5458,0.00167,0.00473,0.00359,0.00116,0.00242,0.00092,0.00083,0.00437,2024-04-05
"PIT",323,6,49,48,2,0.00133,0.00238,0.145,0.3665,0.2825,0.3812,0.4275,0.3598,121.6542,86.5362,-0.6406,8.1,-5.4852,1.4598,0.00229,0.00428,0.00341,0.00089,0.00283,0.00122,0,0.003,2024-04-05
"KCR",258,11,34,30,7,0.00065,0.00213,0.2092,0.2759,0.2469,0.2984,0.4561,0.3277,109.3444,90.9613,0.3489,3.0596,2.4632,1.3273,0.00129,0.00459,0.0041,0.00144,0.00367,0.00107,0.00124,0.00437,2024-04-05
"SFG",269,10,36,36,0,0.00092,0.00234,0.1695,0.2874,0.2458,0.3209,0.4153,0.3276,106.7295,91.1125,-0.6522,1.6018,-0.1363,1.1438,0.00192,0.00429,0.00378,0.00149,0.00288,0.00096,0.00084,0.0046,2024-04-05
"WSN",230,7,27,26,10,8e-04,0.00243,0.1634,0.3169,0.2574,0.3289,0.4208,0.3335,106.7259,88.9544,1.5201,3.425,-0.9185,1.1047,0.00189,0.00398,0.00412,0.00114,0.00355,0.001,0.00086,0.0041,2024-04-05
"MIL",193,5,20,19,11,0.00093,0.00238,0.1294,0.3388,0.2706,0.3438,0.4,0.3327,106.9086,87.025,1.3853,3.0034,0.627,1.0814,0.0019,0.0043,0.0037,0.00106,0.00255,0.00092,7e-04,0.00354,2024-04-05
"NYY",275,7,32,27,1,0.00109,0.00221,0.1297,0.2874,0.2385,0.3248,0.3682,0.3145,105.6066,87.6723,0.2754,2.0079,0.139,1.0366,0.00211,0.00416,0.00372,0.00104,0.00272,0.00087,0.00038,0.00329,2024-04-05
"TBR",251,8,26,26,9,0.00071,0.0023,0.1429,0.2785,0.2321,0.3068,0.375,0.3079,103.9949,87.7456,0.799,1.9361,0.8039,1.025,0.00206,0.00436,0.00357,0.00135,0.00372,0.00127,0.00072,0.00403,2024-04-05
"CIN",228,7,34,33,11,0.00061,0.00293,0.2085,0.3623,0.2701,0.3202,0.4787,0.3493,111.6157,89.4861,0.3381,3.6477,-2.3957,0.9704,0.00263,0.00444,0.00291,0.00166,0.00353,0.00139,0.00082,0.00462,2024-04-05
"LAA",221,8,31,26,3,0.00099,0.00248,0.1897,0.2612,0.2205,0.3032,0.4103,0.3172,103.8074,90.018,-1.485,-0.5308,0.6739,0.6731,0.0019,0.00422,0.00387,0.00145,0.00306,0.00105,0.00126,0.0045,2024-04-05
"BAL",219,6,36,36,1,0.00086,0.00191,0.1649,0.26,0.232,0.2982,0.3969,0.306,99.8215,89.8437,0.4478,0.4035,-0.2203,0.6711,0.00187,0.00406,0.00406,0.00095,0.00304,0.0011,0.00101,0.00426,2024-04-05
"MIN",234,3,20,18,1,9e-04,0.00252,0.1144,0.2746,0.209,0.3077,0.3234,0.2875,85.9179,88.2967,-0.1446,-3.9321,2.8371,0.5866,0.00243,0.00437,0.00319,0.00065,0.003,0.0014,6e-04,0.00379,2024-04-05
"PHI",220,8,25,23,7,0,0.00245,0.132,0.2667,0.2234,0.3045,0.3553,0.3008,85.2756,88.8079,-0.7872,-4.8354,0.3018,0.3558,0.00246,0.00408,0.00345,0.00163,0.00338,0.00123,4e-04,0.00384,2024-04-05
"DET",237,6,23,22,4,0.00088,0.0024,0.1095,0.2533,0.2095,0.2869,0.319,0.2772,77.4884,88.1579,0.2466,-5.8038,2.2495,0.3469,0.00179,0.0041,0.0041,0.00093,0.00308,0.00115,0.00083,0.00384,2024-04-05
"BOS",277,4,29,26,8,8e-04,0.00259,0.0964,0.3352,0.253,0.3177,0.3494,0.2966,86.1952,88.9921,0.484,-4.0064,-1.9877,0.2194,0.00237,0.00395,0.00367,0.00061,0.00333,0.0012,0.00061,0.00338,2024-04-05
"STL",307,5,35,32,2,0.00071,0.0027,0.1053,0.3022,0.2256,0.3046,0.3308,0.2895,80.9526,88.7612,-0.4855,-7.793,-1.8972,0.1564,0.00243,0.00356,0,0.00067,0.00298,0.00125,0.00067,0.00333,2024-04-05
"TOR",248,7,22,21,1,0.00116,0.00209,0.125,0.1962,0.1759,0.2782,0.3009,0.2693,73.9647,87.0481,-0.7594,-8.1487,0.9702,0.0132,0.00169,0.00442,0.00387,0.00109,0.00297,0.00102,6e-04,0.003,2024-04-05
"CHW",204,6,12,11,1,0.00073,0.002,0.1337,0.2308,0.1925,0.2598,0.3262,0.2659,68.8692,88.6502,-1.0562,-8.2582,-1.1979,-0.3482,0.00185,0.00392,0.00422,0.00105,0.00296,0.00124,0.00066,0.00404,2024-04-05
"COL",253,4,24,21,1,0.00063,0.00245,0.1135,0.2805,0.2183,0.2885,0.3319,0.2828,60.0998,90.8464,-0.3853,-13.0994,-1.1113,-0.5006,0.00167,0.00461,0.00371,0.00064,0.00363,0.0012,0.00089,0.00464,2024-04-05
"OAK",255,4,15,15,2,0.00078,0.00274,0.114,0.2692,0.2018,0.2727,0.3158,0.2663,75.2902,86.7725,-0.6601,-7.8963,-4.678,-0.5116,0.00168,0.00518,0.00312,0,0.00333,0.00152,0.00049,0.0028,2024-04-05
"SEA",245,4,17,17,2,0.00073,0.003,0.0933,0.2721,0.1956,0.2612,0.2889,0.2532,65.7007,87.9301,-0.5273,-10.1373,-2.6308,-0.5609,0.00266,0.00433,0,0.00088,0.0028,0.00124,5e-04,0.0041,2024-04-05
"NYM",225,5,13,13,2,0.00097,0.00217,0.0964,0.2028,0.1726,0.2691,0.269,0.2538,60.682,88.9298,-0.5964,-11.6644,-4.3262,-0.7842,0.00189,0.00378,0.00432,0.00078,0.00312,0.00105,0,0.00353,2024-04-05
"MIA",305,7,29,28,4,8e-04,0.00232,0.1091,0.2475,0.2036,0.2763,0.3127,0.2671,63.7406,89.0627,0.2951,-13.5894,-5.6548,-0.8171,0.00182,0.00527,0.0029,0.00118,0.00386,0.00142,0.00082,0.00388,2024-04-05
"TEX",289,10,45,44,4,0.00107,0.0019,0.1976,0.3316,0.2885,0.3681,0.4862,0.3745,143.3331,89.2071,0.7415,14.8373,2.3355,2.5977,0.002,0.0039,0.0037,0.00133,0.00309,0.00109,0.00074,0.00388,2024-04-06
"LAD",299,14,48,48,4,0.00093,0.0026,0.2247,0.3616,0.2921,0.3612,0.5169,0.3844,141.1517,89.8108,-0.5687,14.8076,-2.7062,2.3303,0.00261,0.00366,0.00371,0.00197,0.00295,0.00119,0.00099,0.00439,2024-04-06
"ATL",245,9,42,40,2,0.00089,0.00204,0.2207,0.3497,0.2973,0.3633,0.518,0.3869,139.2296,89.3535,0.116,12.0687,1.4331,2.272,0.0018,0.00494,0.00325,0.0016,0.00345,0.0012,0.00081,0.00453,2024-04-06
"ARI",321,11,51,49,6,0.001,0.00171,0.175,0.3088,0.2786,0.3614,0.4536,0.3613,123.7973,88.566,-0.8689,8.6703,1.2682,2.193,0.0018,0.00449,0.003,0.0013,0.00274,0.00089,0.00074,0.00368,2024-04-06
"CHC",279,9,49,43,2,0.00139,0.00154,0.176,0.3027,0.279,0.3835,0.4549,0.37,129.8726,90.7335,0.7053,11.1206,-3.1684,1.8367,0.00159,0.00458,0.00381,0.00121,0.00242,0.00091,0.00097,0.0043,2024-04-06
"HOU",299,13,32,31,3,8e-04,0.0017,0.1875,0.2933,0.2721,0.3356,0.4596,0.3526,131.7048,89.4944,-1.9751,8.7232,0.3762,1.8111,0,0.00386,0.00413,0.00142,0.00328,0.001,9e-04,0.00405,2024-04-06
"CLE",325,5,50,43,9,0.00067,0.00166,0.1373,0.3133,0.2746,0.3415,0.412,0.334,119.7052,87.6099,0.4087,7.6714,0.6427,1.8092,0.0023,0.00354,0.0041,0.00052,0.00317,0.00104,0.00037,0.00331,2024-04-06
"SDP",291,10,37,35,6,0.00075,0.00202,0.1805,0.2944,0.2556,0.3172,0.4361,0.3319,110.5233,88.0403,1.0004,4.8273,0.9776,1.664,0.00213,0.0046,0.0032,0.00151,0.00318,0.00087,0.00076,0.00384,2024-04-06
"MIL",231,8,26,25,13,0.00103,0.00238,0.1584,0.3262,0.2673,0.3478,0.4257,0.3447,114.2848,87.8871,1.1762,5.2517,0.762,1.463,0.00182,0.00425,0.00391,0.00137,0.00249,0.00095,0,0.003,2024-04-06
"TBR",296,8,33,32,11,0.00077,0.00246,0.1293,0.3098,0.2471,0.322,0.3764,0.3163,109.8685,87.8035,1.1665,4.4792,1.0241,1.4385,0.0024,0.00418,0.0034,0.00123,0.00365,0.00127,0.00062,0.00393,2024-04-06
"KCR",293,11,36,32,8,0.00071,0.00221,0.1889,0.2821,0.2444,0.3003,0.4333,0.3211,104.7902,90.8996,0.5434,2.1118,2.664,1.356,0.00135,0.00461,0.00402,0.00132,0.00347,0.00104,0.00126,0.00441,2024-04-06
"PIT",358,8,51,50,2,0.00125,0.00248,0.149,0.3524,0.2715,0.3662,0.4205,0.3501,115.6326,86.5579,-0.8147,6.1791,-6.1231,1.3306,0.00216,0.00433,0.0035,0.00105,0.00285,0.00121,8e-04,0.00352,2024-04-06
"BAL",259,9,41,41,1,0.00073,0.002,0.1931,0.2727,0.2446,0.3023,0.4378,0.3229,111.5285,89.6236,0.4644,3.8505,-0.2915,1.1317,0.0019,0.00391,0.00418,0.00116,0.00321,0.0012,0.00107,0.00435,2024-04-06
"SFG",302,10,39,39,0,0.00089,0.00235,0.1617,0.2804,0.2368,0.3123,0.3985,0.3176,100.3199,91.4452,-0.6154,-0.5029,-0.0274,1.0641,0.0018,0.00427,0.0039,0.00128,0.00287,0.001,8e-04,0.0046,2024-04-06
"CIN",269,8,36,35,11,0.00074,0.00282,0.2,0.3436,0.2612,0.3197,0.4612,0.3425,107.3003,88.8523,0.2124,2.6665,-2.9175,0.9702,0.00264,0.00435,0,0.00156,0.00329,0.00126,0.00081,0.00444,2024-04-06
"NYY",309,7,32,27,1,0.00106,0.0023,0.1148,0.2887,0.2333,0.3182,0.3481,0.3042,98.5038,87.733,-0.1446,-0.6849,0.4033,0.8923,0.0019,0.004,0.0037,0.00093,0.0026,0.00085,0.00034,0.00341,2024-04-06
"BOS",320,9,37,34,9,0.00087,0.00243,0.1378,0.315,0.2544,0.3281,0.3922,0.3188,102.0635,89.4484,0.6994,1.2944,-2.5202,0.8297,0.00213,0.00402,0.00383,0.00113,0.00328,0.00116,0.00081,0.00358,2024-04-06
"WSN",263,7,27,26,10,0.00095,0.00239,0.1478,0.2883,0.2348,0.3142,0.3826,0.3132,93.7098,88.8635,1.4509,-0.6518,-1.1247,0.7938,0.00189,0.00396,0.00414,0,0.0035,0.00105,0.00087,0.00412,2024-04-06
"DET",272,8,28,27,4,0.00091,0.00224,0.1375,0.2529,0.2167,0.2978,0.3542,0.2939,89.0968,88.7106,0.2728,-3.0904,2.6316,0.7642,0.00198,0.00392,0.00408,0.00108,0.00312,0.00109,0.00082,0.00395,2024-04-06
"PHI",263,8,29,27,8,0.00117,0.00239,0.1261,0.2812,0.2304,0.3232,0.3565,0.3111,91.759,88.1956,-1.2421,-3.9506,0.32,0.6063,0.00233,0.00437,0.00329,0.00145,0.00342,0.00124,0.00053,0.0037,2024-04-06
"MIN",234,3,20,18,1,9e-04,0.00252,0.1144,0.2746,0.209,0.3077,0.3234,0.2875,85.9179,88.2967,-0.1446,-3.9321,2.8371,0.5866,0.00243,0.00437,0.00319,0.00065,0.003,0.0014,6e-04,0.00379,2024-04-06
"LAA",262,9,37,32,3,0.00095,0.00248,0.1732,0.2516,0.2121,0.2977,0.3853,0.3065,96.2907,89.0573,-1.7828,-2.885,0.7416,0.564,0.00172,0.00428,0.00398,0.00134,0.00301,0.00101,0.00113,0.00422,2024-04-06
"STL",307,5,35,32,2,0.00071,0.0027,0.1053,0.3022,0.2256,0.3046,0.3308,0.2895,80.9526,88.7612,-0.4855,-7.793,-1.8972,0.1564,0.00243,0.00356,0,0.00067,0.00298,0.00125,0.00067,0.00333,2024-04-06
"TOR",287,8,25,22,1,0.0011,0.00209,0.1275,0.2011,0.1793,0.2787,0.3068,0.2713,75.3374,87.003,-0.9251,-9.019,0.9831,0.0427,0.00182,0.00432,0.00385,0.00108,0.00291,0.00095,0.00067,0.00302,2024-04-06
"COL",294,7,34,31,2,6e-04,0.00241,0.1434,0.291,0.234,0.3027,0.3774,0.3057,74.6014,90.9921,-0.2804,-9.7109,-1.2152,-0.0167,0.00179,0.0044,0.00379,0.00094,0.00357,0.00125,0.001,0.00459,2024-04-06
"CHW",236,7,13,12,2,8e-04,0.00245,0.1349,0.22,0.186,0.2585,0.3209,0.2638,67.5605,88.7069,-1.3675,-10.1081,-1.3825,-0.4586,0.00179,0.00435,0.00384,0.00116,0.0029,0.00124,0.00063,0.00382,2024-04-06
"OAK",292,6,19,19,2,0.00085,0.00287,0.1308,0.2616,0.1962,0.2724,0.3269,0.2708,78.5918,86.9876,-0.7578,-7.9634,-5.2072,-0.4616,0.00168,0.00511,0.0032,0.00105,0.00334,0.0015,0,0.00277,2024-04-06
"SEA",285,4,22,22,2,7e-04,0.00294,0.0888,0.2791,0.2008,0.2702,0.2896,0.2568,68.0127,87.7102,-0.6284,-11.0469,-3.0139,-0.5725,0.00234,0.00445,0.003,0.00071,0.00287,0.00125,0.00062,0.00426,2024-04-06
"MIA",305,7,29,28,4,8e-04,0.00232,0.1091,0.2475,0.2036,0.2763,0.3127,0.2671,63.7406,89.0627,0.2951,-13.5894,-5.6548,-0.8171,0.00182,0.00527,0.0029,0.00118,0.00386,0.00142,0.00082,0.00388,2024-04-06
"NYM",263,6,16,16,3,0.00102,0.00224,0.0969,0.1963,0.1674,0.272,0.2643,0.2544,60.903,88.517,-1.0159,-13.8785,-4.9702,-0.9325,0.00177,0.00372,0.00449,0.00078,0.00317,0.0011,0.00058,0.00339,2024-04-06
"TEX",332,10,52,50,5,0.00105,0.00189,0.1849,0.3529,0.3014,0.3776,0.4863,0.3799,147.2761,88.5853,0.8719,18.5654,2.4534,3.1147,0.00246,0.00376,0.00376,0.00114,0.0031,0.00109,0.00073,0.00366,2024-04-07
"ATL",287,10,51,49,2,0.00083,0.00209,0.2214,0.3698,0.3092,0.3693,0.5305,0.3942,143.8757,89.553,0.1295,15.8075,1.5975,2.8221,0.00207,0.00485,0.00306,0.00161,0.00359,0.0013,0.00084,0.00445,2024-04-07
"ARI",364,12,59,56,6,0.00101,0.00167,0.1693,0.3133,0.2821,0.3609,0.4514,0.3596,123.1709,88.702,-0.9086,9.6245,0.5916,2.3802,0.00169,0.00465,0.00365,0.00126,0.00276,0.00089,0.00076,0.0037,2024-04-07
"LAD",339,14,52,51,4,0.00094,0.00271,0.2013,0.3668,0.2871,0.3569,0.4884,0.3724,133.5716,90.0612,-0.7077,13.5145,-3.0553,2.3122,0.00267,0.00352,0.0038,0.00172,0.0029,0.00116,0.00093,0.0045,2024-04-07
"HOU",338,13,34,31,3,0.00082,0.00171,0.1726,0.2924,0.2671,0.3323,0.4397,0.3439,125.5848,89.489,-2.1222,7.6324,0.4977,1.8293,0.00205,0.00387,0.00407,0.00128,0.00327,0.00104,8e-04,0.0039,2024-04-07
"CHC",316,9,50,44,2,0.00132,0.00183,0.1648,0.3088,0.2697,0.3703,0.4345,0.3568,121.8298,89.9902,0.8676,9.4881,-3.8741,1.7372,0.00164,0.00464,0.0037,0.00113,0.00244,0.00095,0.00098,0.00427,2024-04-07
"CLE",359,6,53,46,9,0.00061,0.00181,0.1356,0.311,0.2681,0.3315,0.4038,0.3263,114.3775,87.525,-0.0577,5.7957,0.7199,1.7287,0.0023,0.00367,0.00402,0.00058,0.00327,0.00107,0.00042,0.00323,2024-04-07
"TBR",337,9,41,40,14,0.00083,0.00252,0.1304,0.314,0.2475,0.3244,0.3779,0.3181,111.1669,87.7882,1.6661,5.9338,1.0631,1.7118,0.00223,0.00441,0.00334,0.0012,0.00352,0.00128,0.00064,0.00396,2024-04-07
"KCR",328,12,39,35,8,0.00073,0.00222,0.1821,0.2936,0.2517,0.3079,0.4338,0.3255,107.7582,91.149,0.5902,3.476,2.8151,1.6136,0.00147,0.00452,0,0.0013,0.0035,0.00105,0.00117,0.00434,2024-04-07
"NYY",349,10,41,35,3,0.00114,0.0022,0.1362,0.289,0.2425,0.3314,0.3787,0.3216,110.924,88.1468,0.2571,4.5647,0.3246,1.5344,0.002,0.00418,0.00374,0.00117,0.0025,8e-04,0.00052,0.00347,2024-04-07
"SDP",324,11,41,39,6,0.00077,0.00188,0.1723,0.2768,0.2466,0.3096,0.4189,0.3221,104.246,88.2161,0.605,2.3242,0.9871,1.534,0.00205,0.00465,0.00329,0.00142,0.00327,0.00085,0.00076,0.00385,2024-04-07
"MIL",267,9,29,28,13,0.00104,0.0023,0.1545,0.3049,0.2532,0.3346,0.4077,0.3314,105.6921,88.1915,1.0552,2.8788,0.8992,1.3702,0.0018,0.0043,0.00383,0.00136,0.002,0.00097,0.00074,0.00356,2024-04-07
"PIT",404,9,56,55,4,0.00121,0.00242,0.1453,0.3471,0.2703,0.3616,0.4157,0.3466,113.0084,86.6625,-0.5949,5.9726,-7.2775,1.3633,0.002,0.0043,0.0034,0.00103,0.00285,0.00115,0.00082,0.00362,2024-04-07
"CIN",309,9,45,43,14,8e-04,0.00281,0.1978,0.3405,0.259,0.3236,0.4568,0.3428,107.4722,88.6042,0.8056,3.6782,-3.1682,1.1952,0.00244,0.00453,0.00302,0.00155,0.00326,0.00122,0.00077,0.00438,2024-04-07
"BAL",301,9,45,45,4,0.00073,0.00192,0.1741,0.2488,0.2259,0.2833,0.4,0.2992,95.1909,89.0346,1.2019,-0.4397,-0.1626,0.8361,0.00175,0.00396,0.00428,0.00096,0.00326,0.00117,0.00095,0.0042,2024-04-07
"SFG",336,10,39,39,0,0.00089,0.00226,0.1448,0.2651,0.2256,0.3015,0.3704,0.3025,90.7173,90.9314,-0.5801,-4.486,0.0763,0.7977,0.00178,0.00428,0.00392,0.00113,0.00288,0.00099,0.00075,0.00455,2024-04-07
"PHI",300,9,34,32,10,0.00113,0.00236,0.1326,0.2865,0.2348,0.3233,0.3674,0.3131,93.3416,87.9335,-1.4176,-3.9138,0.3411,0.7491,0.00222,0.0045,0.00321,0.00145,0.00338,0.00116,0.00051,0.00371,2024-04-07
"MIN",273,3,21,19,2,0.00106,0.00267,0.1087,0.2611,0.1913,0.3077,0.3,0.2819,81.9867,88.521,0.0891,-5.5383,3.2244,0.5796,0.0022,0.00452,0.0032,0.00057,0.00288,0.00141,0.00068,0.0037,2024-04-07
"TOR",333,9,33,30,1,0.00117,0.00198,0.1424,0.2222,0.1979,0.2973,0.3403,0.2917,89.3726,87.2497,-1.1575,-5.1708,0.7672,0.5471,0.00182,0.00431,0.00386,0.00103,0.00285,0.00092,0.00066,0.00324,2024-04-07
"WSN",297,8,29,28,11,9e-04,0.00232,0.1418,0.2674,0.2222,0.3017,0.364,0.3007,85.6964,88.5225,1.0655,-4.3069,-1.204,0.542,0.00175,0.00427,0.00396,0.00103,0.00347,0.001,0.00086,0.00395,2024-04-07
"DET",306,8,28,27,5,8e-04,0.00228,0.1282,0.2475,0.2088,0.2843,0.337,0.2807,79.9048,88.0659,0.4084,-6.565,2.8539,0.5366,0.00195,0.00404,0,0.00097,0.00315,0.00112,0.00082,0.00373,2024-04-07
"LAA",298,9,39,32,5,0.001,0.00251,0.1533,0.257,0.2107,0.302,0.364,0.3019,93.0616,89.0261,-2.0042,-4.349,0.7666,0.5258,0.00175,0.00425,0.00398,0.001,0.00307,0.001,0.00101,0.00409,2024-04-07
"BOS",351,9,38,35,9,0.00082,0.00262,0.1282,0.307,0.2404,0.3134,0.3686,0.3034,91.1064,89.5257,0.3522,-3.393,-2.9499,0.4046,0.00212,0.00389,0.00398,0.00102,0.00331,0.00123,0.00084,0.00366,2024-04-07
"COL",334,10,40,37,3,0.00068,0.00236,0.1623,0.293,0.2417,0.3084,0.404,0.318,82.3886,90.2781,-0.1247,-7.5744,-1.501,0.3185,0.0018,0.00419,0.00397,0.00112,0.0035,0.0012,0.00097,0.004,2024-04-07
"STL",342,5,38,34,2,7e-04,0.00251,0.1044,0.3,0.229,0.3086,0.3333,0.2927,82.7694,88.8599,-0.871,-8.2351,-2.293,0.2012,0.00231,0.00391,0.00377,0.00062,0.00301,0.00121,0.00059,0.003,2024-04-07
"SEA",323,6,27,27,3,0.00071,0.00294,0.0986,0.2887,0.2109,0.2786,0.3095,0.2684,76.197,87.3691,-0.945,-9.7442,-3.2977,-0.3562,0.00222,0.00444,0.00333,9e-04,0.00296,0.00121,6e-04,0.004,2024-04-07
"OAK",329,7,23,23,3,0.00094,0.00279,0.1271,0.2526,0.1924,0.2752,0.3196,0.2705,78.2934,86.5214,-1.1391,-9.3543,-5.646,-0.5363,0.00169,0.00502,0.00328,0.00106,0.00328,0.00147,0.00049,0.0028,2024-04-07
"CHW",266,7,13,12,2,0.00078,0.00255,0.1276,0.2143,0.177,0.2481,0.3045,0.2523,59.6162,88.8934,-1.4831,-13.7434,-1.4042,-0.739,0.00183,0.00448,0.00367,0.00109,0.00288,0.00119,0.00057,0.00388,2024-04-07
"NYM",304,6,22,22,5,0.00095,0.00217,0.0906,0.2216,0.1849,0.2815,0.2755,0.2624,65.962,88.9037,-0.8369,-13.7744,-5.6715,-0.8412,0.0017,0.003,0.0044,0.00067,0.00314,0.00107,0.00064,0.00351,2024-04-07
"MIA",339,7,30,29,4,0.00076,0.00224,0.1006,0.2522,0.2078,0.2751,0.3084,0.2648,62.3115,88.6206,0.2431,-15.7874,-6.1646,-0.965,0.00169,0.00526,0.00304,0,0.00385,0.00138,0.00081,0.00371,2024-04-07
"ATL",319,13,56,54,2,0.00075,0.00219,0.2321,0.3555,0.3003,0.3542,0.5324,0.3867,139.1725,89.6264,0.2145,15.7473,1.6331,2.9381,0.00209,0.00477,0.00312,0.00185,0.0036,0.00133,0.00089,0.00437,2024-04-08
"TEX",365,10,53,51,5,0.00109,0.0018,0.1688,0.3292,0.2812,0.3626,0.45,0.36,133.2737,88.3501,0.8245,14.5126,2.6726,2.8254,0.00225,0.00375,0.00399,9e-04,0.00296,0.00105,0.00066,0.00358,2024-04-08
"MIL",308,12,41,40,16,0.00103,0.0024,0.1778,0.3262,0.2704,0.3485,0.4481,0.3527,119.0302,88.3415,1.5892,8.8313,1.1731,2.1515,0.002,0.00424,0.00373,0.00162,0.00246,0.00094,0,0.003,2024-04-08
"LAD",372,14,53,52,4,0.00091,0.00268,0.1916,0.3468,0.2725,0.3414,0.4641,0.3559,123.0453,90.0688,-0.7694,9.9401,-3.3001,2.0482,0.00258,0.00347,0.00394,0.0015,0.00293,0.00117,0.00097,0.00449,2024-04-08
"ARI",397,12,61,57,6,0.00095,0.00173,0.1543,0.3051,0.2714,0.3468,0.4257,0.3436,113.0931,88.4117,-0.9621,5.5062,-0.0025,2.0258,0.00169,0.00473,0.00356,0.00118,0.00287,0.00092,0.00069,0.00367,2024-04-08
"CHC",355,10,58,52,2,0.00126,0.00185,0.1667,0.3057,0.2667,0.3662,0.4333,0.3546,120.6688,89.9461,1.0195,10.1889,-3.9145,1.9483,0.0015,0.00451,0.00389,0.00107,0.00259,0.00098,0.00096,0.00422,2024-04-08
"NYY",388,11,49,42,5,0.00121,0.00219,0.1329,0.2917,0.2447,0.3394,0.3776,0.3256,113.7602,88.2616,0.6462,6.6849,0.2782,1.8603,0.002,0.0042,0.0036,0.00119,0.00252,8e-04,0.00063,0.00355,2024-04-08
"TBR",374,9,44,43,14,0.00082,0.00243,0.1291,0.3106,0.2462,0.3217,0.3754,0.3157,109.4521,88.0648,1.6933,5.7023,1.4662,1.8394,0.00209,0.0046,0.00329,0.00112,0.00345,0.00123,0.00061,0.00391,2024-04-08
"CLE",359,6,53,46,9,0.00061,0.00181,0.1356,0.311,0.2681,0.3315,0.4038,0.3263,114.3775,87.525,-0.0577,5.7957,0.7199,1.7287,0.0023,0.00367,0.00402,0.00058,0.00327,0.00107,0.00042,0.00323,2024-04-08
"KCR",360,14,44,39,10,7e-04,0.00219,0.1873,0.2803,0.2447,0.3028,0.432,0.3226,105.6383,90.8084,1.0427,3.3445,3.0569,1.7201,0.00146,0.00454,0.00399,0.00138,0.00349,0.00112,0.00114,0.0043,2024-04-08
"HOU",373,14,37,34,4,0.00085,0.00182,0.1657,0.2812,0.2544,0.3226,0.4201,0.332,117.2024,89.4875,-2.0212,5.2032,0.5977,1.6981,0.0019,0.00386,0.00416,0.0012,0.00324,0.00102,0.00081,0.00383,2024-04-08
"SDP",360,11,43,41,7,0.00069,0.00191,0.1566,0.2897,0.253,0.3092,0.4096,0.3185,102.105,88.5036,0.8092,1.7562,1.4539,1.657,0.00209,0.00477,0.0031,0.00134,0.00327,8e-04,0.00075,0.0039,2024-04-08
"PIT",438,9,59,57,4,0.00114,0.00237,0.1356,0.3383,0.266,0.3517,0.4016,0.3364,106.64,86.7065,-0.6782,2.9562,-8.035,1.1075,0.00216,0.0042,0.00357,9e-04,0.00291,0.00112,0.00081,0.00355,2024-04-08
"BOS",397,13,50,47,10,0.00088,0.00259,0.1538,0.3096,0.2479,0.3249,0.4017,0.3219,103.9412,89.3317,0.531,2.0746,-3.5889,1.0299,0.00216,0.00381,0.00401,0.001,0.0031,0.00118,0.00095,0.0037,2024-04-08
"CIN",345,9,46,44,18,8e-04,0.0028,0.1797,0.3267,0.2451,0.3188,0.4248,0.3294,98.9377,88.1803,1.4979,1.0399,-3.6665,1.0113,0.00239,0.0044,0.00315,0.00136,0.00326,0.00121,0.00075,0.00421,2024-04-08
"BAL",333,9,47,47,4,0.00066,0.00192,0.1656,0.2468,0.2219,0.2741,0.3874,0.2901,88.762,89.6389,1.3313,-2.9126,-0.0741,0.6903,0.00172,0.0039,0.00436,0.00084,0.00334,0.00117,0.00093,0.00436,2024-04-08
"SFG",369,10,42,41,0,0.00086,0.00222,0.1341,0.2625,0.2226,0.2962,0.3567,0.2949,85.8284,90.7804,-0.5566,-7.0997,0.1852,0.6665,0.00176,0.00433,0.00389,0.00103,0.0028,0.00096,0.00071,0.0045,2024-04-08
"PHI",332,10,36,34,11,0.00111,0.0024,0.1297,0.2808,0.2287,0.3163,0.3584,0.3064,89.041,87.8914,-1.7478,-6.2946,0.7036,0.6634,0.00221,0.00448,0.0033,0.00142,0.003,0.00112,6e-04,0.0037,2024-04-08
"WSN",333,8,32,31,16,0.00093,0.00216,0.1301,0.2685,0.226,0.3051,0.3562,0.2995,84.7055,88.7147,1.8399,-4.5389,-1.21,0.6512,0.00188,0.0043,0.00381,0.00094,0.00339,0.00097,0.00088,0.00407,2024-04-08
"LAA",336,10,41,33,6,0.00101,0.0024,0.1492,0.2598,0.2136,0.3036,0.3627,0.3024,93.4061,89.0722,-2.0563,-4.5688,0.8201,0.6222,0.00191,0.00411,0.00397,0.00117,0.00299,0.00098,0.00098,0.00415,2024-04-08
"DET",343,9,29,28,5,0.00084,0.00224,0.1275,0.2466,0.2092,0.2857,0.3366,0.2817,80.6089,88.0436,0.2476,-7.2951,3.2379,0.6119,0.00194,0.00402,0.00402,0.00096,0.00302,0.00107,0.00077,0.0037,2024-04-08
"MIN",273,3,21,19,2,0.00106,0.00267,0.1087,0.2611,0.1913,0.3077,0.3,0.2819,81.9867,88.521,0.0891,-5.5383,3.2244,0.5796,0.0022,0.00452,0.0032,0.00057,0.00288,0.00141,0.00068,0.0037,2024-04-08
"TOR",374,9,36,33,1,0.0012,0.00205,0.134,0.2227,0.1931,0.2995,0.3271,0.2891,87.5572,86.7348,-1.3323,-6.6097,1.209,0.5684,0.00178,0.00429,0.00392,0.00092,0.00281,9e-04,6e-04,0.00319,2024-04-08
"COL",370,10,42,39,3,7e-04,0.00254,0.1557,0.3017,0.2395,0.3081,0.3952,0.3147,80.4046,90.1775,-0.7077,-9.9166,-1.5555,0.2094,0.00174,0.00431,0.00394,0.00105,0.0034,0.00126,9e-04,0.00433,2024-04-08
"STL",376,7,41,37,2,0.00074,0.00252,0.1216,0.2857,0.2219,0.2992,0.3435,0.2911,81.9841,88.6168,-0.7919,-9.2609,-2.5081,0.2016,0.0021,0.00408,0.00374,0.00079,0.00302,0.00122,0.00061,0.00333,2024-04-08
"OAK",371,8,30,30,3,0.00088,0.00261,0.1303,0.2731,0.2121,0.29,0.3424,0.286,89.2245,86.6741,-1.3273,-5.9773,-6.1222,-0.1179,0,0.00489,0.0031,0.00109,0.00331,0.00148,0.00054,0.00295,2024-04-08
"SEA",359,7,31,31,3,0.00066,0.00286,0.1003,0.2864,0.2128,0.2758,0.3131,0.2679,75.9655,87.6629,-0.9592,-10.8778,-3.8797,-0.4224,0.00235,0.00431,0.00333,0.00093,0.00293,0.00119,7e-04,0.00405,2024-04-08
"CHW",308,7,16,15,2,0.00077,0.00246,0.1214,0.2424,0.1964,0.2662,0.3179,0.2661,69.4628,88.5299,-2.1057,-12.948,-1.5012,-0.5432,0.00215,0.00411,0.00372,0.00092,0.00285,0.00114,0.00048,0.00365,2024-04-08
"MIA",383,9,40,39,4,0.00073,0.00219,0.1149,0.2646,0.2213,0.2853,0.3362,0.2798,71.8013,89.0569,0.1184,-13.4496,-7.0307,-0.6534,0.00178,0.0052,0.003,0.00113,0.00383,0.00134,0.00082,0.00374,2024-04-08
"NYM",342,7,25,24,5,9e-04,0.00207,0.0967,0.2287,0.1933,0.2853,0.29,0.269,70.1653,88.6865,-1.0414,-13.7987,-6.1351,-0.7498,0.00166,0.00377,0.00456,0.00067,0.00314,0.00102,6e-04,0.00336,2024-04-08
"ATL",363,14,63,61,3,0.00085,0.00225,0.2242,0.366,0.303,0.3636,0.5273,0.3897,141.0297,89.8107,0.395,18.9242,1.896,3.4487,0.00212,0.00461,0.00325,0.00172,0.00352,0.00136,0.00092,0.00437,2024-04-09
"TEX",404,10,58,56,5,0.00108,0.00183,0.1525,0.3235,0.2768,0.3598,0.4294,0.3519,127.8335,88.3748,0.7845,13.3668,2.8528,2.844,0.00212,0.00379,0.00407,8e-04,0.0029,0.00101,6e-04,0.0036,2024-04-09
"MIL",350,14,49,47,16,0.00097,0.00242,0.1812,0.3333,0.2751,0.3496,0.4563,0.3564,121.3594,88.9465,1.3739,10.6337,1.2629,2.4983,0.00203,0.00438,0.00358,0.00172,0.00255,0.001,0.00083,0.00377,2024-04-09
"NYY",425,13,56,49,5,0.00122,0.00221,0.1464,0.2962,0.2486,0.3436,0.395,0.3337,119.1523,88.3341,0.6431,9.858,0.62,2.326,0.00213,0.00419,0.00367,0.001,0.00253,0.00081,0.00065,0.00355,2024-04-09
"LAD",411,16,57,56,5,0,0.00272,0.1951,0.3484,0.2737,0.3406,0.4688,0.3568,123.6531,89.9298,-0.6946,11.4391,-3.6592,2.3078,0.00257,0.00342,0,0.00153,0.0029,0.00117,0,0.00434,2024-04-09
"CHC",395,10,66,60,2,0.00129,0.00192,0.1657,0.3095,0.2651,0.3671,0.4307,0.3543,120.4025,90.2857,0.7314,10.8024,-3.946,2.1552,0.00164,0.00446,0.00389,9e-04,0.00255,0.00098,0.00095,0.00423,2024-04-09
"SDP",399,14,52,50,7,0.00077,0.00195,0.1731,0.2868,0.2527,0.3149,0.4258,0.3276,107.93,88.7154,0.3675,4.3215,1.4179,2.0571,0.0021,0.0047,0.00319,0.00153,0.00321,0.00084,0.00079,0.00395,2024-04-09
"HOU",414,16,47,44,4,0.00084,0.00183,0.1707,0.2862,0.2587,0.3269,0.4293,0.3375,121.0451,89.6015,-2.328,7.5004,0.542,2.0469,0.00201,0.0039,0.00402,0.00133,0.00331,0.00104,0.00076,0.003,2024-04-09
"ARI",438,12,66,60,7,0.00102,0.00171,0.141,0.3,0.2663,0.3463,0.4073,0.3371,108.8437,88.1845,-0.8235,4.0103,-0.4423,1.9818,0.0017,0.00472,0.00356,0.00108,0.00288,9e-04,0.00063,0.00359,2024-04-09
"CLE",395,7,57,49,10,0.00058,0.00184,0.1339,0.3154,0.2707,0.3316,0.4046,0.3271,114.8914,87.3782,0.0561,6.7266,0.6602,1.924,0.00237,0.00375,0.00386,0.00064,0.00321,0.00105,4e-04,0.00325,2024-04-09
"TBR",407,9,45,43,14,0.00078,0.0023,0.1205,0.3068,0.2466,0.3177,0.3671,0.3105,105.8179,87.9008,1.2742,3.9595,1.4858,1.7635,0.00213,0.00448,0.00338,0.00097,0.00353,0.00126,6e-04,0.00386,2024-04-09
"KCR",360,14,44,39,10,7e-04,0.00219,0.1873,0.2803,0.2447,0.3028,0.432,0.3226,105.6383,90.8084,1.0427,3.3445,3.0569,1.7201,0.00146,0.00454,0.00399,0.00138,0.00349,0.00112,0.00114,0.0043,2024-04-09
"PIT",478,10,66,64,4,0.0011,0.0022,0.1366,0.3434,0.2732,0.36,0.4098,0.3441,111.5135,87.29,-0.9167,5.9608,-9.031,1.4587,0.00212,0.00437,0.00349,0.00093,0.00286,0.0011,0.00087,0.0038,2024-04-09
"CIN",385,12,56,52,22,0.00085,0.00272,0.1959,0.3188,0.2485,0.3203,0.4444,0.3371,103.5873,88.7269,2.2627,3.9887,-3.9989,1.4239,0.0023,0.00468,0.00301,0.00166,0.00318,0.00118,0.00078,0.00421,2024-04-09
"LAA",376,11,48,40,8,0.00098,0.00239,0.1536,0.2833,0.2319,0.3165,0.3855,0.3165,103.298,88.9735,-1.8941,-0.4878,0.9981,1.1721,0.00192,0.0043,0.0037,0.00119,0.00303,0.001,0.00094,0.00422,2024-04-09
"WSN",377,9,40,38,20,0.001,0.00217,0.1311,0.278,0.2317,0.3173,0.3628,0.3087,90.6056,88.6615,2.3991,-2.041,-1.3255,1.0549,0.00185,0.00443,0.0037,0.00097,0.0032,0.00097,0.00087,0.00412,2024-04-09
"BOS",397,13,50,47,10,0.00088,0.00259,0.1538,0.3096,0.2479,0.3249,0.4017,0.3219,103.9412,89.3317,0.531,2.0746,-3.5889,1.0299,0.00216,0.00381,0.00401,0.001,0.0031,0.00118,0.00095,0.0037,2024-04-09
"TOR",410,9,41,38,3,0.00112,0.00209,0.1352,0.2433,0.2056,0.3049,0.3408,0.2961,92.4321,86.9058,-1.076,-4.5948,1.2917,0.8878,0.00202,0.00415,0.00382,0.00086,0.00287,9e-04,0.00058,0.00312,2024-04-09
"PHI",374,11,41,39,12,0.001,0.00229,0.1299,0.2797,0.2326,0.3155,0.3625,0.3059,88.7953,88.0421,-1.6923,-6.9291,0.6828,0.7526,0.00211,0.00463,0.00325,0.00137,0.00342,0.0011,6e-04,0.00368,2024-04-09
"DET",383,9,33,32,7,0.00086,0.00232,0.1202,0.2591,0.2141,0.2898,0.3343,0.2829,81.5415,88.2208,0.652,-7.4027,3.537,0.7505,0.00196,0.00415,0.00388,9e-04,0.00306,0.00107,0.00074,0.00378,2024-04-09
"BAL",333,9,47,47,4,0.00066,0.00192,0.1656,0.2468,0.2219,0.2741,0.3874,0.2901,88.762,89.6389,1.3313,-2.9126,-0.0741,0.6903,0.00172,0.0039,0.00436,0.00084,0.00334,0.00117,0.00093,0.00436,2024-04-09
"SFG",404,10,43,41,0,0.00086,0.0022,0.1306,0.2604,0.2194,0.2928,0.35,0.2908,83.1345,90.4407,-0.5177,-9.0407,0.3129,0.6127,0.00182,0.0042,0.0039,0.00093,0.00288,0.00098,0.00068,0.0044,2024-04-09
"COL",409,11,49,46,3,0.00073,0.00264,0.1572,0.3241,0.252,0.3178,0.4092,0.3241,86.3586,90.1044,-0.7757,-7.8964,-1.7321,0.5401,0.00182,0.00437,0.0038,0.001,0.00347,0.00127,9e-04,0.00439,2024-04-09
"MIN",304,4,23,21,2,0.00098,0.00263,0.1077,0.2402,0.1808,0.2895,0.2885,0.2682,72.3516,88.8382,0.1572,-9.4083,3.4347,0.3019,0.00215,0.0044,0.00342,0.00064,0.00288,0.00133,0.00065,0.00393,2024-04-09
"STL",416,8,44,40,3,0.00074,0.00254,0.1236,0.2784,0.217,0.2944,0.3407,0.2876,79.8013,88.7054,-0.5446,-11.0489,-3,0.1191,0.00215,0.00407,0.00376,0.00081,0.00302,0.00119,0.00063,0.00335,2024-04-09
"OAK",371,8,30,30,3,0.00088,0.00261,0.1303,0.2731,0.2121,0.29,0.3424,0.286,89.2245,86.6741,-1.3273,-5.9773,-6.1222,-0.1179,0,0.00489,0.0031,0.00109,0.00331,0.00148,0.00054,0.00295,2024-04-09
"NYM",384,10,33,32,5,9e-04,0.00205,0.1134,0.2389,0.206,0.301,0.3194,0.2876,81.8667,88.8619,-1.537,-10.2387,-6.9427,-0.3161,0.0016,0,0.00439,0.00089,0.00311,0.001,0.00073,0.00343,2024-04-09
"SEA",395,9,33,33,3,0.00065,0.00286,0.1102,0.281,0.2121,0.2734,0.3223,0.27,77.4183,87.9395,-1.0969,-11.3459,-4.2529,-0.4002,0.00236,0.00429,0.00333,0.00108,0.00301,0.00119,0.00079,0.0041,2024-04-09
"CHW",344,7,16,15,3,0.00087,0.00238,0.1129,0.2342,0.1903,0.2674,0.3032,0.2621,66.2182,88.4032,-2.0332,-15.2119,-1.3229,-0.6468,0.0021,0.00407,0.00381,8e-04,0.00291,0.00113,4e-04,0.00353,2024-04-09
"MIA",412,9,40,39,4,6e-04,0.00218,0.1061,0.25,0.2095,0.2701,0.3156,0.2643,62.1002,88.8212,0.0662,-19.5399,-7.5346,-1.2128,0.00174,0.00496,0.00328,0.00095,0.00383,0.00134,0.00075,0.00355,2024-04-09
"ATL",400,14,69,67,6,0.00082,0.00217,0.2066,0.3688,0.3058,0.3675,0.5124,0.3866,139.0732,89.9918,0.984,20.4323,2.1155,3.7604,0.0021,0.00469,0.00317,0.00159,0.00348,0.00131,9e-04,0.00436,2024-04-10
"TEX",439,12,61,59,5,0.00107,0.001,0.158,0.3131,0.272,0.3539,0.4301,0.3493,126.0884,87.9931,0.7811,13.5357,3.1646,2.9969,0.00207,0.00383,0.00409,0.00095,0.00294,0.00099,0.00061,0.00361,2024-04-10
"MIL",395,14,58,56,17,0.00096,0.00227,0.1743,0.3373,0.28,0.3528,0.4543,0.3574,122.0184,88.8482,1.3933,12.1795,1.4609,2.8412,0.0021,0.00425,0.0036,0.00147,0.0026,0.00095,0.00079,0.00371,2024-04-10
"NYY",463,14,59,52,6,0.00127,0.00209,0.1476,0.2892,0.2468,0.3457,0.3944,0.3348,119.9934,88.498,0.8342,11.3161,0.8898,2.6139,0.00213,0.00416,0.003,0.00126,0.00256,7e-04,0.00062,0.00361,2024-04-10
"LAD",452,18,63,62,5,0.00095,0.00278,0.1955,0.3498,0.2723,0.3429,0.4678,0.3578,124.3127,89.7798,-0.8312,12.887,-4.0827,2.5631,0.00256,0.00352,0.00391,0.00163,0.0029,0.00116,0.00099,0.00434,2024-04-10
"CHC",434,12,71,65,2,0.00124,0.002,0.1662,0.3102,0.2643,0.3641,0.4305,0.3532,119.6552,90.22,0.7603,11.4204,-4.496,2.3064,0.00174,0.00444,0.00381,0.0011,0.00263,0.00101,0.00094,0.00412,2024-04-10
"HOU",459,16,50,47,5,0.00078,0.00187,0.1575,0.2997,0.2649,0.3275,0.4224,0.3352,119.3677,89.4627,-2.3905,7.6388,0.5243,2.1932,0.00208,0.00401,0.00389,0.0012,0.00344,0.00105,0.00071,0.00374,2024-04-10
"TBR",449,10,51,49,15,8e-04,0.00229,0.1241,0.3151,0.2531,0.3237,0.3772,0.317,110.4625,88.2477,1.4606,6.788,1.5238,2.1785,0.00212,0.00438,0.00348,0.00095,0.00346,0.0012,0.00059,0.0039,2024-04-10
"CLE",434,8,62,54,12,0.00064,0.00195,0.1302,0.3177,0.2682,0.3341,0.3984,0.3269,114.8365,87.1525,0.4379,7.7401,0.8605,2.163,0.0024,0.00379,0.00379,0.00069,0.00324,0.00106,0.00042,0.00322,2024-04-10
"ARI",477,14,69,63,7,0.00102,0.0017,0.1483,0.2985,0.2656,0.3453,0.4139,0.3391,110.0207,88.249,-0.8484,5.1181,-1.3916,2.1422,0.00169,0.00477,0.00353,0.00117,0.00291,9e-04,7e-04,0.00369,2024-04-10
"SDP",430,15,53,51,8,0.00076,0.002,0.173,0.2803,0.2443,0.3061,0.4173,0.3201,103.0786,88.7578,0.5159,2.1702,1.3568,1.9481,0.00207,0.00465,0.00326,0.00151,0.0031,0.00087,8e-04,0.00388,2024-04-10
"KCR",400,14,48,42,12,0,0.0021,0.1786,0.2782,0.2418,0.3033,0.4203,0.3185,102.6647,90.6012,1.4448,2.6536,3.3716,1.8012,0.00146,0.004,0.00403,0.00123,0.00344,0.0011,0.00117,0.00419,2024-04-10
"PIT",514,12,69,67,4,0.00108,0.00219,0.1419,0.3323,0.2703,0.3542,0.4122,0.3421,110.2353,87.7668,-1.0053,5.5692,-9.661,1.4886,0.00202,0.00446,0.00351,0.00101,0.00289,0.00109,0.00091,0.00394,2024-04-10
"CIN",425,12,61,57,23,0.00082,0.00275,0.1868,0.3255,0.25,0.3184,0.4368,0.3335,101.3218,89.2049,2.4759,3.1779,-4.277,1.4618,0.00226,0.0048,0.0029,0.00155,0.00319,0.00116,0.00074,0.00432,2024-04-10
"TOR",448,10,46,43,5,0.00107,0.00207,0.1362,0.2561,0.2159,0.3125,0.3522,0.3039,97.9041,87.0943,-0.8523,-1.9171,1.3013,1.2728,0.00207,0.00411,0.00381,0.00087,0.00291,0.00088,0.00056,0.00314,2024-04-10
"LAA",414,12,52,43,9,9e-04,0.00234,0.1503,0.278,0.2295,0.314,0.3798,0.3133,101.0592,88.6386,-1.8669,-1.3696,0.9802,1.1944,0.00188,0.0042,0.00383,0.00115,0.0029,0.00096,0.00088,0.0041,2024-04-10
"WSN",413,10,45,43,23,9e-04,0.0022,0.133,0.2792,0.2327,0.3139,0.3657,0.3075,89.8571,88.4581,2.4057,-2.8433,-1.4067,1.0988,0.00186,0.00439,0.00373,9e-04,0.00322,0.00094,8e-04,0.00407,2024-04-10
"BAL",377,9,54,54,6,0.00066,0.0019,0.155,0.2649,0.2339,0.2846,0.3889,0.296,92.9405,89.5133,1.7906,-1.2276,0.1114,1.0106,0.0017,0.00405,0.00423,0.00076,0.0033,0.00115,0.00086,0.00435,2024-04-10
"DET",421,9,38,36,7,8e-04,0.0023,0.1117,0.2664,0.2181,0.2922,0.3298,0.2827,81.38,88.358,0.4925,-8.4348,3.9048,0.7965,0.00202,0.00432,0.00365,0.00087,0.00301,0.00104,7e-04,0.00378,2024-04-10
"SFG",445,10,46,43,0,0.00089,0.00213,0.1193,0.2687,0.2259,0.3002,0.3452,0.2929,84.349,90.2116,-0.5281,-9.2399,0.4477,0.758,0.00184,0.00448,0.00366,9e-04,0.00288,0.00094,0.00065,0.00428,2024-04-10
"PHI",409,11,41,39,13,0.00105,0.00242,0.1188,0.2913,0.2348,0.3162,0.3536,0.3033,86.848,87.7434,-1.6587,-8.3808,0.6574,0.7328,0.00212,0.00465,0.0032,0.00129,0.00342,0.00114,0.00056,0.00368,2024-04-10
"BOS",428,14,51,48,10,0.00086,0.0026,0.15,0.2918,0.2342,0.3107,0.3842,0.3088,94.7735,89.192,0.5854,-2.2078,-3.9678,0.651,0.002,0.00388,0.004,0.00129,0.00319,0.00119,0.00092,0.00372,2024-04-10
"COL",444,11,51,48,3,0.00074,0.00256,0.1471,0.3226,0.2519,0.3176,0.399,0.3205,84.0106,89.4932,-1.8758,-10.8959,-1.5629,0.3835,0.00183,0.00453,0.00363,0.00104,0.00346,0.00123,0.00082,0.00417,2024-04-10
"MIN",337,7,26,24,2,8e-04,0.00281,0.1331,0.2371,0.1809,0.2789,0.314,0.2707,74.3486,88.9783,0.2799,-9.6246,3.0745,0.3419,0.002,0.00437,0.00356,0.00098,0.0029,0.00137,0.00079,0.0039,2024-04-10
"STL",449,9,47,43,3,0.00073,0.00249,0.1244,0.276,0.2183,0.2928,0.3426,0.2872,79.4645,88.449,-0.5357,-12.0619,-3.3309,0.1053,0.002,0.00424,0.00368,0.00085,0.0031,0.0012,0.00064,0.00337,2024-04-10
"NYM",424,11,38,37,5,0.00096,0.00205,0.1156,0.2545,0.2177,0.3081,0.3333,0.2956,86.9034,89.4474,-1.7566,-8.696,-7.6584,-0.0844,0.00172,0.00404,0.00422,0.00091,0.00309,9e-04,0.00069,0.00368,2024-04-10
"OAK",406,11,34,34,3,0.00088,0.0027,0.1436,0.2634,0.2072,0.2847,0.3508,0.2864,89.4196,86.9521,-1.5008,-6.4887,-6.7953,-0.1333,0.00196,0.0048,0.00322,0.00134,0.0033,0.0015,0.00062,0.00296,2024-04-10
"SEA",431,11,36,36,3,0.00074,0.00285,0.117,0.2769,0.2112,0.2784,0.3282,0.2753,81.1461,88.0825,-1.2612,-10.6101,-4.6261,-0.2562,0.00234,0.00427,0.00338,0.0012,0.00296,0.00117,0.00077,0.00409,2024-04-10
"CHW",383,7,23,22,3,0.00083,0.0024,0.1156,0.2581,0.2052,0.2775,0.3208,0.2731,73.937,88.2459,-2.1461,-13.4663,-1.0604,-0.3275,0.00212,0.00425,0.00362,0.00076,0.00294,0.00112,4e-04,0.00351,2024-04-10
"MIA",446,9,42,41,6,0.00069,0.00217,0.1007,0.2434,0.2039,0.2652,0.3047,0.2578,57.9918,88.7847,0.4246,-23.0817,-8.1097,-1.5032,0.00167,0.00503,0.0032,0.00088,0.00378,0.0013,0.00073,0.00347,2024-04-10
"ATL",400,14,69,67,6,0.00082,0.00217,0.2066,0.3688,0.3058,0.3675,0.5124,0.3866,139.0732,89.9918,0.984,20.4323,2.1155,3.7604,0.0021,0.00469,0.00317,0.00159,0.00348,0.00131,9e-04,0.00436,2024-04-11
"TEX",475,12,67,65,6,0.00107,0.00176,0.1555,0.3241,0.2799,0.3608,0.4354,0.354,129.385,87.7891,0.5149,16.1103,3.4663,3.395,0.00209,0.00392,0.00398,9e-04,0.00297,0.00098,0.00059,0.00356,2024-04-11
"MIL",434,16,65,63,19,0.00094,0.0023,0.1754,0.3284,0.2723,0.3487,0.4476,0.3532,119.3223,88.6091,1.6846,12.0816,1.8552,3.0155,0.00205,0.00429,0.00365,0.00155,0.00267,0.00099,0.00077,0.00371,2024-04-11
"NYY",502,15,61,54,6,0.00131,0.00205,0.1459,0.2821,0.2424,0.3447,0.3882,0.3326,118.4328,88.4747,0.8122,11.2898,1.3002,2.769,0.00202,0.00417,0.0038,0.0012,0.0025,0.00076,0.00069,0.0036,2024-04-11
"LAD",489,19,65,64,5,0.00094,0.0028,0.1918,0.3509,0.2717,0.3415,0.4635,0.3557,122.9319,89.8123,-1.3737,12.6248,-4.2317,2.6585,0.00256,0.0035,0.00391,0.00159,0.0029,0.00117,0.00098,0.0044,2024-04-11
"SDP",470,17,63,61,10,0.00078,0.00204,0.1799,0.2889,0.2523,0.3162,0.4322,0.3309,110.057,88.4801,0.867,6.7736,1.3138,2.5573,0.00211,0.00471,0.00317,0.00161,0.00319,0.00085,8e-04,0.00386,2024-04-11
"CLE",477,11,69,61,13,0.00069,0.00188,0.1429,0.3058,0.2643,0.3354,0.4071,0.3297,116.8742,87.2563,0.5872,9.7152,0.7537,2.48,0.00237,0.00384,0.00378,0.00087,0.00321,0.00102,5e-04,0.00328,2024-04-11
"ARI",519,15,74,68,8,0.001,0.00169,0.1495,0.2978,0.2659,0.3462,0.4154,0.3403,110.7489,88.3699,-0.7517,6.2129,-2.1503,2.3317,0.00165,0.00482,0.00352,0.00115,0.0029,0.00089,0.00075,0.003,2024-04-11
"KCR",440,15,59,53,16,0.00086,0.00206,0.1788,0.2857,0.2494,0.3144,0.4282,0.3271,108.5627,90.3804,2.2636,6.5362,3.4833,2.3243,0.00155,0.0043,0.00414,0.00117,0.0034,0.00107,0.00112,0.00416,2024-04-11
"HOU",498,16,52,49,5,0.00078,0.0018,0.1542,0.298,0.2643,0.326,0.4185,0.3325,117.4972,89.2797,-2.5541,7.258,0.5189,2.2704,0.00195,0.00399,0.004,0.00108,0.0034,0.00101,0.00073,0.00374,2024-04-11
"TBR",482,11,55,51,15,0.00074,0.00238,0.1241,0.3141,0.2506,0.316,0.3747,0.3116,106.7355,88.4653,1.4367,5.1184,1.9134,2.1474,0.00208,0.00437,0.0035,0.00096,0.00345,0.00123,0.00061,0.00395,2024-04-11
"CHC",467,13,73,67,2,0.00122,0.00205,0.1637,0.2959,0.2519,0.3512,0.4156,0.3418,112.4202,90.455,0.9251,8.1735,-4.7849,2.071,0.00166,0.00439,0.00394,0.00107,0.00265,0.00101,0.00097,0.0041,2024-04-11
"PIT",514,12,69,67,4,0.00108,0.00219,0.1419,0.3323,0.2703,0.3542,0.4122,0.3421,110.2353,87.7668,-1.0053,5.5692,-9.661,1.4886,0.00202,0.00446,0.00351,0.00101,0.00289,0.00109,0.00091,0.00394,2024-04-11
"LAA",452,13,54,45,10,0.00097,0.00241,0.1496,0.2847,0.2319,0.3142,0.3815,0.3139,101.4818,88.5337,-1.8545,-1.095,1.1501,1.3525,0.00197,0.00421,0.0038,0.00116,0.003,0.00099,8e-04,0.00411,2024-04-11
"BAL",420,10,61,60,7,0.00071,0.00197,0.1561,0.2705,0.2354,0.2919,0.3915,0.3014,96.9584,89.4793,1.9957,0.4843,0.3591,1.3369,0.00172,0.00408,0.00418,0.00079,0.00326,0.00116,0.00088,0.0043,2024-04-11
"CIN",456,13,63,59,23,0.00081,0.0026,0.1838,0.3071,0.2426,0.3121,0.4265,0.3268,97.0972,89.1211,2.4081,0.754,-4.7318,1.2855,0.00219,0.00477,0.00302,0.00147,0.00315,0.00114,0.00078,0.00428,2024-04-11
"TOR",487,11,47,44,5,0.00104,0.00211,0.1321,0.2524,0.2123,0.308,0.3443,0.299,94.4579,87.4458,-1.0377,-4.0985,1.3513,1.1735,0.00209,0.00404,0.00385,8e-04,0.00291,0.00093,0.00058,0.00324,2024-04-11
"WSN",444,11,46,44,25,9e-04,0.00216,0.1311,0.2683,0.2262,0.3077,0.3573,0.3017,86.0656,88.31,2.7817,-4.964,-1.4625,0.9935,0.00172,0.00444,0.00383,0.00097,0.00321,0.00093,0,0.00396,2024-04-11
"SFG",479,10,53,50,3,0.00083,0.00204,0.1171,0.28,0.2365,0.304,0.3536,0.2971,86.9601,89.8843,-0.356,-8.1698,0.2129,0.9683,0.00188,0.00449,0.00362,0.00082,0.00289,0.00091,0.00065,0.00424,2024-04-11
"DET",421,9,38,36,7,8e-04,0.0023,0.1117,0.2664,0.2181,0.2922,0.3298,0.2827,81.38,88.358,0.4925,-8.4348,3.9048,0.7965,0.00202,0.00432,0.00365,0.00087,0.00301,0.00104,7e-04,0.00378,2024-04-11
"BOS",465,15,56,53,10,0.00088,0.0027,0.1453,0.2971,0.2349,0.3118,0.3801,0.3083,94.332,89.0486,0.6019,-2.6178,-4.3645,0.6797,0.00208,0.00392,0.00399,0.0013,0.00316,0.0012,0.00089,0.00374,2024-04-11
"PHI",450,11,45,42,13,0.00106,0.00248,0.108,0.296,0.2337,0.3163,0.3417,0.2996,84.4147,87.9338,-1.854,-10.6184,0.7206,0.6647,0.00202,0.00456,0.00341,0.00112,0.00339,0.0011,0.00055,0.00373,2024-04-11
"MIN",369,9,29,27,3,0.00094,0.00284,0.1406,0.2392,0.1844,0.2846,0.325,0.2779,79.3978,88.7909,0.5026,-8.2199,3.2984,0.602,0.00203,0.00439,0.00356,0.00116,0.00293,0.001,0.00082,0.00389,2024-04-11
"COL",485,12,54,51,3,8e-04,0.00257,0.1468,0.3146,0.2454,0.3155,0.3922,0.3173,81.9613,89.5835,-1.9923,-13.0738,-1.9793,0.2729,0.00178,0.00447,0.00373,0.00102,0.0034,0.00121,0.00079,0.00426,2024-04-11
"STL",484,11,50,46,3,0.00076,0.00239,0.1294,0.2697,0.2188,0.2944,0.3482,0.2902,81.3144,88.7407,-0.5023,-11.8079,-3.5163,0.2418,0.00201,0.00429,0.00368,0.00095,0.00307,0.0011,0.00065,0.003,2024-04-11
"CHW",425,8,29,27,5,0.00082,0.00235,0.1283,0.2655,0.212,0.2827,0.3403,0.2824,80.3446,88.3528,-2.3389,-11.8318,-0.953,-0.0262,0.00224,0.00419,0.00355,0,0.00299,0.00111,0.00048,0.00355,2024-04-11
"NYM",424,11,38,37,5,0.00096,0.00205,0.1156,0.2545,0.2177,0.3081,0.3333,0.2956,86.9034,89.4474,-1.7566,-8.696,-7.6584,-0.0844,0.00172,0.00404,0.00422,0.00091,0.00309,9e-04,0.00069,0.00368,2024-04-11
"OAK",444,12,36,36,3,0.00083,0.0026,0.1404,0.2667,0.2105,0.2828,0.3509,0.2853,88.3684,87.1473,-1.7182,-7.575,-7.2667,-0.1776,0.00191,0.00471,0.00336,0.00126,0.00328,0.0015,0.00066,0.00309,2024-04-11
"SEA",472,12,42,42,4,0.00078,0.00292,0.1166,0.275,0.2075,0.2775,0.324,0.2737,79.9317,88.1533,-1.2219,-12.0975,-4.9398,-0.3162,0.00237,0.00424,0.00337,0.00122,0.0029,0.00119,0.00078,0.00407,2024-04-11
"MIA",483,10,47,46,8,0.00076,0.00217,0.1007,0.2431,0.2037,0.2703,0.3043,0.2611,59.855,88.7882,0.3112,-24.0128,-8.6783,-1.518,0.00162,0.00515,0.00322,0.00093,0.00373,0.0012,0.00071,0.00341,2024-04-11
"ATL",440,14,73,70,6,0.00081,0.00213,0.1975,0.3652,0.3025,0.3636,0.5,0.3802,134.8608,89.8429,1.0149,20.15,2.2658,3.8951,0.00205,0.00472,0.00322,0.00141,0.00342,0.00127,0.00081,0.00446,2024-04-12
"KCR",450,16,71,65,17,0.00086,0.00193,0.1827,0.3082,0.2716,0.3363,0.4543,0.3478,123.0796,90.5711,2.5022,14.2802,3.5718,3.1461,0.0016,0.00439,0.00398,0.0012,0.00335,0.00101,0.00102,0.00422,2024-04-12
"MIL",434,16,65,63,19,0.00094,0.0023,0.1754,0.3284,0.2723,0.3487,0.4476,0.3532,119.3223,88.6091,1.6846,12.0816,1.8552,3.0155,0.00205,0.00429,0.00365,0.00155,0.00267,0.00099,0.00077,0.00371,2024-04-12
"TEX",463,10,63,61,7,0.00103,0.00177,0.139,0.3135,0.2683,0.3499,0.4073,0.3398,119.7602,87.5669,0.6624,10.7194,3.2748,2.7948,0.00204,0.00391,0.00403,0.00075,0.00299,0.00101,0.00054,0.00349,2024-04-12
"SDP",435,17,57,56,8,0.00078,0.00204,0.1919,0.2828,0.25,0.3141,0.4419,0.334,112.1779,89.0204,0.4967,7.1164,1.3,2.461,0.00202,0.00467,0.0033,0.00168,0.00311,0.00081,0.00087,0.00398,2024-04-12
"NYY",460,14,56,49,6,0.00123,0.00202,0.1472,0.2784,0.2411,0.337,0.3883,0.3284,115.4779,88.4712,0.8331,8.8914,1.2613,2.3974,0.002,0.00401,0.0039,0.00115,0.00252,0.00074,0.00071,0.00363,2024-04-12
"LAD",453,17,58,57,5,0.00092,0.0028,0.1867,0.3472,0.2678,0.3377,0.4545,0.3509,119.9028,89.9291,-1.2508,10.0013,-3.9796,2.2855,0.00262,0.00347,0.0039,0.00154,0.002,0.00117,0.00099,0.00446,2024-04-12
"HOU",501,16,51,48,5,0.00083,0.00177,0.1586,0.2914,0.2599,0.326,0.4185,0.3327,117.6106,89.2459,-2.5511,7.3676,0.2888,2.2672,0.00189,0.00398,0.00412,0.00106,0.00335,0.00098,0.00073,0.0037,2024-04-12
"CHC",427,13,70,65,2,0.00121,0.00206,0.1648,0.3022,0.2582,0.356,0.4231,0.3477,116.2047,90.338,0.7943,9.4413,-3.9666,2.1339,0.00167,0.00437,0.0039,0.00117,0.00264,0.001,0.00099,0.00409,2024-04-12
"CLE",435,11,61,54,13,6e-04,0.0019,0.1403,0.2987,0.2597,0.3287,0.4,0.3235,112.5865,86.9402,1.0995,7.3086,0.8706,2.1233,0.00232,0.00386,0.0038,0.00094,0.00329,0.00103,0.00051,0.00317,2024-04-12
"TBR",447,10,53,49,14,0.00076,0.00232,0.1194,0.3127,0.2512,0.3184,0.3706,0.3116,106.7114,88.3529,1.6747,5.0768,1.852,2.0327,0.00203,0.004,0.00356,0.00093,0.00345,0.00122,0.00059,0.00387,2024-04-12
"ARI",475,14,58,52,8,0.00107,0.00166,0.1494,0.2738,0.2482,0.334,0.3976,0.3282,103.0913,88.0185,-0.6517,1.1764,-2.2382,1.6506,0.00154,0.00483,0.0036,0.00114,0.00291,9e-04,0.00076,0.00357,2024-04-12
"LAA",421,12,51,43,10,0.00097,0.00225,0.1501,0.2948,0.244,0.3254,0.3941,0.324,108.5438,88.5784,-1.7679,2.3112,1.1128,1.6008,0.00207,0.00417,0.0037,0.00114,0.00305,0.00098,0.00085,0.0041,2024-04-12
"BAL",423,12,59,58,7,7e-04,0.00203,0.1697,0.2621,0.2298,0.2874,0.3995,0.3027,97.9118,89.9707,1.9018,0.7746,0.6959,1.4092,0.00182,0.004,0.00415,9e-04,0.00334,0.00116,0.00082,0.00434,2024-04-12
"WSN",412,10,44,42,25,0.00097,0.00211,0.1345,0.2717,0.2297,0.3171,0.3641,0.3091,90.8671,88.5302,2.9064,-1.8099,-1.2193,1.2185,0.00172,0.00448,0.00378,0.00097,0.00321,0.00092,0.00086,0.004,2024-04-12
"PIT",498,9,64,62,4,0.001,0.0022,0.1198,0.3396,0.2719,0.3495,0.3917,0.3337,105.0161,87.4752,-0.9419,2.1798,-9.362,1.1169,0.00203,0.00446,0.00349,0.00078,0.00293,0.00101,0.00087,0.00387,2024-04-12
"DET",386,9,37,35,6,0.00085,0.00222,0.1221,0.2659,0.2209,0.2979,0.343,0.2906,86.8891,88.3762,0.2623,-5.5144,3.5173,0.9483,0,0.00426,0.00373,0.00092,0.00299,0.001,0.00076,0.00375,2024-04-12
"CIN",419,11,55,51,20,0.00083,0.00262,0.1765,0.3035,0.238,0.3086,0.4144,0.3207,93.1735,89.1608,1.8186,-1.7558,-4.4297,0.9253,0.00221,0.00496,0.0028,0.00146,0.0031,0.001,0.00074,0.00423,2024-04-12
"SFG",444,9,49,46,3,0.00087,0.00198,0.1139,0.2739,0.2329,0.3047,0.3468,0.2956,85.9773,89.787,0.0285,-7.7602,0.0884,0.8675,0.00186,0.00446,0.00366,0.00078,0.00288,0.00091,0.00063,0.00418,2024-04-12
"TOR",447,8,39,36,5,0.00098,0.00214,0.1173,0.2577,0.2117,0.302,0.3291,0.2901,88.2577,87.2115,-0.8624,-6.8148,1.1708,0.7614,0.00217,0.00401,0.00381,7e-04,0.00295,0.00091,5e-04,0.00314,2024-04-12
"PHI",481,14,50,47,13,0.00099,0.00253,0.1212,0.2915,0.2331,0.3104,0.3543,0.3007,85.0934,87.9018,-1.9612,-10.9214,0.6649,0.7431,0.00204,0.00444,0.0035,0.00129,0.0034,0.00114,0.00051,0.00377,2024-04-12
"STL",452,10,49,45,2,0.00079,0.00243,0.132,0.2857,0.2284,0.3065,0.3604,0.3007,87.8141,88.7742,-0.732,-7.619,-3.148,0.5842,0.00202,0.0045,0.00344,0.001,0.00309,0.0011,0.00064,0.00355,2024-04-12
"COL",451,12,53,50,3,0.00079,0.00263,0.1527,0.3273,0.2537,0.3215,0.4064,0.3252,86.9953,89.5552,-1.8987,-9.3766,-1.8614,0.5329,0.00186,0.0043,0.00377,0.0011,0.00339,0.00119,0.00082,0.0042,2024-04-12
"NYM",472,13,54,51,6,0.00095,0.0019,0.1298,0.2675,0.2332,0.3191,0.363,0.3111,96.7248,89.0401,-1.8278,-3.7597,-8.3113,0.5263,0.00175,0.00427,0.00396,0.001,0.003,0.00099,0.00063,0.00367,2024-04-12
"CHW",395,8,29,27,5,0.00088,0.00225,0.1392,0.2734,0.2216,0.2967,0.3608,0.2972,90.7529,88.7859,-2.3374,-6.4992,-0.7437,0.4447,0.00217,0.00427,0.0035,8e-04,0.00288,0.001,0.00052,0.00358,2024-04-12
"MIN",327,8,25,24,3,0.00091,0.00284,0.1449,0.2216,0.1731,0.2752,0.318,0.2718,75.2405,88.8483,0.5935,-8.6893,2.7781,0.3767,0.0019,0.0045,0.0035,0.00119,0.00295,0.00137,0.00088,0.00378,2024-04-12
"BOS",465,14,54,51,8,0.00088,0.0027,0.138,0.2888,0.2276,0.3054,0.3656,0.3,88.3583,88.9846,0.5738,-5.7961,-4.7846,0.3158,0.00197,0.00406,0.00395,0.00122,0.00313,0.00122,0.00082,0.0037,2024-04-12
"OAK",446,13,37,37,4,0.00085,0.00269,0.1475,0.2639,0.21,0.2838,0.3575,0.2882,90.3499,87.038,-1.5349,-6.4158,-7.3033,-0.0581,0.0018,0.00475,0.0034,0.0013,0.00322,0.00147,0.00073,0.00316,2024-04-12
"SEA",436,10,38,38,4,0.00082,0.00295,0.1063,0.2763,0.2051,0.2775,0.3114,0.2693,76.8318,88.1047,-1.0933,-12.6823,-4.5559,-0.4438,0.0023,0.00422,0.00343,0.00109,0.00297,0.00119,0.00078,0.00408,2024-04-12
"MIA",435,10,42,41,7,0.00075,0.00225,0.1061,0.2448,0.2045,0.2679,0.3106,0.2637,61.6929,89.1554,0.204,-20.6985,-7.7837,-1.27,0.00161,0.00511,0.00326,0.00103,0.00361,0.00124,0.00076,0.00347,2024-04-12
