"Team","G","IP","K.","BB.","HR.9","BABIP","LOB.","LD.","GB.","FB.","HR.FB","EV","WHIP","ERA","FIP","xFIP","SIERA","WAR","O.Swing.","F.Strike.","SwStr.","Zone.","Barrel.","HardHit.","Date"
"DET",3,3,0.00555,NA,0,0,NA,0.002,0.002,0,NA,85.7575,0,0,-0.1147,0.8458,0.1123,0.2557,0.00529,0.00666,0.00258,0.00433,NA,0.002,2024-03-29
"NYY",3,4,0.00111,NA,0,0.5,NA,0.0037,0,0.0012,NA,87.7697,2,0,2.2186,2.939,3.1797,0.1579,0.00352,0.00555,0.00063,0.00276,NA,0.0037,2024-03-29
"SDP",4,4,0,NA,2.25,0.2727,0.00384,NA,0.00636,0.00363,0.002,88.1201,1,6.75,4.9686,3.1594,2.7248,0.106,0.0031,0.00866,0.00075,0.00452,0.00083,0.002,2024-03-29
"COL",4,5.2,0.00259,0.00074,0,0.4444,0,0.00222,0,0.00277,NA,91.461,1.7647,9.5294,1.8069,3.0781,3.0055,0.0781,0.00285,0.00592,0.00063,0.00495,NA,0,2024-03-29
"PIT",6,6.1,0.0019,0.00095,0,0.0714,NA,NA,0.00785,0.00214,NA,83.7662,0.4737,0,3.3765,4.059,3.2179,0.0771,0.00586,0.00666,0.00207,0.00452,NA,0.00142,2024-03-29
"SFG",3,2,0.00181,9e-04,0,0.5,0,0.0037,0,0.0012,NA,88.18,2.5,18,2.7186,3.439,3.6976,0.065,0.00363,0.00545,0.00139,0.00232,NA,0.002,2024-03-29
"TOR",3,3,0.00416,0.00083,0,0.3333,NA,0.00333,0.00166,0,NA,89.2355,1,0,0.8853,2.3261,1.8893,0.0617,0.00333,0.00666,0.00196,0.00352,0.00166,0.00666,2024-03-29
"WSN",4,4,0,NA,0,0.1818,0.00666,0.00181,0.00272,0.00545,NA,83.1072,0.5,2.25,2.4686,4.6298,3.6252,0.0544,0.00379,0.00666,0.00145,0.00395,NA,0.00181,2024-03-29
"LAD",1,3,0,NA,0,0.1111,NA,0.00222,0.00111,0.00666,NA,86.1345,0.3333,0,2.552,5.4335,6.5736,0.054,0.002,0,0.00068,0.00545,NA,0.00222,2024-03-29
"BOS",4,4,0.00437,0.00062,2.25,0.2857,0.00769,0.002,0.0037,0.0037,0.00333,90.9109,1,4.5,3.7186,1.5492,1.4031,0.053,0.00333,0.007,0.00169,0.00446,0.0012,0,2024-03-29
"STL",3,3.2,0.00312,0.0012,0,0.3333,0,0.00222,0.00444,0.00333,NA,90.6148,1.3636,4.9091,2.1277,3.3065,3.2481,0.0503,0.00343,0.0062,0.00183,0.00466,NA,0.00333,2024-03-29
"CHW",3,3,0.002,0.00083,0,0.1429,NA,0.00428,0.00571,NA,NA,90.4149,0.6667,0,3.2186,3.2186,2.6601,0.0393,0,0.00666,0.00195,0.00347,NA,0.00428,2024-03-29
"CLE",3,3,0.00222,NA,0,0,NA,0.00142,0.00285,0.00571,NA,93.992,0,0,1.8853,3.8063,3.415,0.0375,0.004,0.00666,0.00105,0.00342,NA,0.00428,2024-03-29
"KCR",3,3,0.00187,0.0012,0,0.4545,0.00714,0.00363,0.00272,0.00363,NA,82.3641,2.3333,6,3.2186,5.1396,4.7728,0.0349,0.002,0.0062,0.00098,0.00344,NA,0.00272,2024-03-29
"ARI",4,4,0.0023,0.00076,0,0.1111,NA,NA,0.00888,0.00111,NA,84.5553,0.5,0,2.4686,2.8288,1.7268,0.0331,0.002,0.00692,0.00148,0.00468,NA,0.00333,2024-03-29
"CIN",2,3,0.00454,NA,3,0.2,NA,0.00333,0.00166,0,0.00333,90.9392,0.6667,6,4.2186,1.3261,0.9032,0.0232,0.00333,NA,0.00127,0.00454,NA,0.00666,2024-03-29
"MIN",2,2,0.0012,0.0012,0,0.1667,NA,0.00333,0.00333,0.00333,NA,88.7047,1,0,3.7186,5.1594,5.5287,0.0143,0.00315,0.0087,0.00142,0.00457,NA,0.00333,2024-03-29
"TEX",4,4,0.00277,0.00222,0,0.2222,0.00833,0.00222,0.00444,0.00333,NA,93.1059,1.5,2.25,3.7186,4.7992,5.2214,0.0078,0.00244,0.00666,0.00098,0.00395,NA,0.00333,2024-03-29
"OAK",3,5.2,0.00166,0.00083,0,0.25,0.007,0.00187,0.0037,0.00437,NA,87.0673,1.0588,3.1765,3.9245,5.7043,4.4733,0.0051,0.00309,0.00583,0.00077,0.00388,NA,0.0037,2024-03-29
"BAL",3,3,0.002,0.002,0,0.1667,0,NA,0.00833,0.00166,NA,85.1743,1.3333,3,4.2186,4.6989,5.5899,-0.0037,0.00153,0.00416,0.00089,0.00303,NA,0,2024-03-29
"SEA",3,4,0.00117,NA,2.25,0.2857,0.00833,0.00333,0.00333,0.00333,0,85.3425,1.25,4.5,5.4686,4.0196,4.2137,-0.0209,0.00459,0.00647,0.00111,0.00412,0.00066,0.00266,2024-03-29
"TBR",3,3.1,0.00133,0,0,0.1429,0.00714,0.00142,0.00428,0.00428,NA,83.261,2.1,5.4,7.4186,8.7153,11.2937,-0.06,0.00204,0.00466,0.00088,0.00352,0.00142,0.00285,2024-03-29
"LAA",4,6.1,0.00111,0.00148,2.8421,0.1111,0.00384,0,0.004,0,0,88.955,1.2632,8.5263,8.2713,6.4409,6.1165,-0.1255,0.00229,0.0037,0.00066,0.00383,0,0,2024-03-29
"HOU",5,4.1,0.00263,0.00157,2.0769,0.2,0.00869,0.00181,0.00545,0.00272,0.00333,87.708,1.3846,4.1538,5.9879,3.9853,4.1323,-0.1626,0.00245,0.00578,0.00105,0.00329,9e-04,0.00272,2024-03-29
"MIA",6,7,0.00272,0.00181,2.5714,0.3125,0.00882,0.00277,0,0.00222,0,83.8384,1.8571,3.8571,6.9329,4.0419,4.4456,-0.3643,0.00242,0.00515,0.00156,0.00453,0.00111,0.00388,2024-03-29
"CHC",6,5,0.00166,0.00208,3.6,0.2308,0.00972,0.00266,0,0.00333,0,87.4255,2,3.6,9.8186,6.0594,6.3098,-0.5285,0.00293,0.00583,0.00074,0.0038,0.00133,0.00333,2024-03-29
"SEA",6,6.1,0.00259,3e-04,1.4211,0.3333,0.00909,0.00263,0.00421,0.00315,0.00166,87.0958,1.2632,2.8421,3.5344,2.8467,2.7348,0.2722,0.00343,0.00555,0.00142,0.0039,0.00052,0.00315,2024-03-30
"DET",3,3,0.00555,NA,0,0,NA,0.002,0.002,0,NA,85.7575,0,0,-0.1147,0.8458,0.1123,0.2557,0.00529,0.00666,0.00258,0.00433,NA,0.002,2024-03-30
"PIT",8,11,0.00243,0.00081,0,0.1667,0.0087,0.00041,0.007,0.00208,NA,83.804,0.6364,0.8182,2.6732,3.3281,2.6223,0.2408,0.00455,0.00567,0.00141,0.004,NA,0.00166,2024-03-30
"NYY",8,8.2,0.00111,0.00083,0,0.3448,NA,0.00241,0.00448,0.0031,NA,86.6651,1.5,0,3.334,4.8302,4.9499,0.161,0.0035,0.00638,0.00084,0.0033,6e-04,0.00344,2024-03-30
"ATL",4,4,0.00466,0.00066,0,0.2857,0.00666,NA,0.00857,0.00142,NA,90.9491,0.75,2.25,0.4686,0.8288,0.8163,0.1396,0.00307,0.00666,0.00185,0.00518,NA,0.00571,2024-03-30
"MIL",3,3,0,0,0,0,NA,0.00285,0.00285,0.00428,NA,89.8411,0.3333,0,2.8853,4.3261,4.3422,0.1237,0.00222,0,0.00111,0,0.00142,0.00571,2024-03-30
"SDP",7,7.1,0.00225,0.00032,2.4545,0.3333,0.00416,0.00136,0.00454,0.00409,0.00222,92.635,1.3636,8.5909,5.2641,3.4868,3.1139,0.1,0.00272,0.00741,0.00111,0.0047,0.0013,0.00434,2024-03-30
"LAD",4,6,0.001,0,0,0.2632,0.00571,0.00368,0.00157,0.00473,NA,83.8312,1,4.5,2.8853,5.0464,4.6178,0.0972,0.003,0.004,0.00103,0.00484,NA,0.00263,2024-03-30
"BOS",5,6,0.004,0.001,1.5,0.3,0.00892,0.00272,0.00454,0.00272,0.00333,93.5093,1.1667,3,3.2186,1.7723,2.0538,0.0911,0.00301,0.007,0.0016,0.00405,9e-04,0.00636,2024-03-30
"ARI",7,6.1,0.002,0.00041,0,0.2941,0.00666,0.00176,0.00705,0.00117,NA,90.7064,0.9474,2.8421,1.7976,2.2526,1.7713,0.0848,0.00333,0.0062,0.00166,0.00466,0.00058,0.0047,2024-03-30
"NYM",3,4.1,0,0.00066,0,0.1818,0.00666,0,0,0,NA,85.2053,0.6923,2.0769,2.5263,4.1887,3.8961,0.0812,0.00187,0.00466,0.00052,0.00438,NA,0.00272,2024-03-30
"CLE",7,7,0.00166,0.00083,0,0.1111,0.007,0.00222,0.00277,0,NA,88.6467,0.5714,1.2857,2.9329,4.7853,4.7339,0.0753,0.00372,0.00708,0.00084,0.00378,NA,0.00277,2024-03-30
"TOR",4,6,0.0023,0.00076,0,0.3333,0.0062,0.00277,0.00444,0.00277,NA,84.916,1.3333,4.5,2.2186,3.4193,3.4088,0.0729,0.00365,0.0073,0.00136,0.00427,0.00055,0.00388,2024-03-30
"WSN",4,4,0,NA,0,0.1818,0.00666,0.00181,0.00272,0.00545,NA,83.1072,0.5,2.25,2.4686,4.6298,3.6252,0.0544,0.00379,0.00666,0.00145,0.00395,NA,0.00181,2024-03-30
"STL",5,6.1,0,0,1.4211,0.25,0.00652,0.00153,0.00461,0.00384,0,88.6,0.9474,4.2632,3.0607,2.1455,1.8906,0.0458,0.00367,0.007,0.00217,0.00467,0.00076,0.00307,2024-03-30
"CHW",3,3,0.002,0.00083,0,0.1429,NA,0.00428,0.00571,NA,NA,90.4149,0.6667,0,3.2186,3.2186,2.6601,0.0393,0,0.00666,0.00195,0.00347,NA,0.00428,2024-03-30
"KCR",3,3,0.00187,0.0012,0,0.4545,0.00714,0.00363,0.00272,0.00363,NA,82.3641,2.3333,6,3.2186,5.1396,4.7728,0.0349,0.002,0.0062,0.00098,0.00344,NA,0.00272,2024-03-30
"CIN",2,3,0.00454,NA,3,0.2,NA,0.00333,0.00166,0,0.00333,90.9392,0.6667,6,4.2186,1.3261,0.9032,0.0232,0.00333,NA,0.00127,0.00454,NA,0.00666,2024-03-30
"MIN",2,2,0.0012,0.0012,0,0.1667,NA,0.00333,0.00333,0.00333,NA,88.7047,1,0,3.7186,5.1594,5.5287,0.0143,0.00315,0.0087,0.00142,0.00457,NA,0.00333,2024-03-30
"TEX",4,4,0.00277,0.00222,0,0.2222,0.00833,0.00222,0.00444,0.00333,NA,93.1059,1.5,2.25,3.7186,4.7992,5.2214,0.0078,0.00244,0.00666,0.00098,0.00395,NA,0.00333,2024-03-30
"TBR",5,6.1,0.00111,0.00222,0,0.1667,0.00666,0.00111,0,0.00388,NA,86.5732,1.4211,4.2632,5.1134,6.7058,7.2916,-0.0023,0.00246,0.00518,0.00084,0.00381,0.00055,0.00388,2024-03-30
"BAL",3,3,0.002,0.002,0,0.1667,0,NA,0.00833,0.00166,NA,85.1743,1.3333,3,4.2186,4.6989,5.5899,-0.0037,0.00153,0.00416,0.00089,0.00303,NA,0,2024-03-30
"OAK",5,9.2,0.0017,0.001,0,0.24,0.00785,0.002,0.002,0.004,NA,86.6725,1.2414,2.7931,4.2531,5.8926,5.3577,-0.018,0.00306,0.0052,0.00107,0.00379,NA,0.003,2024-03-30
"PHI",5,3,0.00227,0.00227,0,0.6667,0.00307,0.00416,0.00416,0.00166,NA,90.7575,4.3333,27,4.8853,5.8458,5.8165,-0.0544,0.0031,0,0.00104,0.00325,0.00083,0,2024-03-30
"SFG",6,5,9e-04,0.00045,1.8,0.3529,0.00526,0.00166,0.00555,0.00277,0,90.4107,1.6,9,6.2186,5.0594,4.3833,-0.0569,0.00327,0.00454,0.00077,0.00322,0.00055,0.00277,2024-03-30
"COL",6,8.2,0.0018,0.00116,1.0385,0.4138,0.00602,0,0.00466,0.00333,0,91.2797,2.0769,8.3077,4.6033,4.7657,4.4843,-0.0638,0.00294,0.00581,7e-04,0.00441,0.00033,0,2024-03-30
"LAA",4,6.1,0.00111,0.00148,2.8421,0.1111,0.00384,0,0.004,0,0,88.955,1.2632,8.5263,8.2713,6.4409,6.1165,-0.1255,0.00229,0.0037,0.00066,0.00383,0,0,2024-03-30
"MIA",9,14,0.00274,0.00112,1.2857,0.3333,0.00769,0.00236,0.00421,0.00342,0.00153,85.5276,1.5,3.8571,4.1472,3.6279,3.4895,-0.1893,0.00241,0.00645,0.00141,0.00482,0.00105,0.00368,2024-03-30
"HOU",9,7.1,0.00195,0.0017,2.4545,0.3913,0.00617,0.00166,0.00583,0.002,0.00333,87.8441,2.4545,8.5909,7.855,5.4883,5.0237,-0.4687,0.00275,0.00585,0.00081,0.00325,0,0.003,2024-03-30
"CHC",6,5,0.00166,0.00208,3.6,0.2308,0.00972,0.00266,0,0.00333,0,87.4255,2,3.6,9.8186,6.0594,6.3098,-0.5285,0.00293,0.00583,0.00074,0.0038,0.00133,0.00333,2024-03-30
"DET",8,9.2,0.00294,0.00088,0,0.1429,NA,0.00238,0.00285,0.00476,NA,91.3354,0.6207,0,2.0807,3.5711,3.1077,0.4445,0.00317,0.00588,0.0016,0.0037,0.00047,0.00476,2024-03-31
"SEA",10,9.1,0,7e-04,0.9643,0.375,0.00775,0.00291,0.00416,0.00291,0.00142,89.3506,1.3929,2.8929,3.0043,2.6921,2.722,0.4019,0.0035,0.0057,0.0014,0.00382,0,0.003,2024-03-31
"PIT",12,14.1,0.00244,0.00061,0,0.1818,0,0.00121,0.00666,0.00212,NA,83.6692,0.6279,0.6279,2.3814,3.085,2.5318,0.3334,0.00456,0.0055,0.00145,0.00397,3e-04,0.00212,2024-03-31
"WSN",8,8.2,0.00264,0.00058,0,0.2273,0.0062,0.00227,0.00363,0.00409,NA,86.9207,0.8077,3.1154,2.1802,3.6763,3.003,0.2628,0.00408,0.00588,0.0016,0.00398,NA,0.00409,2024-03-31
"NYY",10,11.2,0.0013,0.00065,0,0.2778,NA,0.00194,0,0.00305,NA,87.1174,1.1143,0,3.2186,4.5771,4.3652,0.2166,0.00371,0.0063,0.00114,0.0034,0.00055,0.00305,2024-03-31
"BOS",10,9.1,0.0039,0.00097,0.9643,0.35,0.0066,0.00428,0.0038,0.0019,0.002,87.0388,1.2857,2.8929,2.4686,1.6932,2.1489,0.1957,0.00307,0.00609,0.00172,0.00402,0.00047,0.00476,2024-03-31
"LAD",9,11,0.00183,0.00061,0,0.2857,0,0.00323,0.00205,0.0047,NA,87.6619,1.1818,5.7273,2.9459,5.0415,4.3129,0.1951,0.00333,0.0055,0.00142,0.00485,0.00057,0.00342,2024-03-31
"CLE",10,12,0.00333,0.00071,0,0.087,0.00857,0.00173,0.0026,0.00565,NA,89.6197,0.4167,0.75,2.1353,3.6961,2.586,0.1902,0.00355,0.00571,0.00146,0.00374,NA,0.00304,2024-03-31
"CIN",7,7.1,0.00363,6e-04,2.4545,0.375,0.00487,0.00222,0.00388,0.00388,0.00285,89.5431,1.3636,8.5909,4.7186,2.5484,2.0072,0.1813,0.00409,0.00666,0.00152,0.00362,0.00111,0.00555,2024-03-31
"NYM",8,8.1,0.00272,6e-04,0,0.2727,0.007,0.00142,0.00523,0.00333,NA,86.9221,0.96,2.16,1.7786,2.9889,2.764,0.163,0.00228,0.00545,0.00101,0.00453,NA,0.00363,2024-03-31
"MIN",6,5.2,0.00318,0.00136,0,0.25,NA,0.002,0.00333,0.00416,NA,91.0824,1.0588,0,2.3363,3.6075,3.3871,0.1405,0.00313,0.00772,0.00115,0.00463,NA,0.00416,2024-03-31
"CHW",9,8,0.00181,6e-04,1.125,0.2174,0.00789,0.00166,0.00458,0.0037,0.00111,92.3118,1,2.25,4.4686,4.4645,3.8823,0.126,0.00436,0.00727,0.00132,0.00413,0.00083,0.00416,2024-03-31
"TOR",8,9.2,0.0019,0.00071,0,0.3548,0.00642,0,0,0,NA,87.1606,1.4483,4.6552,2.4945,3.8359,3.8846,0.1069,0.00361,0.00785,0.00099,0.00403,0.00032,0.00387,2024-03-31
"TEX",8,8,0.00225,0.00161,0,0.2105,0.00888,0.00263,0.00421,0.00315,NA,91.2766,1.125,1.125,3.3436,4.4242,4.734,0.0673,0.00243,0.0058,0.00116,0.00395,0.00052,0.00421,2024-03-31
"BAL",7,6,0.00259,0.00111,0,0.3529,0.00444,0.00235,0.00529,0.00235,NA,92.7928,1.5,6,2.3853,3.3458,3.4077,0.0578,0.00234,0.00444,0.00087,0.00357,NA,0.00529,2024-03-31
"STL",10,12.1,0.00345,9e-04,1.4595,0.4138,0.0067,0.00161,0.00419,0.00419,0.00153,89.9807,1.5405,5.8378,3.4619,2.8724,2.5117,0.0508,0.00353,0.00618,0.0019,0.00411,0.00064,0.00451,2024-03-31
"TBR",9,9.1,0.00179,0.00179,0,0.2,0.00666,0,0.004,0.003,NA,85.8418,1.2857,3.8571,3.9686,5.3579,5.6169,0.0417,0.00284,0.0041,0.00101,0.00392,0,0.003,2024-03-31
"ATL",9,12.1,0.00222,0.00066,0.7297,0.2258,0.00937,0.00156,0.00593,0.002,0.0012,87.2738,0.8919,1.4595,3.3808,3.2613,3.0434,0.0258,0.00289,0.00622,0.00133,0.00493,0.00031,0.00312,2024-03-31
"ARI",10,11.1,0.00239,0.00108,0.7941,0.2759,0.00634,0.00233,0.00533,0.00233,0.00142,90.9919,1.2353,4.7647,3.748,3.4909,3.5585,0.0166,0.00371,0.00652,0.00154,0,0,0.00466,2024-03-31
"MIL",8,8,0.00225,0.00032,2.25,0.1905,0.00714,0.0026,0.00304,0.00434,0,91.9093,0.875,4.5,5.0936,3.6446,3.2925,-0.006,0.0032,0.00709,0.00117,0.00522,0.0013,0.00434,2024-03-31
"MIA",13,19,0.00238,0.00102,0.9474,0.375,0.0065,0.00206,0.00448,0.00344,0,85.7973,1.6842,5.2105,3.7976,3.9457,3.7167,-0.0447,0.00265,0.00568,0.0012,0.00483,0.00086,0.00362,2024-03-31
"COL",11,13,0.00163,0.0018,0.6923,0.359,0.00731,0,0.0047,0.0032,0.00076,90.6892,2,5.5385,5.2186,5.6594,5.7667,-0.0476,0.00274,0.00557,0.00068,0.00376,2e-04,0.0047,2024-03-31
"OAK",10,15,0.00171,0.00128,0.6,0.3111,0.00664,0.00222,0.00311,0.00466,0.00047,84.8813,1.6,4.8,4.8853,6.0357,5.0942,-0.0846,0.00333,0.00542,0.00106,0.00363,0.00021,0.00304,2024-03-31
"KCR",6,6,0.00147,0.00117,0,0.4545,0.00588,0.00318,0.00318,0.00363,NA,86.9861,2.3333,10.5,5.052,6.973,5.1597,-0.1039,0.00272,0,0.0014,0.00363,9e-04,0.00363,2024-03-31
"SFG",10,9,0.00142,0.0011,3,0.2963,0.00468,0.00166,0.00533,0,0.00333,90.9812,1.7778,11,8.2186,5.3261,4.8948,-0.1361,0.00314,0.00547,9e-04,0.00389,0.00066,0.00366,2024-03-31
"LAA",8,9.1,0.00155,0.00111,2.8929,0.2667,0.00169,0.00151,0.00363,0.00484,0.00187,92.555,1.7143,12.5357,7.5044,5.7956,5.0502,-0.1593,0.00239,0.00444,0.00072,0.00393,0.00151,0.00575,2024-03-31
"SDP",11,11.2,0.00211,0.00038,3.0857,0.3429,0.00403,0.00131,0.00447,0.00421,0.002,93.3879,1.5429,10.0286,6.3044,3.8231,3.3548,-0.1703,0.00264,0.00769,0.00097,0.0048,0.00179,0.00512,2024-03-31
"PHI",10,7.2,0.00162,0.00162,2.3478,0.4815,0.00416,0.00275,0.00448,0.00275,0.002,89.9853,2.8696,16.4348,7.523,5.6351,5.4494,-0.2346,0.00381,0.00488,0.00105,0.00356,6e-04,0.00517,2024-03-31
"CHC",10,9.1,0.00173,0.00152,2.8929,0.3214,0.00675,0.00225,0.00451,0.00322,0,90.455,2.0357,7.7143,7.9329,5.298,5.1861,-0.484,0.00342,0.00608,0.00111,0.00396,0.00161,0.00451,2024-03-31
"HOU",14,12.1,0.00229,0.00163,3.6486,0.3226,0.00684,0.00142,0.00542,0.00314,0.00454,88.1711,2.027,8.027,8.8943,4.909,4.6449,-0.8055,0.00255,0.0054,0.00088,0.0034,0.00083,0.00361,2024-03-31
"PIT",17,20.1,0,0.00057,0.4426,0.1628,0.00948,0.00113,0.0059,0.00295,0.00076,86.5002,0.5902,0.8852,2.5301,2.8119,2.327,0.5285,0.00416,0.00514,0.00168,0.00399,0.00068,0.00295,2024-04-01
"SEA",13,13.1,0.002,0.00071,0.675,0.3514,0.00783,0.00297,0.00432,0.0027,0,90.3149,1.35,2.7,2.9936,3.0992,3.1496,0.44,0.00351,0.0066,0.00127,0.00415,0.00052,0.00447,2024-04-01
"LAD",12,15,0.00242,0.00075,0,0.2619,0.00473,0,0.002,0.004,NA,87.9087,1.0667,4.2,2.6853,4.4142,3.572,0.3508,0.00335,0.0056,0.00151,0.00442,0.00047,0.00309,2024-04-01
"DET",11,12.2,0.00318,9e-04,0.7105,0.12,NA,0.00192,0.00346,0.00461,0.00083,90.7568,0.6316,0.7105,2.9818,3.3204,2.819,0.3395,0.00318,0.00613,0.00144,0.0036,0.00076,0,2024-04-01
"BOS",13,13.1,0.00327,9e-04,0.675,0.2581,0.00714,0.0037,0.00343,0.00281,0.00111,88.1238,1.05,2.025,2.6186,2.6161,2.675,0.3051,0.0029,0.00581,0.00161,0.00428,0.00031,0,2024-04-01
"NYY",14,15.1,0.0014,0.00078,0,0.3061,NA,0.00204,0.0053,0.00265,NA,86.6776,1.3043,0,3.2186,4.4401,4.2465,0.2704,0.00379,0.00656,0.00111,0.00376,0.00061,0.00285,2024-04-01
"NYM",11,13.1,0.00267,0.00089,0,0.3333,0.00764,0.00257,0.00428,0.00314,NA,88.1049,1.275,2.7,2.0936,3.2823,3.2278,0.2254,0.00243,0.00553,0.00109,0.00452,0.00027,0.00361,2024-04-01
"CHW",14,12.1,0.0023,0.00096,0.7297,0.2424,0.00808,0.00176,0,0.00323,9e-04,91.2306,1.1351,2.1892,3.7862,4.0171,3.6514,0.2089,0.00394,0.00673,0.0013,0.00438,0.00058,0.00441,2024-04-01
"MIL",10,12,0.00266,0.00022,1.5,0.2,0.00806,0.002,0.00312,0.00437,0.00142,91.0604,0.75,3,3.6353,3.1495,2.7177,0.1845,0.00324,0.00644,0.00119,0.00515,0.00093,0.00437,2024-04-01
"CLE",14,15,0.00298,0.00105,0,0.1562,0.00846,0.00193,0.0029,0.00516,NA,86.7879,0.7333,1.2,2.552,4.0888,3.2706,0.1711,0.00318,0.00578,0.0013,0.00394,NA,0.00218,2024-04-01
"CIN",12,11.1,0.00307,0.00096,2.3824,0.3077,0.00652,0.00206,0.00344,0.00448,0.0023,90.5339,1.4118,7.1471,5.6892,3.9007,2.9819,0.1056,0.004,0.00653,0.00138,0.00358,0.00137,0.00517,2024-04-01
"ATL",12,15,0.00206,6e-04,0.6,0.2683,0.00753,0.00214,0.00571,0.00214,0.00111,88.7649,1.0667,3,3.2853,3.2831,3.1862,0.0941,0.00276,0.00655,0.00119,0.0051,0.00023,0.00357,2024-04-01
"ARI",13,15.1,0.00237,0.00084,0.587,0.2821,0.00705,0,0.005,0.002,0,91.0062,1.1087,3.5217,3.2186,3.3104,3.2349,0.0896,0.00348,0.0066,0.00142,0.00424,0,0.0047,2024-04-01
"MIN",10,12.1,0.00265,0.001,1.4595,0.2069,0.0098,0.00193,0.00354,0.00451,0.00142,90.2486,1.0541,1.4595,4.4349,3.9622,3.5228,0.0567,0.00347,0.00632,0.00107,0.0041,0.00064,0.00387,2024-04-01
"BAL",10,9,0.00216,0.00108,0,0.2917,0.00583,0.00166,0.00583,0.002,NA,93.2385,1.2222,4,3.1075,4.068,3.7414,0.0455,0.00264,0.00459,0.00086,0.00341,NA,0.00458,2024-04-01
"TOR",11,14.1,0.00133,0.00083,0.6279,0.2391,0.00705,0.00239,0.00391,0.00369,0.00058,87.6538,1.186,3.7674,4.0558,4.8577,4.8357,0.0377,0.00351,0.00766,0.00079,0.00412,0.00021,0.0038,2024-04-01
"PHI",15,11.2,0.00237,0.00118,1.5429,0.4722,0.00474,0.00236,0.00421,0.00342,0.00153,90.2187,2.2286,11.5714,4.8472,4.224,3.9737,0.034,0.0036,0.00491,0.00122,0.0038,0.00078,0.00526,2024-04-01
"COL",13,16,0.00171,0.00157,0.5625,0.3043,0.00731,0.00191,0.0051,0.00297,0.00071,90.0575,1.625,4.5,4.5936,5.0418,5.1952,0.02,0.00265,0.00571,0.00064,0.0039,0.00021,0.00446,2024-04-01
"TEX",12,13.1,0.00186,0.00186,0,0.25,0.00761,0.00194,0.00472,0.00333,NA,87.9468,1.5,3.375,4.2686,5.5653,5.6112,0.0044,0.00236,0.00491,0.00113,0.00398,0.00027,0.00361,2024-04-01
"MIA",15,24,0.002,0.00107,1.125,0.3478,0.00603,0.00214,0.00414,0.00371,0.00115,84.4786,1.625,5.25,4.0103,3.9461,3.6959,-0.0334,0.00293,0.00571,0.00121,0.00452,0.00083,0.00319,2024-04-01
"KCR",8,8,0.00166,0.0011,0,0.4074,0.00631,0.00296,0.00333,0.0037,NA,88.481,2,7.875,4.4686,6.2696,4.9122,-0.0891,0.00302,0.00523,0.00144,0.00368,0.00074,0.0037,2024-04-01
"SFG",14,15,0.00171,0.00128,1.8,0.3333,0.00546,0.002,0.00437,0.00312,0,91.8361,1.8,9,6.2186,5.0594,4.8547,-0.0986,0.00268,0.00514,0.00096,0.00412,0.00083,0.00437,2024-04-01
"OAK",13,17,0.00168,0.0012,0.5294,0.3333,0.00632,0.00207,0.00358,0.0043,0.00043,85.522,1.7059,4.7647,4.8069,5.9914,4.9361,-0.1256,0.00326,0.00518,0.00102,0.00382,0.00018,0.00309,2024-04-01
"WSN",12,12.1,0.0023,0.00057,1.4595,0.2941,0.00757,0.00305,0.00361,0.00333,0.00166,86.7903,1.2162,4.3784,4.3538,3.6475,3.3299,-0.1288,0.0039,0.00596,0.00138,0.00419,0.00055,0.00361,2024-04-01
"TBR",12,17.1,0.00194,0.00181,1.0385,0.2174,0.00646,0.00229,0.00312,0.00458,9e-04,85.3182,1.5,5.7115,5.4109,5.7396,5.5848,-0.1342,0.00255,0.00506,0.00084,0.00419,0.00104,0.0027,2024-04-01
"LAA",10,13.1,0.001,0.00116,2.025,0.2195,0.00337,0.00181,0.00363,0.00454,0.001,91.8935,1.425,8.775,6.3686,5.6048,5.1613,-0.1388,0.00251,0.00483,7e-04,0.00418,0.00136,0,2024-04-01
"SDP",14,16.2,0.00197,0.00042,2.16,0.3061,0.00459,0.00153,0.0048,0.00365,0.0021,92.1272,1.32,8.1,5.3786,3.9011,3.4582,-0.1523,0.00303,0.0066,0.00112,0.0045,0.00132,0.0049,2024-04-01
"CHC",14,14.1,0.0023,0.00123,1.8837,0.3077,0.00744,0.00238,0.00404,0.00357,0,91.2849,1.6047,5.0233,5.521,4.3078,4.1297,-0.1639,0.0035,0,0.00128,0.0039,0.0011,0.00523,2024-04-01
"STL",13,15,0.00323,0.00102,2.4,0.3714,0.00706,0.00179,0.0041,0.0041,0.002,89.9092,1.6,6.6,5.152,3.2221,2.8731,-0.3008,0.00321,0.00632,0.00166,0.00414,0.00102,0.00461,2024-04-01
"HOU",17,15.2,0.00276,0.00144,2.8723,0.3684,0.00708,0.00166,0.00523,0.00309,0.00384,87.1138,1.9149,6.8936,6.9846,4.0312,3.8483,-0.6457,0.00264,0.00552,0.001,0.00355,0.00069,0.00348,2024-04-01
"DET",15,17,0.00316,0.00083,0.5294,0.1429,NA,0.00166,0.00333,0,0.00055,90.3173,0.6471,0.5294,2.6304,3.3912,2.7834,0.4739,0.00317,0.00616,0.00146,0.00383,0.00055,0.00444,2024-04-02
"PIT",20,24.1,0.00306,0.00068,0.7397,0.1923,0.00864,0.00092,0.0053,0.0037,0,86.8486,0.7397,1.8493,2.931,3.0466,2.5422,0.3797,0.00397,0.00568,0.00157,0.00424,0.00074,0.00277,2024-04-02
"BOS",14,16.1,0.00323,0.00076,0.551,0.2368,0.00735,0.00333,0.0035,0.00307,0.00083,86.0343,0.9184,1.6531,2.3615,2.6241,2.555,0.3585,0.00276,0.00615,0.00155,0.00451,0.00025,0.00435,2024-04-02
"SEA",17,17,0.0026,5e-04,1.0588,0.3111,0.0081,0.00326,0.00369,0.00304,0.00142,90.8863,1.1765,2.6471,3.3363,2.9934,2.9729,0.3085,0.0034,0.00637,0.00134,0.00424,0.00063,0.00425,2024-04-02
"NYY",17,19.2,0.0012,0.00072,0,0.2769,0.00961,0,0.00492,0.00307,NA,86.8872,1.2203,0.4576,3.422,4.8872,4.6002,0.2938,0.00376,0.0065,0.00098,0.00375,0.00061,0.00323,2024-04-02
"LAD",15,19,0.00228,0.00072,0.4737,0.2593,0.00486,0.00264,0.0032,0.00415,0.00045,88.5521,1.1053,4.2632,3.3239,4.3079,3.5955,0.2825,0.0032,0.0059,0.0013,0.00442,0.00036,0.00345,2024-04-02
"BAL",13,12.2,0.00226,0.00094,0,0.3143,0.00647,0.00142,0.00542,0.00314,NA,92.0331,1.2632,3.5526,2.745,3.9961,3.6046,0.2368,0.00297,0.00471,0.00086,0.0036,NA,0.00428,2024-04-02
"CLE",18,19.2,0.00315,0.00131,0,0.2,0,0.00256,0.00256,0.00487,NA,88.44,0.9153,0.9153,2.6085,4.0004,3.4096,0.2286,0.0032,0.00605,0.0014,0.00392,2e-04,0,2024-04-02
"MIL",10,12,0.00266,0.00022,1.5,0.2,0.00806,0.002,0.00312,0.00437,0.00142,91.0604,0.75,3,3.6353,3.1495,2.7177,0.1845,0.00324,0.00644,0.00119,0.00515,0.00093,0.00437,2024-04-02
"NYM",15,17.1,0.0026,0.00082,0.5192,0.3043,0.00631,0.00195,0.00478,0.00326,0.00066,87.7567,1.2115,2.0769,2.9879,3.4847,3.1874,0.1786,0.00258,0.00506,0.00103,0.00448,0.00042,0.0034,2024-04-02
"ARI",17,21.2,0.00197,0.00074,0.4154,0.2414,0.00765,0.0022,0.00542,0.00237,0.00071,88.5097,0.9692,2.4923,3.1725,3.5034,3.472,0.1597,0.00318,0.00666,0.00135,0.0043,0.00067,0.00423,2024-04-02
"ATL",14,17.1,0.00257,0.00075,0.5192,0.2558,0.00769,0.00204,0.00568,0.00227,0,88.0157,0.9808,2.5962,2.8725,2.9537,2.8475,0.1593,0.00295,0.00636,0.00125,0.00502,0.00022,0.00363,2024-04-02
"CIN",17,16,0.00314,0,1.6875,0.3333,0.00707,0.00179,0.0041,0.0041,0.00187,89.4095,1.375,5.0625,4.5936,3.5969,2.9297,0.1419,0.00373,0.00628,0.00129,0.00371,0.00102,0.00487,2024-04-02
"CHW",18,16,0.00214,0,1.125,0.2667,0.00677,0.0017,0.00468,0.00361,0.00117,92.2111,1.3125,4.5,4.4686,4.3744,3.9606,0.1167,0.00371,0.00642,0.00124,0.00424,0.00085,0.00489,2024-04-02
"TEX",14,16,0.00228,0.00171,0,0.2683,0.00791,0.00195,0.00463,0.00341,NA,88.814,1.4375,2.8125,3.6561,4.9168,4.8612,0.112,0.00255,0,0.00119,0.00396,0.00024,0.0039,2024-04-02
"MIN",10,12.1,0.00265,0.001,1.4595,0.2069,0.0098,0.00193,0.00354,0.00451,0.00142,90.2486,1.0541,1.4595,4.4349,3.9622,3.5228,0.0567,0.00347,0.00632,0.00107,0.0041,0.00064,0.00387,2024-04-02
"COL",15,18.2,0.00168,0.00144,0.4821,0.3393,0.0071,0.0019,0.00561,0.00245,0.00071,90.6038,1.7143,4.8214,4.3436,4.7278,4.8369,0.0346,0.00264,0.0059,0.00069,0.0041,0.00017,0.00438,2024-04-02
"PHI",21,16.2,0.0028,0.00135,1.62,0.4318,0.00486,0.0023,0.00425,0.0034,0.00187,89.0368,1.98,9.72,4.7786,3.8218,3.706,0.0085,0.00347,0.00493,0.00131,0.00378,0.00085,0.0051,2024-04-02
"LAA",15,19.1,0.0016,0.00111,1.3966,0.2321,0.00528,0.00186,0.0044,0.00372,0.00136,91.1289,1.2931,6.0517,5.2876,4.9098,4.799,-0.0228,0.00312,0.00518,0.00084,0.00386,0.00135,0.0044,2024-04-02
"OAK",15,23.1,0.00198,0.00122,0.3857,0.2836,0.00646,0.00166,0.00363,0.00469,0.00032,86.9476,1.4143,3.8571,4.1615,5.5185,4.609,-0.047,0.00317,0.00518,0.00101,0.004,0.00044,0.00308,2024-04-02
"WSN",16,16,0.00194,9e-04,1.125,0.3846,0.00698,0.002,0.00423,0.00326,0.00117,88.3235,1.8125,6.1875,4.4686,4.3744,4.0825,-0.1141,0.00349,0.00558,0.00126,0.00417,0.00111,0.00425,2024-04-02
"TOR",14,17,0.0012,0.00097,1.5882,0.2075,0.00714,0,0.00381,0.00418,0.0013,86.3077,1.2353,4.7647,5.6892,5.3444,5.1839,-0.129,0.0034,0.00736,0.00076,0.00402,0.00035,0.0037,2024-04-02
"CHC",16,17.1,0.00197,0.00118,1.5577,0.2653,0.00769,0.00211,0.00384,0.00403,0.00142,90.8557,1.4423,4.1538,5.2956,4.7911,4.501,-0.1347,0.0035,0.00618,0.00122,0.00406,0.00096,0.0048,2024-04-02
"SDP",18,21.2,0.00212,0.00053,2.0769,0.3065,0.00583,0.00184,0.00446,0.00369,0.00208,90.9036,1.3385,7.0615,5.3417,3.9376,3.4459,-0.1505,0.00303,0.0068,0.00109,0.0044,0.00119,0.00432,2024-04-02
"SFG",17,18,0.00188,0.00117,2,0.3519,0.0049,0.00258,0.00413,0.00327,0.0021,92.6652,1.8333,10,6.1631,4.795,4.5299,-0.1745,0.00261,0.00482,0.00096,0.00414,0.00086,0.00482,2024-04-02
"KCR",12,11.1,0.00155,0.00086,0.7941,0.4,0.00635,0.00243,0.00365,0.0039,0.00062,90.4757,1.9412,7.9412,4.8951,5.782,4.6249,-0.1755,0.0029,0,0.00145,0.00398,0.00073,0.00463,2024-04-02
"STL",15,17,0.00306,0.00093,2.1176,0.3415,0.00721,0.00155,0.00466,0.00377,0.00235,88.8213,1.4706,5.8235,4.8069,3.1888,2.8962,-0.2206,0.00331,0.00653,0.00171,0.0042,0.00088,0.00422,2024-04-02
"TBR",14,20.2,0.00166,0.00177,1.3065,0.2241,0.00681,0.00213,0.00295,0.00491,0,84.9375,1.5968,6.0968,6.3154,6.5197,5.9413,-0.3118,0.00258,0.00531,0.001,0.00419,0.00098,0.00278,2024-04-02
"MIA",20,28,0.00234,0.00121,1.6071,0.3375,0.00609,0.00204,0.00421,0.00373,0.00161,84.8846,1.7143,6.1071,5.0401,4.3138,4.0567,-0.3402,0.00304,0.0059,0.00116,0.00433,0.00094,0.00329,2024-04-02
"HOU",17,15.2,0.00276,0.00144,2.8723,0.3684,0.00708,0.00166,0.00523,0.00309,0.00384,87.1138,1.9149,6.8936,6.9846,4.0312,3.8483,-0.6457,0.00264,0.00552,0.001,0.00355,0.00069,0.00348,2024-04-02
"BOS",19,22.1,0.00333,9e-04,0.403,0.2245,0.00806,0.00306,0.00408,0.00285,0.00071,86.3608,0.8955,1.209,2.2783,2.5994,2.6069,0.5697,0.0031,0.00632,0.00158,0.00431,0,0.004,2024-04-03
"DET",15,17,0.00316,0.00083,0.5294,0.1429,NA,0.00166,0.00333,0,0.00055,90.3173,0.6471,0.5294,2.6304,3.3912,2.7834,0.4739,0.00317,0.00616,0.00146,0.00383,0.00055,0.00444,2024-04-03
"LAD",19,27,0.00213,0.00068,0.6667,0.2785,0.0055,0.00278,0.00329,0.00392,0.00064,88.5716,1.1852,4.3333,3.552,4.2432,3.7118,0.4311,0.00333,0.00615,0.0011,0.00449,3e-04,0.0035,2024-04-03
"SEA",20,20.1,0.00271,0.00049,0.8852,0.3019,0.00781,0.00277,0.00388,0.00333,0.00111,89.571,1.082,2.6557,2.9236,2.9203,2.7755,0.403,0.00358,0.00691,0.00134,0.00427,0.00054,0.00381,2024-04-03
"PIT",20,24.1,0.00306,0.00068,0.7397,0.1923,0.00864,0.00092,0.0053,0.0037,0,86.8486,0.7397,1.8493,2.931,3.0466,2.5422,0.3797,0.00397,0.00568,0.00157,0.00424,0.00074,0.00277,2024-04-03
"BAL",16,16.2,0.00268,0.00089,0,0.2927,0,0.00146,0.0056,0.00292,NA,92.5992,1.08,2.7,2.4986,3.536,3.0682,0.299,0.00313,0.00477,0.00095,0.00356,NA,0.0043,2024-04-03
"CLE",22,22.2,0,0.00133,0,0.2245,0.008,0.00229,0.00333,0.00437,NA,87.8794,1.0147,1.5882,2.6892,4.024,3.5446,0.2694,0.00316,0.00633,0.00136,0.00392,2e-04,0.00306,2024-04-03
"NYY",19,22.2,0.00153,0.00081,0.3971,0.2778,0.00878,0.00205,0.00479,0.00315,0.00043,87.4766,1.2794,1.1912,3.7922,4.6806,4.3626,0.2642,0.0034,0.00622,0.00109,0.00368,0.00068,0.00328,2024-04-03
"ARI",20,24.2,0,0.00066,0.3649,0.2154,0.00765,0.0019,0.00515,0.00287,0.00052,88.3156,0.8514,2.1892,3.0159,3.5987,3.5127,0.2187,0.00305,0.00633,0.00127,0.0043,6e-04,0.00409,2024-04-03
"PHI",22,20.2,0.00272,0.00111,1.3065,0.4138,0.00473,0.00196,0.00508,0.00295,0.00166,88.4052,1.8387,8.7097,4.0896,3.4574,3.3758,0.1874,0.0034,0.00515,0.00125,0.00384,8e-04,0.00475,2024-04-03
"NYM",15,17.1,0.0026,0.00082,0.5192,0.3043,0.00631,0.00195,0.00478,0.00326,0.00066,87.7567,1.2115,2.0769,2.9879,3.4847,3.1874,0.1786,0.00258,0.00506,0.00103,0.00448,0.00042,0.0034,2024-04-03
"MIL",14,17,0.0025,0.00063,1.0588,0.1463,0.0076,0.00209,0.00372,0.00418,0.00111,89.5363,0.7059,2.1176,3.5716,3.5677,3.1746,0.1695,0.0027,0.00603,0.00105,0.00491,0.00069,0.00441,2024-04-03
"OAK",21,29.1,0.00223,0.00115,0.3068,0.3086,0.00665,0.00187,0.00387,0.0042,0.00029,86.3738,1.3977,3.375,3.6277,4.8545,4.1536,0.1462,0.00337,0.00538,0.00119,0.0039,0.00036,0.00256,2024-04-03
"MIN",12,16.1,0.00265,0.0012,1.102,0.1892,0.00985,0.00179,0.00333,0.00487,0.00105,89.2898,1.0408,1.102,4.1982,4.2824,3.855,0.1138,0.00326,0.00609,0.001,0.00395,0.00051,0.0035,2024-04-03
"ATL",16,19.1,0.002,0.00078,0.931,0.2653,0.00769,0.00176,0.00529,0.00294,0.00133,87.0098,1.0862,3.2586,3.529,3.302,3.1401,0.0932,0.0029,0.00618,0.00123,0.00481,0.00019,0.00352,2024-04-03
"TEX",16,19.1,0.00214,0.00154,0.4655,0.26,0.00797,0.00196,0.00431,0.00372,0.00052,88.7969,1.3966,3.2586,4.3566,5.1001,4.7935,-0.0473,0.00293,0.00511,0.00132,0.00379,0.00019,0.00431,2024-04-03
"COL",17,23.1,0.00169,0.0015,1.1571,0.3188,0.00706,0.00194,0.00527,0.00277,0.001,91.4555,1.7571,5.7857,5.4044,4.9679,5.0521,-0.0737,0.00243,0.00584,0.00069,0.00408,0.00055,0.00458,2024-04-03
"KCR",14,13.1,0.00153,0.00076,0.675,0.3696,0.0065,0.00212,0.00404,0.0038,0.00055,91.1921,1.725,6.75,4.4936,5.4636,4.4899,-0.0958,0.00289,0.00476,0.00137,0.00405,0.00085,0.00468,2024-04-03
"TOR",17,20,0.00134,0.00097,1.35,0.2167,0.00757,0.00177,0.00354,0.00467,0.00103,86.3918,1.2,4.05,5.2686,5.4077,5.1622,-0.1033,0.00314,0.00731,0.00078,0.00406,0.00031,0.00365,2024-04-03
"SFG",20,22.1,0.00215,0.00127,1.6119,0.3387,0.00568,0.00242,0.00439,0.00318,0.0019,91.0259,1.7015,8.0597,5.4574,4.4838,4.3151,-0.1106,0.00255,0,0.00106,0.00421,9e-04,0.00454,2024-04-03
"WSN",16,16,0.00194,9e-04,1.125,0.3846,0.00698,0.002,0.00423,0.00326,0.00117,88.3235,1.8125,6.1875,4.4686,4.3744,4.0825,-0.1141,0.00349,0.00558,0.00126,0.00417,0.00111,0.00425,2024-04-03
"STL",18,20,0.00302,9e-04,1.8,0.3333,0.00758,0.00153,0.0048,0.00365,0.0021,89.1777,1.4,4.95,4.4186,3.1873,2.9208,-0.1377,0.00335,0.00662,0.00163,0.0042,0.00076,0.00403,2024-04-03
"LAA",17,21.1,0.00157,0.00112,1.6875,0.2131,0.0056,0.00169,0.00476,0.00353,0.00173,90.138,1.2656,5.9063,5.7499,4.8657,4.7899,-0.1426,0.0032,0.00505,0.00082,0.0038,0.00138,0.00415,2024-04-03
"CIN",19,18,0.00273,0.00107,2.5,0.3333,0.0062,0.00204,0.00367,0.00428,0.00238,88.4499,1.6111,7,6.1075,4.1773,3.4683,-0.1824,0.00374,0.00654,0.00127,0.00356,0,0.004,2024-04-03
"CHW",20,18,0.00197,0.00135,1.5,0.26,0.00756,0.0015,0.00471,0.00377,0.001,91.7661,1.5,4.5,5.6075,5.0417,4.6769,-0.1939,0.00342,0.0064,0.00112,0.00419,0.00094,0.0049,2024-04-03
"SDP",21,23.2,0.00201,0.00076,1.9014,0.2941,0.00571,0.00185,0.00457,0.00357,0,90.9319,1.3944,6.8451,5.4581,4.2335,3.8209,-0.2363,0.00285,0.00653,0.00099,0.0043,0.00123,0.00438,2024-04-03
"TBR",17,23.1,0.00177,0.00168,1.1571,0.2308,0.0068,0.00205,0.00308,0.00485,9e-04,85.1455,1.5429,5.7857,5.8329,6.1991,5.6262,-0.2643,0.0027,0.00523,0.001,0.00427,0.00088,0.002,2024-04-03
"MIA",21,31.2,0.00219,0.00116,1.4211,0.3261,0.00644,0.00242,0,0.00357,0.00147,85.1024,1.6421,5.4,4.8607,4.355,4.1763,-0.3147,0.00309,0.00609,0.00111,0.00437,0.00092,0.00329,2024-04-03
"CHC",18,20.1,0.00177,0.00111,1.7705,0.2586,0.00787,0.00193,0.00403,0.00403,0.001,91.48,1.4262,4.4262,5.9727,5.1868,4.6362,-0.3153,0.00333,0.00644,0.0011,0.00429,0.00096,0.00467,2024-04-03
"HOU",19,17,0.00256,0.00146,3.1765,0.3571,0.00703,0.0017,0.00531,0.00297,0.00428,87.5363,1.9412,7.4118,7.6304,4.2287,4.0635,-0.8472,0.00267,0.00573,0.00101,0.00355,0.00083,0.00354,2024-04-03
"BOS",23,26.1,0.00298,0.00096,0.3418,0.2258,0.00847,0.00274,0.00467,0.00258,0.00062,85.6861,0.9494,1.0253,2.4971,2.8788,2.9319,0.6012,0.00324,0.00653,0.00156,0.00433,0.00031,0.0038,2024-04-04
"NYY",23,28.1,0.00193,0.00075,0.3176,0.2651,0.00803,0.00202,0.00511,0.00285,0.00041,85.8523,1.1294,0.9529,3.3245,4.0861,3.7164,0.5799,0.00353,0.00621,0.0011,0.00368,0.00059,0.00297,2024-04-04
"DET",15,17,0.00316,0.00083,0.5294,0.1429,NA,0.00166,0.00333,0,0.00055,90.3173,0.6471,0.5294,2.6304,3.3912,2.7834,0.4739,0.00317,0.00616,0.00146,0.00383,0.00055,0.00444,2024-04-04
"PIT",22,27,0.00312,0.00062,0.6667,0.2105,0.00879,0.00101,0.00542,0.00355,0.00095,87.2339,0.7407,1.6667,2.7372,2.8948,2.4061,0.4689,0.00386,0.00583,0.00161,0.00421,0.00067,0.00271,2024-04-04
"SEA",23,25.2,0.00242,5e-04,0.7013,0.25,0.00801,0.0026,0.00391,0.00347,0.00083,88.7656,0.9351,2.1039,2.9459,3.2801,3.1108,0.4613,0.0035,0.00686,0.00123,0.00439,0.00042,0.00357,2024-04-04
"LAD",22,30,0.00236,6e-04,0.9,0.2651,0.0056,0.00261,0.00333,0.00404,0.00088,88.9849,1.1,4.2,3.6186,3.9515,3.3909,0.3991,0.00334,0.00614,0.00107,0.00452,0.00046,0.00372,2024-04-04
"PHI",25,23.2,0.0029,0,1.1408,0.4219,0.00489,0.002,0.00507,0.00283,0.00157,88.0003,1.7324,7.9859,3.5567,3.0654,3.0342,0.338,0.00349,0.00527,0.00133,0.00384,0.00074,0.00462,2024-04-04
"CLE",25,25,0.00292,0.00131,0,0.2182,0.00851,0.00222,0.0037,0.00407,NA,88.5566,1,1.44,2.6986,3.9665,3.5738,0.284,0.00317,0.00626,0.00135,0.00392,0.00018,0.00327,2024-04-04
"BAL",19,20,0.00278,0.00088,0.45,0.2553,0.00728,0.0012,0.00562,0.00312,0.00066,92.11,1,2.7,3.0186,3.4492,2.9823,0.2837,0.00316,0.00506,0.00097,0.0038,2e-04,0.00416,2024-04-04
"ARI",24,28.2,0,0.00057,0.6279,0.2105,0.0066,0.00205,0.00461,0.00333,0.00076,88.8604,0.8372,2.5116,3.2884,3.6882,3.565,0.2783,0.00321,0.00628,0.0012,0.00445,0.00076,0.0041,2024-04-04
"MIN",16,21.1,0.00296,0.00111,1.2656,0.1556,NA,0.00145,0.00354,0,0.0012,87.5745,0.8906,1.2656,4.0624,3.8551,3.3175,0.1834,0.00336,0.0064,0.001,0.0042,0.00062,0.00333,2024-04-04
"NYM",15,17.1,0.0026,0.00082,0.5192,0.3043,0.00631,0.00195,0.00478,0.00326,0.00066,87.7567,1.2115,2.0769,2.9879,3.4847,3.1874,0.1786,0.00258,0.00506,0.00103,0.00448,0.00042,0.0034,2024-04-04
"OAK",23,31.1,0.00224,0.00115,0.2872,0.314,0.00686,0.0019,0.00404,0.00404,0.00029,85.8047,1.4043,3.1596,3.5697,4.7182,4.1256,0.1427,0.00331,0.00543,0.00115,0.00398,0.00034,0.00252,2024-04-04
"ATL",16,19.1,0.002,0.00078,0.931,0.2653,0.00769,0.00176,0.00529,0.00294,0.00133,87.0098,1.0862,3.2586,3.529,3.302,3.1401,0.0932,0.0029,0.00618,0.00123,0.00481,0.00019,0.00352,2024-04-04
"CIN",23,21.1,0.00291,0.00104,2.1094,0.3137,0.00653,0.00236,0.00345,0.00418,0.00217,87.9009,1.4531,5.9063,5.328,3.8344,3.239,0.0666,0.00382,0.00645,0.00122,0.00365,0.00089,0.00392,2024-04-04
"MIL",19,22.1,0.00211,0.00066,1.209,0.2258,0.00585,0.00265,0.0037,0.00359,0.0013,89.4144,1.0299,4.4328,4.0694,3.8069,3.6657,0.0314,0.00293,0.00577,0.00097,0.00479,0.00092,0,2024-04-04
"WSN",20,19.2,0.002,0.00097,1.3729,0.3571,0.00729,0.00245,0.00403,0.0035,0.001,87.9995,1.6271,5.4915,4.3881,3.8702,3.5704,0.0287,0.0033,0.00554,0.00135,0.00416,0.00118,0.0044,2024-04-04
"TEX",18,21.1,0,0.00136,0.4219,0.2881,0.00797,0.00216,0.00416,0.00366,0.00045,88.0917,1.4531,3.375,4.2968,5.1732,4.6959,0.0101,0.00304,0.00536,0.0013,0.0037,0.00016,0,2024-04-04
"STL",21,23,0.00316,0.00091,1.5652,0.3333,0.00787,0.0014,0.00491,0.00368,0.0019,87.4613,1.3478,4.3043,3.9578,3.0124,2.7663,-0.045,0.0033,0.00653,0.00153,0.0044,6e-04,0.00362,2024-04-04
"KCR",17,15.2,0.00153,0.00089,0.5745,0.4,0.00601,0.00218,0.00381,0,0.00045,91.7602,1.9149,8.0426,4.4314,5.6248,4.6806,-0.0817,0.00291,0.00487,0.0013,0.00414,0.00089,0.00482,2024-04-04
"LAA",19,24.2,0.00161,0.001,1.4595,0.1884,0.0056,0.00191,0.00479,0.00328,0.00166,90.4506,1.0946,5.1081,5.2457,4.5394,4.5367,-0.1068,0.00317,0.00515,8e-04,0.00394,0.00123,0.00424,2024-04-04
"COL",21,27.1,0.00171,0.00148,1.3171,0.3253,0.00675,0.00183,0.00551,0.00264,0.00173,90.5591,1.8293,6.5854,5.5967,4.9066,4.9216,-0.1222,0.00245,0.00585,0.00079,0.00405,0.00057,0.00436,2024-04-04
"CHC",24,28.1,0.00207,0.00107,1.2706,0.3171,0.00676,0.00174,0.00453,0.00372,0.0012,91.8482,1.5529,5.4,4.948,4.74,4.1644,-0.171,0.00332,0,0.00117,0.00409,9e-04,0,2024-04-04
"CHW",20,18,0.00197,0.00135,1.5,0.26,0.00756,0.0015,0.00471,0.00377,0.001,91.7661,1.5,4.5,5.6075,5.0417,4.6769,-0.1939,0.00342,0.0064,0.00112,0.00419,0.00094,0.0049,2024-04-04
"TBR",19,26.1,0.00172,0.00147,1.0253,0.2692,0.00653,0.00259,0.0032,0.00419,0.00088,85.9547,1.5949,6.1519,5.3832,5.7624,5.3058,-0.2214,0.00286,0.00565,0.00101,0.00439,0.00074,0.00296,2024-04-04
"SFG",23,25.1,0.00212,0.0011,1.7763,0.3286,0,0.00226,0.00413,0.003,0.00185,91.5144,1.6184,7.4605,5.5476,4.5173,4.23,-0.2425,0.0025,0.00486,0.00106,0.0042,0.00106,0.00466,2024-04-04
"TOR",21,23.2,0.001,0,2.2817,0.2286,0.00796,0.00186,0.00346,0.00466,0.00171,87.4957,1.3099,4.9437,6.3877,5.2226,4.8596,-0.2659,0.00306,0,0.00074,0.00406,0.00078,0.00381,2024-04-04
"SDP",24,26.2,0.00211,0.00093,1.6875,0.2877,0.00617,0.00213,0.00453,0.00333,0,91.0572,1.3875,6.075,5.4686,4.3818,3.8934,-0.3616,0.0028,0.00644,0.00098,0.00415,0.00115,0.00448,2024-04-04
"MIA",23,36.2,0.00197,0.00127,1.4727,0.3303,0.0063,0.00221,0.00415,0.00362,0.00146,86.0167,1.7455,6.1364,5.3732,4.8569,4.5898,-0.4591,0.00298,0.00627,0.00103,0.00431,0.0011,0.00347,2024-04-04
"HOU",23,21,0.0026,0.00145,2.5714,0.3,0.00724,0.00181,0.00509,0.00309,0.00352,87.442,1.6667,6,6.6948,4.1469,4.0391,-0.6862,0.00271,0.00572,0.00102,0.00367,0.00071,0.00357,2024-04-04
"BOS",19,22.1,0.00272,0.00102,0,0.2182,0.00857,0.00277,0.00481,0.0024,NA,84.912,0.9403,0.403,2.2783,3.117,3.2266,0.5649,0.00322,0.00636,0.00153,0.0043,0.00018,0.00363,2024-04-05
"SEA",20,21.2,0.00268,6e-04,0.4154,0.2407,0.00795,0.0024,0.00407,0.00351,0.00052,89.7165,0.8769,1.6615,2.4802,3.1436,2.933,0.4963,0.00324,0.00695,0.00126,0.00445,0.00036,0.00381,2024-04-05
"PIT",19,23,0.00348,0.00069,0.7826,0.2708,0.00769,0.001,0.004,0,0,89.0017,0.913,2.7391,2.523,2.6454,2.2214,0.4682,0.00361,0.00558,0.0014,0.00408,0,0.003,2024-04-05
"CLE",26,25.2,0.00314,0.00133,0,0.2545,0.00838,0.00277,0.0037,0.00351,NA,88.3066,1.0909,1.7532,2.6342,3.7007,3.3711,0.4367,0.0031,0.00609,0.00146,0.00373,0.00036,0.00327,2024-04-05
"NYY",20,24.1,0.00207,0.00089,0.3699,0.209,0.00742,0.00161,0.00514,0.00323,0.00045,85.4011,0.9863,1.1096,3.5063,4.2747,3.7909,0.4106,0.00353,0.00633,0.0012,0.00379,0.00073,0.00279,2024-04-05
"NYM",23,26.1,0.00252,0.00081,0.6835,0.3,0.0064,0.00225,0.00366,0.00408,6e-04,87.424,1.2152,2.3924,3.3326,3.9319,3.3856,0.3645,0.00286,0.00558,0.00109,0.00447,0.00055,0.00361,2024-04-05
"PHI",25,23.2,0.0029,0,1.1408,0.4219,0.00489,0.002,0.00507,0.00283,0.00157,88.0003,1.7324,7.9859,3.5567,3.0654,3.0342,0.338,0.00349,0.00527,0.00133,0.00384,0.00074,0.00462,2024-04-05
"LAD",21,27,0.00247,0.00068,1,0.2838,0.00551,0.00266,0.003,0.00373,0.00107,89.3269,1.1852,4.6667,3.7372,3.7868,3.2758,0.328,0.00341,0.00632,0.00111,0.0044,0.00051,0.00389,2024-04-05
"BAL",16,17,0.00283,0.00059,0.5294,0.2683,0.00783,0.00142,0.00523,0.00333,0.00071,93.1008,0.9412,2.6471,2.8069,3.2287,2.6481,0.2924,0.00355,0.00522,0.00099,0.00396,0.00023,0.00404,2024-04-05
"ARI",20,24.2,0.00195,0.00054,0.7297,0.2239,0.0062,0.00231,0.00405,0.00362,0,89.422,0.8919,2.9189,3.4213,3.8275,3.6892,0.2606,0.00326,0.00619,0.00117,0.00442,8e-04,0.0042,2024-04-05
"DET",19,23.1,0.00277,0.00133,0.7714,0.16,0.0099,0.001,0.003,0.004,8e-04,87.9332,0.9429,1.1571,3.8615,4.1674,3.782,0.2014,0.00296,0.00611,0.0012,0.0037,0.00057,0.00346,2024-04-05
"CHC",18,23.1,0.0021,0.00084,0.7714,0.3333,0.0061,0.00154,0.00464,0.0038,0.00074,92.7826,1.4571,5.7857,3.9044,4.4572,3.7576,0.1938,0.00342,0.00603,0.00128,0.00415,0.00084,0.00535,2024-04-05
"OAK",20,25.2,0.00236,0.00122,0.3506,0.3286,0.00673,0.00191,0.00411,0.00397,3e-04,85.5076,1.4805,3.1558,3.4914,4.5005,4.0713,0.1319,0.0033,0.00535,0.00123,0.004,0.00042,0.00225,2024-04-05
"MIN",16,22.2,0.00318,0.00113,1.1912,0.1556,NA,0.0012,0.0037,0,0.0012,87.0466,0.8824,1.1912,4.0569,3.8618,3.0968,0.1169,0.00324,0.0062,0.00104,0.00406,0.00062,0.00312,2024-04-05
"LAA",15,18.1,0.0018,0.00083,0.9818,0.2157,0.00617,0.00245,0.0049,0.00264,0.00142,91.015,1.0364,3.9273,4.2005,3.8825,3.9431,0.0989,0.0035,0.00569,9e-04,0,0.00094,0.00396,2024-04-05
"ATL",16,19.1,0.002,0.00078,0.931,0.2653,0.00769,0.00176,0.00529,0.00294,0.00133,87.0098,1.0862,3.2586,3.529,3.302,3.1401,0.0932,0.0029,0.00618,0.00123,0.00481,0.00019,0.00352,2024-04-05
"MIL",19,22.1,0.00211,0.00066,1.209,0.2258,0.00585,0.00265,0.0037,0.00359,0.0013,89.4144,1.0299,4.4328,4.0694,3.8069,3.6657,0.0314,0.00293,0.00577,0.00097,0.00479,0.00092,0,2024-04-05
"TEX",14,17.1,0.00181,0.00116,0.5192,0.3,0.00789,0.00215,0.00411,0.00372,0.00052,87.2068,1.4423,3.6346,4.4302,5.2595,4.6391,-0.0018,0.0032,0.00506,0.00139,0.0037,0.00019,0.00411,2024-04-05
"CIN",21,18.1,0.0027,0.00117,1.9636,0.3261,0.00669,0.00224,0.00367,0.00408,0,87.5289,1.5818,5.8909,5.5095,4.2449,3.6335,-0.0237,0.00389,0,0.00121,0.0035,0,0.003,2024-04-05
"MIA",21,32.2,0.00179,0.00102,1.102,0.3551,0.00543,0.00192,0.00394,0.00412,0.00088,87.29,1.7755,7.1633,4.6574,5.0503,4.513,-0.0535,0.00317,0.00653,0.00086,0.00434,0.00099,0.00342,2024-04-05
"STL",23,23.2,0.00288,0.00082,1.5211,0.2807,0.00803,0.00116,0.00516,0.00366,0.00181,88.3638,1.1831,3.8028,4.0637,3.2058,2.9017,-0.0551,0.00308,0.00649,0.00141,0.00442,8e-04,0.00409,2024-04-05
"TBR",16,23,0.00177,0.00112,1.1739,0.2817,0.0064,0.0027,0.0031,0.00418,0.00096,86.2095,1.5217,6.2609,5.0882,5.3344,4.7457,-0.1474,0.00303,0.00579,0.00103,0.00454,0.00067,0.00297,2024-04-05
"KCR",17,15,0.0014,0.00098,0.6,0.34,0.00601,0.001,0.003,0.004,0.00043,94.0047,1.6667,7.2,4.752,6.0945,5.0297,-0.1566,0.00277,0.0045,0.00147,0.00426,0.00117,0.00529,2024-04-05
"SDP",20,22.2,0.00213,0.00106,1.5882,0.2903,0.00636,0.002,0.00421,0.00328,0.0019,91.562,1.4559,5.9559,5.5569,4.5976,4.0771,-0.2331,0.00278,0.00611,0.00101,0.0041,0.00121,0.00484,2024-04-05
"WSN",20,20.1,0.00242,0.00131,1.7705,0.3621,0.00802,0.00266,0.00466,0.00266,0.002,89.2739,1.8689,5.3115,5.3334,3.9097,4.0042,-0.2456,0.00308,0.00525,0.00124,0.00419,0.00145,0.00467,2024-04-05
"COL",17,21.2,0.00148,0.00168,1.6615,0.2923,0.00755,0.00173,0.00565,0.0026,0.00222,90.3238,1.8462,5.8154,6.5879,5.3848,5.5083,-0.2597,0.0023,0.00584,8e-04,0.00381,0.00072,0.0042,2024-04-05
"SFG",20,23.1,0.00215,0.00117,1.9286,0.3065,0.00666,0.002,0.004,0.00388,0.00192,91.9125,1.5429,6.5571,5.7901,4.6098,4.2491,-0.3112,0.00235,0.0048,0.00102,0.004,0.00119,0.00492,2024-04-05
"TOR",18,20.2,0.00113,9e-04,2.6129,0.2188,0.00765,0.00173,0.00362,0.00463,0.00187,87.3444,1.3548,5.6613,7.1864,5.643,5.3552,-0.3401,0.00302,0.00704,5e-04,0.00414,0.00071,0.00357,2024-04-05
"CHW",20,17,0.00178,0.00166,2.1176,0.2941,0.00547,0.00127,0.00436,0.00436,0.00166,91.1523,1.9412,6.3529,6.9833,5.9585,5.4565,-0.3946,0.00323,0.0061,0.001,0.00403,0.00109,0.00472,2024-04-05
"HOU",18,16.2,0.00259,0.00142,2.7,0.325,0.00695,0.00181,0,0.00318,0.00357,87.3756,1.74,6.48,6.8786,4.1889,4.0153,-0.5712,0.00278,0.00571,0.00102,0.00377,0.00066,0.00377,2024-04-05
"BOS",23,24.2,0.002,0,0.3649,0.2154,0.007,0.00246,0.00461,0.00292,0.00052,84.41,0.8919,0.7297,2.8132,3.396,3.1279,0.5222,0.00323,0.006,0.00141,0.00452,3e-04,0.00348,2024-04-06
"PHI",23,24,0.003,7e-04,1.125,0.322,0.00604,0.00161,0.00483,0.00354,0.00136,87.3295,1.2083,4.5,3.2186,2.9143,2.6359,0.5053,0.00354,0.00555,0.00132,0.0041,8e-04,0.00435,2024-04-06
"BAL",19,19.2,0.003,0.00053,0.4576,0.25,0.00783,0.00133,0.00533,0.00333,0.00066,92.8031,0.8136,2.2881,2.3542,2.7921,2.2282,0.4461,0.00342,0.00506,0.00102,0.0041,0.00022,0,2024-04-06
"CLE",22,21.2,0.00344,0.00133,0,0.2727,0.00851,0.00279,0.00395,0.00325,NA,89.0898,1.1077,1.6615,2.434,3.365,3.0671,0.4117,0.0031,0.00588,0.00157,0.00369,0.00045,0.00363,2024-04-06
"CHC",21,28.1,0.00244,0.00086,0.6353,0.3375,0.00621,0.00182,0.00463,0.00353,6e-04,92.2591,1.4118,5.4,3.4304,3.9874,3.4526,0.3751,0.00342,0.00629,0.00134,0.0042,0.00085,0.00512,2024-04-06
"NYM",24,25.1,0.0027,9e-04,0.7105,0.3134,0.00652,0.00246,0.00362,0.00391,0.00074,86.433,1.3026,2.1316,3.2976,3.8068,3.2832,0.3511,0.00283,0.00603,0.00108,0.00449,5e-04,0.00362,2024-04-06
"PIT",20,21.1,0.00329,0.00058,1.2656,0.3061,0.00744,0.00153,0.00403,0.00442,0.0013,90.2792,1.0781,3.7969,3.1249,2.8501,2.3219,0.2929,0.00361,0.00588,0.00151,0.00421,0.00096,0.00365,2024-04-06
"ARI",22,26.1,0.00178,0.00059,0.6835,0.2267,0.00585,0.00181,0.00441,0.00376,6e-04,89.1585,0.9494,2.7342,3.5224,4.1217,3.9309,0.2885,0.00323,0.00643,0.0012,0.00448,9e-04,0.00415,2024-04-06
"SEA",20,22,0.00218,0.00103,0.4091,0.2414,0.00752,0.00258,0.00396,0.00344,0,89.294,1.0909,2.4545,3.3095,4.0284,4.0038,0.2142,0.00309,0.00712,0.0011,0.00452,0.00033,0.00355,2024-04-06
"DET",23,26,0.00294,0.00147,0.6923,0.1667,0.00991,0.00166,0.0037,0.0046,0,87.8102,1,1.0385,3.7571,4.1424,3.8009,0.2058,0.00303,0.0059,0.00124,0.00371,0.00053,0.00339,2024-04-06
"OAK",22,24,0.00247,0.00119,0.375,0.3485,0.00664,0.00156,0.00453,0.0039,0,85.5507,1.5417,3.375,3.3853,4.3444,3.8775,0.1622,0.00336,0.0055,0.0012,0.00406,0.00044,0.002,2024-04-06
"LAD",21,30.1,0.0021,0.00085,1.1868,0.25,0.00586,0.00197,0.00383,0.00418,0.00111,90.1074,1.1868,4.4506,4.4384,4.434,3.9249,0.1269,0.00327,0.00632,0.00102,0.00441,0.00079,0.00386,2024-04-06
"NYY",18,22.2,0.00212,9e-04,0.7941,0.2344,0.0068,0.00212,0,0.00287,0.00105,85.6378,1.1471,2.3824,4.101,4.1616,3.7395,0.1181,0.00336,0.00636,0.00112,0.00375,0.00075,0.00287,2024-04-06
"MIN",16,22.2,0.00318,0.00113,1.1912,0.1556,NA,0.0012,0.0037,0,0.0012,87.0466,0.8824,1.1912,4.0569,3.8618,3.0968,0.1169,0.00324,0.0062,0.00104,0.00406,0.00062,0.00312,2024-04-06
"ATL",17,21.1,0.0019,0.00095,0.8438,0.2241,0.00841,0.00166,0,0.00333,0,85.0268,1.0781,2.5313,4.0624,4.1943,4.0935,0.02,0.00309,0.00607,0.00111,0.00444,0.00016,0.00266,2024-04-06
"MIL",19,22.2,0.00208,0.00062,1.1912,0.2727,0.00588,0.00235,0.00426,0.00338,0.0013,89.7096,1.1912,5.1618,4.101,3.8423,3.5855,-0.0094,0.00296,0.00562,0.00097,0.00478,8e-04,0.00405,2024-04-06
"STL",21,21,0.00261,9e-04,1.2857,0.2963,0.00789,0.0012,0.00517,0.00357,0.001,88.6763,1.2857,3.8571,4.0282,3.5432,3.2744,-0.0146,0,0.0062,0.00128,0.00439,7e-04,0.00421,2024-04-06
"COL",20,23.2,0.0018,0.00144,1.1408,0.3333,0.0067,0.00243,0.00554,0.00202,0,89.6694,1.8169,6.0845,5.2046,4.4698,4.6433,-0.0793,0.00241,0.00585,0.00089,0.00378,0.00053,0.00386,2024-04-06
"KCR",21,17.2,0.00158,0.0012,0.5094,0.3455,0.00664,0.00181,0.00381,0.00436,0.00041,92.7218,1.6981,6.1132,4.6903,5.9117,5.0754,-0.0958,0.00268,0.00426,0.00146,0.00404,0.00107,0,2024-04-06
"TEX",16,18.2,0.0018,0.0012,0.9643,0.283,0.00808,0,0,0,9e-04,87.4539,1.4464,3.8571,5.0936,5.3988,4.7279,-0.1121,0.00304,0.0049,0.00141,0.00376,0.00036,0.00418,2024-04-06
"CIN",24,21.1,0.00272,0.00141,2.1094,0.2941,0.00689,0.00218,0.00345,0.00436,0.00208,87.4492,1.5938,5.9063,5.9843,4.5582,3.9586,-0.1594,0.00365,0.00585,0.0012,0.00348,0.00107,0.00339,2024-04-06
"SDP",20,21.2,0.00197,0.00104,1.2462,0.2542,0.00659,0.00216,0.00466,0.00316,0.00157,91.2986,1.2923,4.9846,5.3417,4.8051,4.1729,-0.1904,0.00279,0.00614,0.00094,0.00398,0.00096,0,2024-04-06
"CHW",23,20,0.00218,0.00166,1.8,0.2909,0.00559,0.00152,0.00423,0.00423,0.001,90.6952,1.8,5.85,6.1186,5.3196,4.952,-0.2077,0.00311,0.00614,0.00116,0.00404,0.00101,0.00474,2024-04-06
"LAA",18,22.2,0.0016,8e-04,1.5882,0.2063,0.00654,0.002,0.00522,0.00268,0.00222,91.1431,1.1029,4.7647,5.5128,4.3628,4.1474,-0.2244,0.003,0.00597,0.00089,0.00399,0.00104,0.00417,2024-04-06
"SFG",19,22.1,0.00252,0.00131,1.6119,0.3158,0.00646,0.00229,0.00409,0.0036,0.00181,91.1838,1.5672,6.4478,5.0545,4.1453,3.9982,-0.2419,0.00243,0.00494,0.00116,0.00438,0.00114,0.00508,2024-04-06
"MIA",18,25.2,0.00157,0.00118,1.4026,0.3563,0.00528,0.0019,0.00404,0.00404,0.00111,87.3457,1.9481,8.0649,5.5563,5.5511,4.9947,-0.2513,0.0033,0.0062,0.00079,0.00418,0.00098,0.0034,2024-04-06
"WSN",23,23.1,0.00241,0.00169,1.5429,0.3387,0.00833,0.002,0.00484,0.00265,0.00235,87.7834,1.8857,4.6286,5.5758,4.3969,4.6202,-0.3008,0.00302,0.00526,0.00125,0.004,0.00136,0.00439,2024-04-06
"TOR",21,21.1,0.00147,9e-04,2.5313,0.1967,0.00909,0.00136,0.00318,0.00545,0.00166,88.6885,1.2188,4.2188,6.7811,5.5562,5.0951,-0.3167,0.00265,0.0067,5e-04,0,0.00074,0.00388,2024-04-06
"HOU",17,18.2,0.0022,0.00112,2.4107,0.2708,0.007,0.00245,0.00415,0.00339,0.00277,87.5307,1.4464,5.7857,6.2186,4.1258,4.0312,-0.4898,0.00252,0.00537,0.00098,0.00392,0.00075,0.00377,2024-04-06
"TBR",18,23.1,0.00189,0.00137,2.3143,0.3143,0.00585,0.00276,0.00289,0.00434,0.00181,87.7871,1.8857,9.2571,6.9901,5.6848,4.9767,-0.6843,0.003,0.00586,0.00112,0.00427,0.00118,0.00315,2024-04-06
"PHI",21,22.1,0.00337,0.00078,0.403,0.2745,0.00631,0.00134,0.00519,0.00346,0.00055,86.9734,0.9851,2.8209,2.0545,2.6336,2.3798,0.7023,0.00316,0.00561,0.001,0.00428,0.00096,0.00384,2024-04-07
"CHC",21,28.1,0.00274,0.00096,0.3176,0.3243,0.00673,0.00173,0.00453,0.00373,0.00035,91.4678,1.3059,3.8118,2.8657,3.8307,3.2789,0.5351,0.00296,0.00604,0.00122,0.00422,0.00066,0.00506,2024-04-07
"BOS",21,25,0.002,0,0.36,0.1905,0.0074,0.00158,0.00476,0.00365,0.00043,85.6087,0.84,0.36,2.8586,3.6641,3.2003,0.4337,0.00349,0.006,0.00136,0.0042,0.00031,0.00328,2024-04-07
"OAK",19,21.2,0.00296,0.0012,0,0.3269,0.00758,0.001,0,0.003,NA,86.8303,1.2923,1.6615,2.3879,3.5183,3.3262,0.431,0.00303,0.0056,0.00122,0.00423,0.00038,0.00192,2024-04-07
"BAL",22,21.2,0.0032,0.00074,0.4154,0.2174,0.00852,0.00127,0.00553,0.00319,0.00066,89.7323,0.7846,0.8308,2.5263,2.9238,2.4249,0.4038,0.00313,0.0053,0.00091,0.00441,0.00021,0.00404,2024-04-07
"ARI",22,23.2,0.0017,0.00031,0.3803,0.2838,0.0055,0.00186,0.00466,0.00346,0.00038,88.9961,1.0563,2.662,2.7961,3.8296,3.6489,0.4011,0.00333,0.00659,0.00124,0.00464,0,0.00413,2024-04-07
"PIT",21,23,0.00319,0.00074,1.1739,0.2963,0.00596,0.00105,0.00438,0.00456,0.00115,90.974,1.1304,4.6957,3.2186,3.1517,2.5839,0.3515,0.00341,0.00563,0.00141,0.00426,7e-04,0.00368,2024-04-07
"CLE",25,22.2,0.00295,0.00153,0,0.26,0.0087,0.00244,0.00469,0.00285,NA,88.7514,1.2353,1.5882,3.1745,4.0644,3.806,0.3489,0.00294,0.00632,0.00146,0.00363,0,0.003,2024-04-07
"DET",20,22.2,0.00326,0.00152,0.7941,0.2,0.00948,0.00177,0,0.00422,0.00105,85.5541,1.1029,1.5882,3.7039,3.7646,3.5257,0.1796,0.00322,0.00608,0.00127,0.00373,0.00042,0.00276,2024-04-07
"LAD",20,29.1,0.00241,0.00083,1.2273,0.2632,0.00714,0.00202,0.00417,0.00379,0.00133,88.2277,1.1591,3.6818,4.1391,3.8399,3.4917,0.1493,0.00318,0.0062,8e-04,0.0043,0.00062,0.003,2024-04-07
"ATL",15,17.2,0.00194,0.00097,0.5094,0.2041,0.00795,0.001,0.00469,0.00428,0.00047,86.3828,1.0189,2.5472,3.7281,4.7048,4.217,0.1383,0.00326,0.0062,0.00119,0.0046,0,0.003,2024-04-07
"KCR",20,16.2,0.00183,0.00126,0.54,0.3125,0.00762,0.00166,0.00416,0.00416,0,93.1386,1.5,3.78,4.0586,5.0075,4.7867,0.1122,0.00246,0.00478,0.00121,0.00429,0.00081,0.0051,2024-04-07
"MIN",14,22,0.00309,0.00095,1.2273,0.1556,NA,0.0012,0.00395,0.00479,0.0013,85.4231,0.8182,1.2273,3.9914,3.7249,2.9436,0.0962,0.00326,0.0063,0.00108,0.00421,0.00062,0.002,2024-04-07
"STL",20,19,0.00219,0.00068,0.9474,0.22,0.00855,9e-04,0.00568,0.00333,0.00117,86.972,0.9474,2.3684,3.6923,3.613,3.3274,0.0589,0.00306,0.00698,0.00103,0.00471,0.00096,0.00365,2024-04-07
"MIL",17,21.1,0.00238,0.00079,1.2656,0.25,0.0062,0.00224,0.0043,0.00344,0.001,88.5388,1.125,4.6406,4.203,3.7256,3.4456,0.044,0.00302,0.00545,0.00096,0.00459,0.00101,0.00406,2024-04-07
"SFG",17,21.1,0.00244,0,0.8438,0.3158,0.00725,0.00254,0.00355,0.00389,8e-04,89.7635,1.3594,4.2188,3.6405,3.9751,3.7002,0.0283,0.00256,0.00477,0.00115,0.00424,0.00101,0.00474,2024-04-07
"NYM",21,24.1,0.002,0.00107,1.1096,0.3182,0.0054,0.00235,0.00323,0.00441,0,85.2074,1.4795,4.4384,4.3693,4.5428,3.7758,0.0223,0.00282,0.00598,0.00101,0.00446,0.00072,0.00333,2024-04-07
"TEX",18,20,0.00188,0.00111,0.9,0.2759,0.00815,0.00183,0,0.00416,0,87.9365,1.4,3.6,4.7686,5.2696,4.5058,0,0.00328,0.00544,0.0013,0.00369,0.00033,0.00366,2024-04-07
"SDP",19,19.1,0.00192,0.00132,0.4655,0.2,0.00742,0.00265,0.00469,0.00265,0.00076,89.2282,1.1379,2.7931,4.7186,5.015,4.5921,-0.0603,0.00296,0.00578,0.00102,0.00376,0.00039,0.0045,2024-04-07
"SEA",20,21,0.00176,0.00117,0.8571,0.2069,0.00754,0.00233,0.00416,0.003,0.00095,89.0671,1.1429,3.4286,4.4567,4.6594,4.6914,-0.0608,0.0028,0.00729,0.00101,0.00444,0,0.00366,2024-04-07
"CIN",22,21,0.00225,0.00139,1.7143,0.2407,0.0074,0.0019,0.0038,0.00421,0.00166,88.2441,1.4286,4.2857,5.6948,4.8652,4.4633,-0.0722,0.00333,0.00591,0.00102,0.0037,0.00086,0.00327,2024-04-07
"COL",19,22.1,0.00178,0.00116,1.6119,0.3733,0.0053,0.0023,0.00551,0.00217,0.00235,89.7581,2.0149,9.2687,5.5022,4.2706,4.2315,-0.0912,0.00243,0.00571,8e-04,0.0039,0.00075,0.00405,2024-04-07
"HOU",16,16,0.0021,0.00105,1.125,0.38,0.00648,0.00346,0.00346,0.00307,0.0012,87.8931,1.8125,6.75,4.3436,4.1594,4.1293,-0.1008,0.00266,0.00592,0.00104,0.00393,0.00096,0.00365,2024-04-07
"NYY",20,24.1,0.00185,0.00106,1.1096,0.2703,0.00621,0.00207,0.00454,0.00337,0.00115,86.7521,1.4384,4.4384,4.9447,4.8814,4.369,-0.1104,0.00316,0.00628,9e-04,0.00378,9e-04,0.00363,2024-04-07
"LAA",17,22.2,0.00154,0.00083,1.1912,0.1207,0.00949,0.00163,0.0054,0.00295,0.00166,90.384,0.75,1.9853,5.1157,4.5392,4.2172,-0.1129,0.0036,0.00595,0.001,0.00394,0.00114,0.00393,2024-04-07
"CHW",20,16.2,0.00258,0.00188,1.62,0.3636,0.00616,0.0023,0.0038,0.0038,0.00166,89.89,2.1,5.94,5.7986,5.0146,4.8357,-0.1586,0.00293,0.00564,0.00126,0.00393,0.00085,0.00489,2024-04-07
"MIA",17,23.2,0.00141,0.00123,1.5211,0.3205,0.0059,0,0.0042,0.0037,0.00133,87.7533,1.8169,6.8451,5.9651,5.5942,5.2457,-0.255,0.00332,0.00681,0.00076,0.00405,0.00097,0.00329,2024-04-07
"WSN",22,21.2,0.00224,0.00177,1.6615,0.3667,0.00862,0.00225,0.00532,0.00241,0.00266,86.6801,2.0769,4.5692,6.034,4.6315,4.8684,-0.3342,0.00285,0.00551,0.0011,0.004,0.0014,0.0039,2024-04-07
"TOR",20,24.1,0.00158,0.00118,2.589,0.1818,0.00943,0.00164,0.00328,0.00506,0.00189,88.7515,1.274,4.0685,7.1227,5.5737,5.1949,-0.4422,0.00242,0.00643,0.00051,0.00428,0.00095,0.00383,2024-04-07
"TBR",18,25,0.00181,0.00132,2.52,0.2973,0.00591,0.00246,0.0028,0.00469,0.00184,88.0416,1.8,9,7.2586,5.8086,5.0518,-0.7639,0.00274,0.00611,0.001,0.0043,0.00123,0.0032,2024-04-07
"BAL",21,20.1,0.00316,0.00075,0.4426,0.2391,0.00738,0.0017,0.00489,0.0034,0.00062,88.8351,0.8852,1.3279,2.4318,2.9261,2.5564,0.4835,0.0031,0.0051,8e-04,0.00456,0.00021,0.00425,2024-04-08
"PHI",19,22,0.00287,9e-04,0.4091,0.2264,0.00663,0.00166,0.00481,0.00351,0.00052,86.3721,0.9545,2.4545,2.6277,3.2811,3.0471,0.4303,0.00323,0.00597,0.00114,0.00421,0.00111,0.00388,2024-04-08
"STL",19,19.1,0.00205,0.00051,0,0.2807,0.00761,0.00142,0.00553,0.00303,NA,88.0774,1.0345,1.8621,2.3393,3.6062,3.2426,0.4116,0.00357,0.00692,0.00113,0.00477,0.00052,0.00333,2024-04-08
"OAK",19,23.2,0.00273,0.00105,0.3803,0.2931,0.00864,0.00155,0.00482,0.00362,0.00047,87.3647,1.1831,1.5211,2.8384,3.5675,3.368,0.3931,0.00312,0.00578,0.00116,0.00417,5e-04,0.00254,2024-04-08
"CHC",20,28.1,0.00258,0.00104,0.3176,0.3067,0.00647,0.00157,0.00473,0.00368,0.00035,90.9543,1.3059,4.1294,3.1128,4.0777,3.5402,0.3861,0.00281,0.00572,0.00115,0.00423,0.00105,0.0046,2024-04-08
"CLE",21,19.2,0.00313,0.00144,0,0.2439,0.00884,0.00243,0.00487,0.00268,NA,90.7231,1.1186,1.3729,3.0152,3.8211,3.4843,0.3774,0.00308,0.00638,0.0015,0.00349,0.00073,0.00414,2024-04-08
"PIT",18,20,0.00277,0.00072,0.9,0.3077,0.0056,0.00092,0.00444,0.0046,0,90.4681,1.2,4.95,3.1186,3.6196,2.9985,0.3731,0.00362,0.00626,0.00125,0.0042,0.00055,0.00351,2024-04-08
"BOS",19,24,0.002,0,0.75,0.2222,0.00732,0.00187,0.00437,0.0037,0.00083,84.7555,1,1.125,3.4686,3.8261,3.344,0.3422,0.00353,0.006,0.0013,0.00406,0.00061,0.00276,2024-04-08
"ARI",21,22.2,0.00173,0.00032,0.7941,0.2676,0.00471,0.00219,0.00438,0.00342,0,89.0885,1.0588,3.5735,3.351,3.793,3.6527,0.2613,0.00342,0.0066,0.0013,0.0045,0.00082,0.00397,2024-04-08
"DET",19,22.2,0.0027,0.00145,0.3971,0.2593,0.00909,0.0028,0.00358,0.00358,0.00052,86.4061,1.2794,1.5882,3.4833,4.1175,4.02,0.2505,0.00333,0.00614,0.00136,0.00382,0.00036,0.0029,2024-04-08
"SFG",15,17.1,0.00304,0.00072,1.0385,0.2927,0.00802,0.0018,0.00395,0.00418,0.00111,88.3622,1.0962,3.1154,3.1609,3.1571,2.7142,0.2092,0.00282,0.00521,0.00126,0.00433,9e-04,0.00441,2024-04-08
"MIN",10,15.1,0.0035,0.00105,0.587,0.1429,NA,0.00103,0.00413,0.00482,0.00071,82.6066,0.7174,0.587,3.023,3.4906,2.6415,0.1875,0.00304,0.00684,0.0011,0.00445,0.00034,0.00172,2024-04-08
"KCR",22,19,0.00195,0.0012,0.4737,0.3333,0.00804,0.00166,0.00388,0.00444,0.00041,91.8098,1.5263,3.3158,3.9555,5.0912,4.6011,0.171,0.00245,0.00487,0.00111,0.00424,0.00072,0.00454,2024-04-08
"ATL",15,18.2,0.00194,0.00097,0.4821,0.1429,0.00958,0.00061,0.0044,0.00489,0.00041,84.6381,0.8036,0.9643,3.7008,4.8567,4.272,0.1363,0.00341,0.00597,0.00126,0.00438,0,0.002,2024-04-08
"TEX",17,17,0.00228,0.00071,1.0588,0.2444,0.0093,0.00191,0.00319,0.00489,8e-04,88.6049,1.0588,2.1176,4.101,4.5208,3.6795,0.1216,0.00353,0.00585,0.0012,0.00367,0.00042,0.00361,2024-04-08
"WSN",21,21.1,0.002,0.001,0.8438,0.3148,0.00852,0.00166,0.00555,0.00277,0.00133,87.3041,1.7813,3.375,4.7655,4.5598,4.8361,0.1127,0.00286,0.005,0.00108,0.00421,0.00142,0.0041,2024-04-08
"CIN",20,21,0.00204,0.00113,1.2857,0.2281,0.00733,0.00169,0.00389,0.0044,0.00115,87.4499,1.2381,3.4286,4.7901,4.7167,4.367,0.1015,0.0032,0.00568,0.00091,0.00373,0.00083,0.00316,2024-04-08
"LAD",19,30.1,0.00201,0.00064,1.4835,0.25,0.00689,0.00168,0.00415,0.00415,0.00135,87.7656,1.1209,4.1538,4.7022,4.3167,3.7665,0.0202,0.00323,0.00653,0.00071,0.00452,0.00067,0.00348,2024-04-08
"NYM",22,23.1,0.00269,0.00115,1.1571,0.2586,0.0052,0.00166,0.00333,0,0,83.605,1.2857,3.8571,4.4186,4.5996,3.6893,-0.0584,0.00281,0.0062,0.001,0.00446,8e-04,0.00311,2024-04-08
"NYY",20,25.1,0.0018,0.00103,1.0658,0.2368,0.00579,0.00177,0.00417,0.00405,0.00093,85.9063,1.3026,4.2632,4.995,5.2754,4.4846,-0.0886,0.00303,0.0062,0.00082,0.00385,0.00075,0.00367,2024-04-08
"SEA",21,21.2,0.00202,0.00134,1.2462,0.1786,0.00673,0.0022,0.00406,0.00372,0.00136,87.6465,1.1538,4.5692,5.0186,4.6816,4.6468,-0.1031,0.0027,0.00651,0.00102,0.00408,5e-04,0.00305,2024-04-08
"SDP",19,17,0.00184,0.00144,0.5294,0.2174,0.00731,0.00266,0.00466,0.00266,0.00083,88.3959,1.2941,2.1176,4.9833,5.2356,4.8872,-0.1054,0.00276,0.00644,0.00088,0.0037,0.00042,0.00446,2024-04-08
"COL",19,22.1,0.00173,0.0013,1.6119,0.3816,0.0056,0.00227,0.0055,0.00215,0.00235,90.8864,2.1493,9.2687,5.7709,4.5392,4.496,-0.1224,0.00231,0.00539,0.00087,0.00378,7e-04,0.004,2024-04-08
"MIL",16,20.1,0.00247,0.00094,1.7705,0.2353,0.0056,0.00222,0.00444,0.00333,0.00222,88.1364,1.1803,5.7541,5.0383,3.7563,3.5144,-0.1764,0.00284,0.00576,0.00095,0.00459,0.00127,0.00381,2024-04-08
"MIA",18,21.2,0.00148,0.00118,1.6615,0.3333,0.00639,0.00191,0.00438,0.00369,0.00148,89.9153,1.8,7.0615,6.034,5.4294,5.0616,-0.178,0.0032,0.00712,0.00074,0.00434,0.00109,0.00369,2024-04-08
"HOU",16,15.2,0.00154,0.00112,1.1489,0.32,0.00603,0.00307,0.00346,0.00346,0.00111,89.1813,1.6596,6.8936,5.0059,5.0016,4.9529,-0.206,0.0024,0.00577,0.00093,0.00395,0.00096,0.00384,2024-04-08
"LAA",19,22.2,0.00157,0.00094,1.5882,0.2222,0.00669,0.0019,0.00537,0.00268,0.00222,89.3418,1.1912,5.5588,5.9098,4.7598,4.3001,-0.2582,0.00324,0,0.00095,0.00386,0.00119,0.00432,2024-04-08
"TOR",21,24.2,0.00177,0.0013,2.1892,0.2647,0.00844,0.00189,0.00364,0.00445,0.00181,89.2468,1.5405,4.7432,6.543,5.3083,4.9756,-0.2802,0.00236,0.00607,0.00057,0.00417,0.00135,0.00405,2024-04-08
"CHW",18,15.1,0.00215,0.00202,2.3478,0.3333,0.00563,0.00239,0.00347,0.0041,0.0021,88.7782,2.2174,7.0435,7.523,5.917,5.6264,-0.5469,0.00293,0.00544,0.0013,0.00367,0.00108,0.0041,2024-04-08
"TBR",18,20,0.00181,0.00131,2.25,0.3443,0.00617,0.00212,0.00378,0.00409,0.00185,89.638,1.95,9,6.9186,5.6136,4.8861,-0.6395,0.00294,0.0059,0.0012,0.00412,9e-04,0.00363,2024-04-08
"PHI",17,21,0.0025,0.00072,0.4286,0.2364,0.00698,0.0016,0.00446,0.00392,0.00045,88.4389,0.9524,2.5714,2.6948,3.5851,3.2249,0.5101,0.00317,0.00602,0.00087,0.00433,0.0012,0.00392,2024-04-09
"PIT",18,19,0.002,0.00062,0.4737,0.3148,0.00555,0.00109,0.00527,0.00363,0,90.7503,1.2105,4.2632,2.5871,3.4194,3.0372,0.4813,0.00372,0.00587,0.0012,0.0042,0.00054,0,2024-04-09
"OAK",17,17.1,0.00263,0.00097,0.5192,0.3556,0.0088,0,0.00511,0.00288,0.00076,85.8062,1.3846,1.5577,2.9879,3.3184,3.267,0.3177,0.0032,0.00597,0.00122,0.00402,0.00021,0.00239,2024-04-09
"BAL",18,16.2,0.00333,0.00079,0.54,0.2,0.00714,0.00194,0,0.00305,9e-04,88.6616,0.78,1.08,2.5586,2.7295,2.41,0.3069,0.00288,0.00523,0.00086,0.0046,0.00027,0.00444,2024-04-09
"CLE",21,18.1,0.00298,0.00129,0,0.2,0.00863,0,0.0057,0.0022,NA,89.1738,0.9818,1.4727,3.0005,3.7077,3.2932,0.2986,0.00315,0.00597,0.00156,0.00347,0,0.003,2024-04-09
"BOS",18,21,0.00244,0.00088,0.8571,0.2321,0.0072,0.0019,0.00438,0.00368,0.00095,85.7897,1.0952,1.2857,3.7901,3.9927,3.5088,0.2895,0.00367,0.00655,0.00133,0.00387,6e-04,0.00293,2024-04-09
"STL",21,20.2,0.00197,0.00058,0.4355,0.2903,0.0072,0.0012,0.00548,0.00322,0,88.4729,1.1613,2.6129,3.0735,3.8387,3.4489,0.275,0.00363,0.00697,0.00114,0.00476,0.00079,0.00317,2024-04-09
"WSN",20,21.2,0,0.00166,0.8308,0.2174,0.00991,0.00229,0,0.0027,0.00153,86.5861,1.2462,1.2462,4.0033,3.6677,3.9493,0.256,0.003,0.00588,0.00123,0.00428,0.00083,0.00354,2024-04-09
"KCR",18,15.2,0.00212,0.00151,0,0.3171,0.00833,0.0017,0.0037,0.004,NA,90.9302,1.4681,2.2979,3.5378,5.1931,4.8269,0.2438,0.00244,0,0.001,0.0041,0.00073,0.0039,2024-04-09
"LAD",19,29.1,0.00215,6e-04,1.2273,0.2308,0.00708,0.00182,0.0039,0.00426,0.00114,87.5727,0.9886,3.6818,4.2073,4.1536,3.5814,0.2081,0.00323,0.00655,0.00067,0.00458,0.00073,0.00329,2024-04-09
"NYM",23,25.2,0.0028,0.00139,0.7013,0.3065,0.00635,0.00222,0.00269,0.00507,0.00062,85.2028,1.4416,4.5584,3.7641,4.5474,3.8521,0.1993,0.00284,0.0068,0.00125,0.00424,0.00093,0.00343,2024-04-09
"SFG",16,20.1,0.00261,0.00107,0.8852,0.28,0.00862,0.00153,0.00461,0.00384,0,87.6464,1.2295,2.6557,3.8088,3.9472,3.5462,0.1901,0.0027,0.00547,0.00112,0.00418,0.00096,0.00461,2024-04-09
"MIA",15,21,0.00184,8e-04,0.8571,0.3281,0.0065,0.0019,0.00439,0.00363,0.00083,89.4196,1.4762,5.1429,4.1234,4.5319,4.1696,0.1186,0.00308,0.00695,0.00073,0.00453,9e-04,0.00363,2024-04-09
"CHC",22,28.1,0.00259,0.00114,0.9529,0.3289,0.00574,0.00177,0.00468,0.00354,0.00107,91.9744,1.5176,5.7176,4.101,4.1483,3.6495,0.0917,0.00279,0.00572,0.00113,0.0041,0.00126,0.0051,2024-04-09
"MIN",14,19.1,0.00324,9e-04,1.3966,0.225,NA,0.00162,0.00372,0.00465,0.001,84.8696,0.9828,1.8621,4.0462,3.5194,2.7387,0.0385,0.00306,0.00675,0.00111,0.00451,0.00046,0.00209,2024-04-09
"TEX",18,19.2,0.00209,0.00049,1.3729,0.2727,0.00808,0.00241,0.00362,0.00396,0.0013,88.6688,1.1186,3.661,4.3881,4.09,3.5331,0.0343,0.00352,0.00555,0.00122,0.00382,0.00034,0.00379,2024-04-09
"SDP",19,18,0.00181,0.00155,0,0.2083,0,0.00191,0.00531,0.00276,NA,89.5076,1.2222,3,4.1631,5.2036,5.0197,0.025,0.00247,0.00597,9e-04,0.00387,2e-04,0.00437,2024-04-09
"ARI",20,19.1,0.00209,0.00058,1.3966,0.3333,0.0042,0.0019,0.00428,0.0038,0.0012,90.4369,1.4483,6.0517,4.1497,3.9209,3.5653,-0.0341,0.00358,0.00651,0.00133,0.00431,0.00111,0.00428,2024-04-09
"DET",18,22,0.00244,0.00148,0.8182,0.2642,0.00924,0.00301,0.00415,0.0028,0.00133,87.4076,1.3636,2.0455,4.4914,4.2919,4.3108,-0.0574,0.00322,0.00574,0.00121,0.00379,0.00054,0.00363,2024-04-09
"HOU",20,24.1,0.00158,0.00089,0.7397,0.2703,0.00673,0.00236,0.00368,0.00394,0.00066,89.1431,1.274,4.4384,4.0816,4.7894,4.6215,-0.0865,0.00253,0.00594,9e-04,0.00407,0.00065,0.00394,2024-04-09
"SEA",19,21,0.00195,0.00137,0.8571,0.2,0.00646,0.00228,0.00421,0.0035,0,86.9303,1.1905,4.7143,4.6948,4.8289,4.7536,-0.1138,0.00275,0.00678,0.00091,0.00405,0.00035,0.0028,2024-04-09
"NYY",18,22,0,0.001,1.2273,0.2381,0.00539,0.00166,0.00454,0.00378,0.001,85.2509,1.3182,4.5,5.0823,4.9468,4.2926,-0.132,0.00289,0.006,0.00085,0.0039,0.00075,0.00333,2024-04-09
"CIN",19,19.2,0,0.00105,1.8305,0.2037,0.00721,0.0019,0.0035,0.00456,0.00153,88.7811,1.2203,4.5763,5.6593,4.92,4.3685,-0.1522,0.00341,0.00564,0.001,0.00354,0.00103,0.00344,2024-04-09
"COL",21,23.2,0.00184,0.00159,1.5211,0.3378,0.00589,0.00233,0.00506,0.00259,0,90.5462,2.0282,8.3662,5.9651,4.9855,5.0381,-0.1653,0.00226,0.00512,0.00087,0.00366,0.00076,0.00461,2024-04-09
"TOR",20,24.1,0.00207,0.00122,2.2192,0.2923,0.00878,0.00197,0.00352,0.0045,0.00187,91.1913,1.5616,4.4384,6.2186,4.9078,4.4897,-0.2247,0.00241,0.00603,0.00067,0.0042,0.0016,0.00436,2024-04-09
"ATL",17,19.2,0.0016,0.00098,1.3729,0.1964,0.00904,6e-04,0.00465,0.00465,0.00111,87.8927,1.1186,2.7458,5.2525,5.2475,4.6944,-0.2488,0.003,0.00592,0.00109,0.00435,5e-04,0.0032,2024-04-09
"MIL",20,24.2,0.00242,0.00087,2.1892,0.2258,0.00648,0.002,0.00462,0.00328,0.00272,88.8384,1.1757,5.473,5.57,3.6928,3.4537,-0.3,0.00267,0.00582,9e-04,0.00453,0.00117,0.00397,2024-04-09
"LAA",16,18.2,0.00134,0.00085,1.9286,0.25,0.00598,0,0,0,0.00222,88.7544,1.3393,7.2321,6.5936,5.1972,4.5882,-0.3494,0.00289,0.00585,0.00091,0.0042,0,0.004,2024-04-09
"TBR",17,19.2,0.00197,0.00135,1.8305,0.3833,0.0061,0.00218,0.00453,0.00328,0.0019,89.7301,2.0339,8.6949,5.9136,4.8079,4.6367,-0.4696,0.00291,0.00583,0.00113,0.00395,0.00078,0.0037,2024-04-09
"CHW",18,17.1,0.00195,0.00172,2.0769,0.34,0.00668,0.00277,0.00388,0.00333,0.00222,85.999,2.0769,5.1923,7.0263,5.5225,5.3127,-0.6366,0.00279,0.00597,0.00118,0.00397,0.00074,0.00314,2024-04-09
"CLE",22,20.1,0.00317,0.00109,0,0.2326,0.00869,0.00238,0.00523,0.00238,NA,88.3634,0.9344,1.3279,2.5793,3.2879,2.8956,0.4294,0.00337,0.00573,0.00163,0.0036,0.00046,0.00302,2024-04-10
"KCR",20,18.2,0.0023,0.00128,0,0.3265,0.00851,0.0027,0.0037,0.00354,NA,88.7026,1.3929,1.9286,3.0579,4.37,4.2159,0.4272,0.00305,0.00551,0.00099,0.00393,4e-04,0.00285,2024-04-10
"STL",22,21.2,0.00239,0.00076,0.4154,0.3115,0.00751,0.00163,0.0054,0.00295,0.00055,87.023,1.2462,2.4923,2.8956,3.4925,3.2077,0.3736,0.00368,0.00684,0.00136,0.00461,8e-04,0.00338,2024-04-10
"PIT",20,20,0.0023,0.00067,0.45,0.339,0.00507,0.00133,0.00533,0.00333,0,89.9075,1.35,5.85,2.9686,3.7594,3.2001,0.359,0.00357,0.0055,0.00118,0.004,0,0.00383,2024-04-10
"PHI",17,18,0.00257,0,0.5,0.2045,0.00833,0.00177,0.00377,0.00444,0,89.3224,0.9444,2,3.1075,3.9861,3.5721,0.3311,0.00304,0.00585,0.00092,0.0044,0.00133,0.00422,2024-04-10
"BAL",17,14.2,0.00345,0.00072,0.6136,0.1935,0.0062,0.00187,0.00468,0.00343,9e-04,85.8903,0.75,1.2273,2.3323,2.5265,2.2651,0.326,0.00281,0.00563,0.00088,0.00511,0.00031,0.00406,2024-04-10
"WSN",25,26.2,0.00274,0.0015,0.675,0.2698,0.00933,0,0.00553,0.00246,0.0012,87.8881,1.35,1.35,3.7811,3.6706,3.8608,0.3157,0.00321,0.00628,0.00115,0.0044,0.00061,0.00338,2024-04-10
"NYM",25,28.2,0.00291,0.0012,0.6279,0.3143,0.00637,0.00197,0.00323,0.00478,0.00058,84.4293,1.3953,4.3953,3.4279,4.2298,3.5668,0.2781,0.00291,0.00708,0.0012,0.00435,0.00083,0.00305,2024-04-10
"BOS",15,18.2,0.00213,0.00067,0.9643,0.3333,0.0062,0.00193,0.00451,0.00354,9e-04,87.2124,1.5,2.8929,3.8615,4.1667,3.5741,0.2326,0.00339,0.00629,0.00121,0.00382,0.00048,0.00354,2024-04-10
"CHC",24,29.2,0.00295,0.00113,0.9101,0.3108,0.00555,0.00168,0.0048,0.0035,0.00111,91.3031,1.382,5.1573,3.522,3.5186,3.252,0.2072,0.00273,0.0056,0.00115,0.00388,0.00129,0.00493,2024-04-10
"HOU",23,26.2,0.00172,9e-04,0.3375,0.2625,0.00686,0.00234,0.0037,0.00395,0.00031,88.9189,1.2,3.375,3.4061,4.6475,4.4566,0.1854,0.00262,0.00572,0.00091,0.0039,0.00061,0.00395,2024-04-10
"SFG",16,19,0.00209,0.00074,0.9474,0.283,0.00775,0.00181,0.00418,0,9e-04,86.6994,1.2105,3.7895,4.2186,4.5185,3.7636,0.1314,0.00278,0.0053,0.00091,0.0042,0.00072,0.00418,2024-04-10
"SDP",19,21,0.00223,0.00105,0.4286,0.2264,0.0067,0.00203,0,0.00296,0.00062,89.8635,1.0476,2.5714,3.7424,4.2211,3.8361,0.1184,0.0029,0.00635,0.00097,0.00448,0.00018,0.00425,2024-04-10
"OAK",14,16.1,0.00215,0.00076,1.102,0.25,0.00986,0.00111,0.00533,0.00355,0.0012,85.7071,1.102,1.6531,4.0146,3.8341,3.5649,0.1077,0.00321,0.00615,8e-04,0.00431,0.00043,0.00347,2024-04-10
"MIA",17,20.2,0.00182,0.00096,0.871,0.3281,0.00629,0.00151,0.00484,0.00363,0.00083,90.1534,1.5484,5.6613,4.2832,4.6982,4.2687,0.0818,0.00298,0.00666,0.00069,0.00445,0.00075,0.00363,2024-04-10
"CIN",18,21.2,0.00182,0.00107,0.8308,0.2381,0.0075,0.00184,0.00338,0.00476,0.00064,88.8334,1.2462,3.3231,4.3725,5.2339,4.6544,0.0539,0.00324,0.00526,0.00089,0.0039,0.00092,0.00338,2024-04-10
"CHW",20,20.2,0.00247,0.0013,1.3065,0.3571,0.0064,0.00305,0.00372,0.0032,0.00157,84.6296,1.7419,4.3548,4.8154,4.2529,4.0947,0.0491,0.00321,0.00597,0.0013,0.00404,5e-04,0.00254,2024-04-10
"MIN",15,19.1,0.00367,0.00088,1.3966,0.2632,NA,0.0017,0.00414,0.00414,0.00176,84.2167,1.0345,1.8621,3.6324,2.8821,2.2821,0.0253,0.00317,0.00658,0.00124,0.00434,0.00048,0.00219,2024-04-10
"ARI",20,19.1,0.00204,0.00056,1.3966,0.3548,0.00465,0.0023,0.00461,0.00307,0.001,90.498,1.5517,6.0517,4.1497,3.6229,3.4718,0.0241,0.00371,0.00727,0.00129,0.00438,0.00107,0.0043,2024-04-10
"NYY",18,22,0.00168,0.00105,0.8182,0.2031,0.00595,0.00136,0,0.00363,0.00083,85.039,1.1364,3.6818,4.7186,5.1085,4.5431,-0.0289,0.00316,0.00631,0.00072,0.00386,0.00075,0.00318,2024-04-10
"TEX",19,19.2,0.002,0,1.8305,0.2549,0.00792,0.00218,0,0.00381,0.0019,89.7801,1.0678,4.1186,4.5915,3.4859,3.0394,-0.0537,0.00327,0.0057,0.00111,0,0.00072,0.00345,2024-04-10
"COL",22,22,0.00181,0.00172,0.8182,0.3333,0.00631,0.00228,0.00542,0.00228,0.0012,88.9353,2,6.9545,5.1732,5.0392,5.2027,-0.1075,0.00239,0.00481,0.00093,0.00351,0.00056,0.00436,2024-04-10
"LAD",17,23.1,0.00219,0.00054,2.3143,0.1724,0.00753,0.00109,0.0039,0,0.00187,88.1512,0.9,4.2429,5.7472,4.3802,3.5462,-0.1315,0.00304,0.00648,0.00075,0.00456,0.0014,0.00328,2024-04-10
"SEA",21,21.2,0.00182,0.0015,0.8308,0.2105,0.00744,0.00237,0.00389,0.00372,9e-04,87.4762,1.2923,4.1538,5.2033,5.4662,5.1374,-0.1635,0.0026,0.00634,0.00091,0.00426,0.00033,0.00288,2024-04-10
"DET",22,26,0.00229,0.00137,1.0385,0.25,0.00943,0.00261,0.00415,0.00323,0.00142,87.5405,1.3077,2.0769,4.7571,4.4208,4.3341,-0.1721,0.00324,0.00587,0.00123,0.00384,0.00074,0.00388,2024-04-10
"ATL",19,20.2,0.00146,0.00078,1.3065,0.2615,0.00798,0.00164,0.00477,0.00358,0.0012,90.6518,1.3065,3.9194,5.009,4.795,4.4849,-0.2243,0.0032,0.0061,0.00107,0.0044,0.00058,0.00397,2024-04-10
"MIL",19,22.1,0.00262,7e-04,2.4179,0.322,0.0065,0.00234,0.00468,0.00296,0.00315,90.1976,1.4328,6.8507,5.4574,3.1906,3.0011,-0.2388,0.00292,0.00626,0.00088,0.0046,0.00123,0,2024-04-10
"LAA",18,20.2,0.00141,0.00076,1.7419,0.2969,0.00633,0.00205,0.00485,0.00308,0.0019,91.0123,1.4516,6.9677,6.0735,5.0213,4.4202,-0.3005,0.00277,0.00619,0.00091,0.00419,0.00073,0.00514,2024-04-10
"TOR",19,23.2,0.00209,0.00133,2.662,0.2742,0.00851,0.00202,0.00391,0.00405,0.002,91.3943,1.6056,5.3239,6.9792,4.8387,4.5587,-0.4185,0.00256,0.0059,0.00064,0.00421,0.00173,0.00449,2024-04-10
"TBR",18,21,0.00186,0.00147,1.7143,0.375,0.00641,0.00205,0.00441,0.00352,0.00166,88.6492,2.0476,8.1429,6.0282,5.1985,4.9908,-0.5712,0.00267,0.00568,0.00101,0.00392,0.00073,0.00397,2024-04-10
"BAL",17,15.1,0.00421,7e-04,0,0.2414,0.00636,0.00206,0.00448,0.00344,NA,85.7261,0.7174,0.587,0.8708,1.8104,1.6088,0.7878,0.00293,0.00543,0.00116,0.00487,NA,0.00482,2024-04-11
"CLE",25,23.2,0.00315,0.00084,0,0.2453,0.008,0,0.004,0.002,NA,88.3918,0.8873,1.1408,2.2046,2.9351,2.6253,0.6641,0.00351,0.00589,0.00163,0.00381,0.00037,0.00339,2024-04-11
"STL",22,22.2,0.002,0,0.3971,0.3582,0.00727,0.00161,0.00529,0.00308,0.00047,88.3052,1.4118,3.1765,2.7333,3.4946,3.1545,0.6244,0.0039,0,0.00133,0.00447,0.00073,0.00382,2024-04-11
"KCR",20,19.1,0.00233,0.00116,0,0.2653,NA,0.00224,0.00346,0.00428,NA,87.8703,1.1379,0,2.9083,4.4732,4.0732,0.4921,0.00309,0.00558,9e-04,0.0038,4e-04,0.00285,2024-04-11
"NYM",25,28.2,0.00291,0.0012,0.6279,0.3143,0.00637,0.00197,0.00323,0.00478,0.00058,84.4293,1.3953,4.3953,3.4279,4.2298,3.5668,0.2781,0.00291,0.00708,0.0012,0.00435,0.00083,0.00305,2024-04-11
"MIN",16,18.2,0.00363,9e-04,0.9643,0.3421,0.0099,0.0022,0.0042,0.003,0.00142,87.9271,1.1786,1.4464,3.0579,2.7456,2.333,0.2751,0.00281,0.00584,0.00141,0.00405,2e-04,0,2024-04-11
"SFG",16,19,0.0022,7e-04,0.4737,0.2549,0.00752,0.00173,0.00442,0.00384,0,85.3429,1.0526,3.3158,3.5871,4.4194,3.57,0.2499,0.00284,0,0.00088,0.00442,0.00038,0.00365,2024-04-11
"WSN",23,25.1,0.00228,0.00142,0.3553,0.2769,0.0092,0.0019,0.00545,0.00257,0.00058,87.3676,1.3421,1.0658,3.6134,4.067,4.2168,0.2226,0.00326,0.0061,0.00104,0.00444,0.00045,0.003,2024-04-11
"PIT",18,17.1,0.00222,0.00074,0.5192,0.3333,0.00468,0.00127,0.00527,0.00345,0.00052,89.7698,1.4423,6.75,3.2763,4.1056,3.4531,0.209,0.00365,0.0053,0.00108,0.004,0.00054,0,2024-04-11
"SDP",19,21,0.00209,0.00086,0.4286,0.2182,0.00663,0.00142,0.00517,0.00339,0.00052,90.04,0.9524,2.5714,3.3615,4.046,3.745,0.1943,0.0028,0.00654,0.00094,0.00472,0.00035,0.0041,2024-04-11
"PHI",18,18,0.00197,0.00112,0.5,0.2083,0.00852,0.00163,0.00428,0.00408,0,90.2202,1.0556,2,3.7186,4.5972,4.4022,0.1863,0.00309,0.00619,0.00065,0.0046,0.00122,0.0044,2024-04-11
"OAK",14,16.1,0.00187,0.00078,1.102,0.2222,0.00985,0.00106,0.0051,0.0038,0.00111,87.1881,1.0408,1.6531,4.2595,4.2554,3.9606,0.1456,0.00338,0.0062,0.00086,0.0042,0.00042,0.00361,2024-04-11
"ARI",19,19.1,0.00222,0.00088,0.931,0.3667,0.00616,0.00209,0,0.0029,0.00111,89.933,1.6552,5.1207,3.7359,3.7324,3.5939,0.14,0.00338,0.00755,0.00137,0.00443,8e-04,0.00451,2024-04-11
"MIA",19,19.2,0.00232,9e-04,0.9153,0.3036,0.00702,0.00155,0.00448,0.00396,8e-04,88.54,1.3729,4.1186,3.7271,4.09,3.7048,0.137,0.00288,0.00581,0.00068,0.00447,6e-04,0.00327,2024-04-11
"BOS",14,18.2,0.00236,0.00053,1.4464,0.377,0.00451,0.00222,0.00396,0.0038,0.0012,88.9087,1.6607,5.7857,4.0758,3.8389,3.2307,0.1114,0.00324,0.0058,0.0011,0.0039,0.00093,0.0039,2024-04-11
"HOU",22,27.2,0.00145,9e-04,0.6506,0.2759,0.00643,0.00224,0.00348,0.0042,0.00052,89.5698,1.3373,4.5542,4.1223,5.1614,4.9171,0.0403,0.0026,0.00572,8e-04,0.003,0.00078,0.00415,2024-04-11
"CHW",25,25,0.00224,0.00129,1.08,0.3429,0.00653,0.00291,0.0037,0.00333,0.0012,84.6833,1.68,3.96,4.7386,4.5618,4.3003,-0.0032,0.00325,0.00594,0.00128,0.00408,0.00054,0.0026,2024-04-11
"CIN",16,21.1,0.00161,0.00118,0.8438,0.2222,0.00763,0.00169,0.00353,0.00476,0.00064,88.5067,1.2656,3.375,4.8593,5.7341,5.0635,-0.0099,0.00309,0.00537,0.00095,0.00389,0.00092,0.00353,2024-04-11
"COL",21,21,0.00163,0.00182,0.4286,0.3284,0.0064,0.00223,0.00507,0.00268,0.00055,89.1179,2,6.4286,4.9329,5.5488,5.7108,-0.0553,0.00238,0.00442,0.00082,0.0034,0.00044,0.00441,2024-04-11
"CHC",20,24.2,0.00302,0.00137,1.0946,0.2632,0.006,0.00183,0.00433,0.00383,0.0013,90.3186,1.3378,4.7432,4.07,3.8323,3.5467,-0.0705,0.00263,0.00596,0.0011,0.00403,0.00133,0.004,2024-04-11
"MIL",17,22,0.0028,0.00056,2.4545,0.25,0.00843,0.00155,0.00465,0.00379,0.00272,89.4112,1.0909,4.5,5.3095,3.2048,2.7284,-0.0781,0.00287,0.00662,0.00093,0.00451,0.0012,0.0043,2024-04-11
"LAD",17,24.1,0.00221,0.00073,2.2192,0.1695,0.00783,0.00107,0,0.00492,0.00187,87.3433,0.9452,4.0685,5.8077,4.4969,3.7097,-0.0923,0.00312,0.00642,0.00097,0.00434,0.00138,0.00307,2024-04-11
"TEX",20,20,0.00262,0,2.25,0.24,0.00857,0,0.00418,0.00381,0.00238,90.7075,1.05,4.05,4.9686,3.2314,2.8911,-0.1118,0.00301,0.00562,0.00115,0.00424,9e-04,0,2024-04-11
"LAA",20,22.1,0.00175,0.00072,1.6119,0.3077,0.00646,0.00173,0.00463,0.00362,0.001,90.6413,1.3881,6.4478,5.5022,4.7866,4.0761,-0.1524,0.00276,0.00649,0.00095,0.00421,0.00072,0.00492,2024-04-11
"DET",22,26,0.00229,0.00137,1.0385,0.25,0.00943,0.00261,0.00415,0.00323,0.00142,87.5405,1.3077,2.0769,4.7571,4.4208,4.3341,-0.1721,0.00324,0.00587,0.00123,0.00384,0.00074,0.00388,2024-04-11
"ATL",19,20.2,0.00146,0.00078,1.3065,0.2615,0.00798,0.00164,0.00477,0.00358,0.0012,90.6518,1.3065,3.9194,5.009,4.795,4.4849,-0.2243,0.0032,0.0061,0.00107,0.0044,0.00058,0.00397,2024-04-11
"NYY",17,20.1,0,0.00122,0.8852,0.197,0.00674,0.00119,0.00477,0.004,0.00074,86.6945,1.2787,4.4262,5.5301,6.1646,5.7542,-0.2431,0.003,0,0,0.00385,0.00073,0.00338,2024-04-11
"SEA",20,18.2,0.00197,0.00174,0.9643,0.25,0.00761,0.002,0.003,0.003,0.00105,88.2787,1.5536,4.8214,5.8436,5.9173,5.347,-0.3188,0.00263,0.00616,0.00099,0.00398,0,0.003,2024-04-11
"TOR",19,24,0.00228,0.00152,1.875,0.2667,0.00733,0.00215,0,0.00384,0,91.3031,1.5417,5.25,5.927,4.7194,4.6031,-0.414,0.00261,0.00628,0.00078,0.0042,0.00153,0.00461,2024-04-11
"TBR",20,22.2,0.00242,0.00145,1.9853,0.3448,0.0069,0.00142,0.00444,0.00412,0.00192,88.2015,1.7647,6.75,5.8657,4.6507,4.3284,-0.5477,0.00258,0.00524,0.00119,0.00371,0.00095,0.0038,2024-04-11
"BAL",22,19.2,0.00361,0.00055,0.4576,0.1951,0.00603,0.0019,0,0.00309,0.00076,85.5472,0.661,0.9153,1.8458,2.1371,1.898,0.7133,0.00303,0.00569,0.00104,0.00491,NA,0.00452,2024-04-12
"STL",17,18.1,0.00258,7e-04,0.4909,0.4182,0.00743,0.00178,0.00517,0.00303,0.00058,87.0052,1.6364,3.4364,2.6732,3.3001,2.9828,0.5837,0.00425,0.00717,0.00138,0.00441,0.00071,0.00339,2024-04-12
"KCR",21,21,0.00213,0.00112,0,0.322,0.00933,0.00237,0.00389,0.00372,NA,87.6425,1.381,0.8571,2.9805,4.4899,4.2023,0.4693,0.0032,0.0055,8e-04,0.00376,0.00033,0.00288,2024-04-12
"CLE",21,20,0,0.00087,0,0.2391,0.00857,0.00255,0.00488,0.00255,NA,87.794,0.9,0.9,2.3186,3.111,2.8036,0.46,0.00342,0,0.00157,0.00409,0.00021,0.00326,2024-04-12
"PHI",20,21,0.00235,0.00094,0.4286,0.2679,0.0084,0.0019,0.00403,0.00403,0.00043,89.4988,1.1429,2.1429,3.0758,4.0347,3.7162,0.4024,0.00313,0.00623,0.00066,0.0045,0.00105,0.00421,2024-04-12
"OAK",17,19,0.00208,0.00069,0.9474,0.2041,0.00986,9e-04,0.00509,0.00392,0,86.2313,0.8947,1.4211,3.9555,4.1036,3.631,0.3898,0.00356,0.0062,0.00094,0.00431,0.00039,0.00333,2024-04-12
"WSN",19,20.2,0.0024,0.00132,0,0.2885,0.00884,0.00173,0.00538,0.00288,NA,86.7619,1.2581,0.871,2.8799,3.9256,3.9739,0.331,0.00349,0.0065,0.00107,0.0045,0.00019,0.00288,2024-04-12
"MIN",14,15.1,0.0037,8e-04,1.1739,0.375,0.00987,0.00235,0.00411,0.00352,0.00166,88.5353,1.2391,1.7609,2.8925,2.3244,2.15,0.292,0.00287,0.00564,0.001,0.0041,0.00029,0.00323,2024-04-12
"NYM",19,23.1,0.00292,0.00132,0.3857,0.339,0.00664,0.00135,0.00457,0.00406,0.00041,84.7727,1.5,4.6286,3.0472,3.972,3.5745,0.2587,0.00276,0.00688,0.00123,0.00445,0.00066,0.00333,2024-04-12
"SFG",16,19,0.0022,7e-04,0.4737,0.2549,0.00752,0.00173,0.00442,0.00384,0,85.3429,1.0526,3.3158,3.5871,4.4194,3.57,0.2499,0.00284,0,0.00088,0.00442,0.00038,0.00365,2024-04-12
"SDP",19,21,0.00209,0.00086,0.4286,0.2182,0.00663,0.00142,0.00517,0.00339,0.00052,90.04,0.9524,2.5714,3.3615,4.046,3.745,0.1943,0.0028,0.00654,0.00094,0.00472,0.00035,0.0041,2024-04-12
"PIT",17,16.2,0.00207,0.00051,1.08,0.3019,0.00424,0.00127,0.00509,0.00363,0,88.3172,1.32,6.48,3.9386,4.1075,3.401,0.16,0.00379,0.00558,0.00122,0.00409,0.00054,0.00381,2024-04-12
"CHW",22,23,0.00237,0.00108,0.7826,0.3387,0.00783,0.00301,0.0038,0.00317,0,84.3575,1.4783,3.1304,3.9578,4.0802,3.8483,0.1525,0.00331,0.006,0.00125,0.00429,0.00046,0.002,2024-04-12
"ARI",19,19.1,0.00222,0.00088,0.931,0.3667,0.00616,0.00209,0,0.0029,0.00111,89.933,1.6552,5.1207,3.7359,3.7324,3.5939,0.14,0.00338,0.00755,0.00137,0.00443,8e-04,0.00451,2024-04-12
"MIA",15,16.2,0.00246,0.00115,1.08,0.2381,0.00872,0.00181,0.00477,0.0034,0.00133,87.1376,1.2,2.7,4.1786,3.9153,3.791,-0.0058,0.00267,0.00565,0.00073,0.00435,9e-04,0.00318,2024-04-12
"CIN",16,21.1,0.00161,0.00118,0.8438,0.2222,0.00763,0.00169,0.00353,0.00476,0.00064,88.5067,1.2656,3.375,4.8593,5.7341,5.0635,-0.0099,0.00309,0.00537,0.00095,0.00389,0.00092,0.00353,2024-04-12
"TEX",22,24,0.00276,0.00053,1.875,0.2241,0.0087,0.00174,0.00412,0.00412,0.00192,90.3094,0.9583,3.375,4.3853,3.2378,2.7924,-0.0105,0.0029,0.00553,0.00119,0.00431,0.00079,0.00396,2024-04-12
"HOU",27,35,0.00144,0.00082,0.7714,0.2593,0.00628,0.00207,0.00387,0.00405,0.00066,89.3712,1.2286,4.6286,4.2472,4.9853,4.7147,-0.0219,0.00286,0.00579,0.00085,0.0039,0.00063,0.00405,2024-04-12
"DET",15,16.2,0,0.00114,1.08,0.2889,0.00943,0.00297,0.00404,0.00297,0.00142,89.4418,1.38,2.16,4.7186,4.3689,4.3227,-0.0455,0.00337,0.00571,0.00127,0.00396,0.00085,0.00489,2024-04-12
"COL",21,21,0.00163,0.00182,0.4286,0.3284,0.0064,0.00223,0.00507,0.00268,0.00055,89.1179,2,6.4286,4.9329,5.5488,5.7108,-0.0553,0.00238,0.00442,0.00082,0.0034,0.00044,0.00441,2024-04-12
"CHC",20,24.2,0.00302,0.00137,1.0946,0.2632,0.006,0.00183,0.00433,0.00383,0.0013,90.3186,1.3378,4.7432,4.07,3.8323,3.5467,-0.0705,0.00263,0.00596,0.0011,0.00403,0.00133,0.004,2024-04-12
"MIL",17,22,0.0028,0.00056,2.4545,0.25,0.00843,0.00155,0.00465,0.00379,0.00272,89.4112,1.0909,4.5,5.3095,3.2048,2.7284,-0.0781,0.00287,0.00662,0.00093,0.00451,0.0012,0.0043,2024-04-12
"LAD",17,24.1,0.00221,0.00073,2.2192,0.1695,0.00783,0.00107,0,0.00492,0.00187,87.3433,0.9452,4.0685,5.8077,4.4969,3.7097,-0.0923,0.00312,0.00642,0.00097,0.00434,0.00138,0.00307,2024-04-12
"LAA",20,22.1,0.00175,0.00072,1.6119,0.3077,0.00646,0.00173,0.00463,0.00362,0.001,90.6413,1.3881,6.4478,5.5022,4.7866,4.0761,-0.1524,0.00276,0.00649,0.00095,0.00421,0.00072,0.00492,2024-04-12
"NYY",17,20.1,0,0.00122,0.8852,0.197,0.00674,0.00119,0.00477,0.004,0.00074,86.6945,1.2787,4.4262,5.5301,6.1646,5.7542,-0.2431,0.003,0,0,0.00385,0.00073,0.00338,2024-04-12
"ATL",22,24.2,0.00133,8e-04,1.4595,0.2892,0.00617,0.00197,0.00488,0.0031,0.00148,90.5602,1.5,5.473,5.3267,4.7957,4.5585,-0.2486,0.003,0.00562,0.00102,0.00443,0.00057,0.00402,2024-04-12
"SEA",20,18.2,0.00197,0.00174,0.9643,0.25,0.00761,0.002,0.003,0.003,0.00105,88.2787,1.5536,4.8214,5.8436,5.9173,5.347,-0.3188,0.00263,0.00616,0.00099,0.00398,0,0.003,2024-04-12
"TOR",19,24,0.00228,0.00152,1.875,0.2667,0.00733,0.00215,0,0.00384,0,91.3031,1.5417,5.25,5.927,4.7194,4.6031,-0.414,0.00261,0.00628,0.00078,0.0042,0.00153,0.00461,2024-04-12
"TBR",20,22.2,0.00242,0.00145,1.9853,0.3448,0.0069,0.00142,0.00444,0.00412,0.00192,88.2015,1.7647,6.75,5.8657,4.6507,4.3284,-0.5477,0.00258,0.00524,0.00119,0.00371,0.00095,0.0038,2024-04-12
"BOS",19,23.2,0.00222,0.00076,2.2817,0.3378,0.00416,0.00215,0.00405,0.00379,0,89.4913,1.6901,6.8451,5.7116,4.2421,3.6466,-0.5659,0.00312,0.00572,0.00103,0.00399,0.00087,0,2024-04-12
