Date,Team_V,Open_V,Close_V,RunLine_V,RLOdds_V,OpenOU_O,OpenOUOdds_O,CloseOU_O,CloseOUOdds_O,Team_H,Open_H,Close_H,RunLine_H,RLOdds_H,OpenOU_U,OpenOUOdds_U,CloseOU_U,CloseOUOdds_U
2020-07-23,Yankees,-126,-170,-1.5,-115,7,100,7.5,-115,Nationals,114,160,1.5,-105,7,-120,7.5,-105
2020-07-23,Giants,264,250,1.5,150,8,-110,9,-120,Dodgers,-300,-290,-1.5,-170,8,-110,9,100
2020-07-24,Braves,110,157,1.5,-155,8,-110,7.5,-120,Mets,-130,-167,-1.5,135,8,-110,7.5,100
2020-07-24,Tigers,-200,163,1.5,-125,8,100,9,-105,Reds,170,-176,-1.5,105,8,-120,9,-115
2020-07-24,Blue Jays,-140,135,1.5,-160,8.5,100,7.5,-100,Rays,120,-145,-1.5,140,8.5,-120,7.5,-120
2020-07-24,Marlins,-175,185,1.5,-110,8,-110,9,-105,Phillies,151,-205,-1.5,-110,8,-110,9,-115
2020-07-24,Royals,115,205,1.5,105,8,-120,9,100,Indians,-135,-225,-1.5,-125,8,100,9,-120
2020-07-24,Brewers,-140,105,1.5,-190,8,-121,8.5,-120,Cubs,120,-115,-1.5,170,8,101,8.5,100
2020-07-24,Orioles,166,195,1.5,100,9.5,-110,10,105,Red Sox,-185,-215,-1.5,-120,9.5,-110,10,-125
2020-07-24,Rockies,-140,-105,1.5,-200,8,100,9,-105,Rangers,120,-105,-1.5,175,8,-120,9,-115
2020-07-24,Twins,-160,-117,-1.5,135,8.5,-110,9,-110,White Sox,140,107,1.5,-155,8.5,-110,9,-110
2020-07-24,Pirates,-110,165,1.5,-125,8.5,100,8,-105,Cardinals,-110,-180,-1.5,105,8.5,-120,8,-115
2020-07-24,Mariners,120,250,1.5,135,8.5,-120,8.5,-120,Astros,-140,-290,-1.5,-155,8.5,100,8.5,100
2020-07-24,Diamondbacks,-140,130,1.5,-165,8.5,100,8,-115,Padres,120,-140,-1.5,145,8.5,-120,8,-105
2020-07-24,Giants,213,285,1.5,145,8.5,-110,9,-120,Dodgers,-240,-330,-1.5,-165,8.5,-110,9,100
2020-07-24,Angels,-140,136,1.5,-160,8.5,100,8.5,100,Athletics,120,-146,-1.5,140,8.5,-120,8.5,-120
2020-07-25,Brewers,131,140,1.5,-150,9.5,-110,9.5,-110,Cubs,-145,-150,-1.5,130,9.5,-110,9.5,-110
2020-07-25,Orioles,157,180,1.5,-105,10.5,-110,10.5,-105,Red Sox,-175,-200,-1.5,-115,10.5,-110,10.5,-115
2020-07-25,Twins,-125,-110,-1.5,135,9.5,-110,10,-115,White Sox,114,100,1.5,-155,9.5,-110,10,-105
2020-07-25,Pirates,144,141,1.5,-150,9,-110,9,-115,Cardinals,-160,-151,-1.5,130,9,-110,9,-105
2020-07-25,Blue Jays,135,135,1.5,-160,8.5,-110,8.5,105,Rays,-155,-145,-1.5,140,8.5,-110,8.5,-125
2020-07-25,Marlins,160,170,1.5,-130,9,-110,9,-120,Phillies,-185,-185,-1.5,110,9,-110,9,100
2020-07-25,Rockies,-115,110,1.5,-175,9,-110,8.5,-115,Rangers,-105,-120,-1.5,155,9,-110,8.5,-105
2020-07-25,Mariners,215,260,1.5,135,9.5,-110,9.5,-110,Astros,-260,-300,-1.5,-155,9.5,-110,9.5,-110
2020-07-25,Angels,151,114,1.5,-180,9,-110,8.5,100,Athletics,-175,-124,-1.5,160,9,-110,8.5,-120
2020-07-25,Giants,245,320,1.5,165,5.5,-110,9.5,-110,Dodgers,-300,-380,-1.5,-185,5.5,-110,9.5,-110
2020-07-25,Braves,100,-116,1.5,-240,9,-110,9,100,Mets,-120,106,-1.5,210,9,-110,9,-120
2020-07-25,Tigers,170,245,1.5,135,9,-110,9,-125,Reds,-200,-280,-1.5,-155,9,-110,9,105
2020-07-25,Royals,207,230,1.5,115,9,-110,9,-105,Indians,-250,-260,-1.5,-135,9,-110,9,-115
2020-07-25,Yankees,-120,-220,-1.5,-145,8.5,-110,10,100,Nationals,100,200,1.5,125,8.5,-110,10,-120
2020-07-25,Diamondbacks,100,118,1.5,-180,8.5,-110,8,-115,Padres,-120,-128,-1.5,160,8.5,-110,8,-105
2020-07-26,Marlins,140,185,1.5,-105,9,-110,9.5,-120,Phillies,-155,-205,-1.5,-115,9,-110,9.5,100
2020-07-26,Yankees,-110,-120,-1.5,130,10,-110,10,100,Nationals,100,110,1.5,-150,10,-110,10,-120
2020-07-26,Blue Jays,170,170,1.5,-120,8,-110,8,-105,Rays,-200,-185,-1.5,100,8,-110,8,-115
2020-07-26,Tigers,213,177,1.5,-115,9,-110,9.5,110,Reds,-240,-194,-1.5,-105,9,-110,9.5,-130
2020-07-26,Royals,213,200,1.5,-110,9,-110,9,100,Indians,-240,-220,-1.5,-110,9,-110,9,-120
2020-07-26,Orioles,170,178,1.5,-110,11,-110,11,-110,Red Sox,-190,-196,-1.5,-110,11,-110,11,-110
2020-07-26,Twins,-120,-150,-1.5,-105,10.5,-110,10,-120,White Sox,110,140,1.5,-115,10.5,-110,10,100
2020-07-26,Mariners,304,235,1.5,130,9,-110,9,-115,Astros,-350,-265,-1.5,-150,9,-110,9,-105
2020-07-26,Pirates,188,130,1.5,-145,9,-110,9,-105,Cardinals,-210,-140,-1.5,125,9,-110,9,-115
2020-07-26,Brewers,-115,-105,1.5,-200,11,-110,11.5,-125,Cubs,-105,-105,-1.5,175,11,-110,11.5,105
2020-07-26,Rockies,157,130,1.5,-150,9,-110,8.5,-115,Rangers,-175,-140,-1.5,130,9,-110,8.5,-105
2020-07-26,Angels,-115,100,-1.5,150,9,-110,9,-105,Athletics,105,-110,1.5,-170,9,-110,9,-115
2020-07-26,Diamondbacks,105,115,1.5,-170,8.5,-110,8,100,Padres,-125,-125,-1.5,150,8.5,-110,8,-120
2020-07-26,Braves,-115,-105,-1.5,145,9,-110,9.5,100,Mets,-105,-105,1.5,-165,9,-110,9.5,-120
2020-07-26,Giants,304,270,1.5,145,9,-110,9,-110,Dodgers,-350,-310,-1.5,-165,9,-110,9,-110
2020-07-27,Angels,105,110,1.5,-165,9,-110,9,-105,Athletics,-125,-120,-1.5,145,9,-110,9,-115
2020-07-27,Diamondbacks,118,107,1.5,-180,7.5,-110,8.5,100,Padres,-131,-117,-1.5,160,7.5,-110,8.5,-120
2020-07-27,Blue Jays,144,110,1.5,-165,10,-110,10.5,100,Nationals,-165,-120,-1.5,145,10,-110,10.5,-120
2020-07-27,Cubs,100,-115,-1.5,135,9.5,-110,10,-120,Reds,-120,105,1.5,-155,9.5,-110,10,100
2020-07-27,Braves,130,130,1.5,-165,8.5,-110,8,-110,Rays,-150,-140,-1.5,145,8.5,-110,8,-110
2020-07-27,Brewers,-135,-168,-1.5,-110,9,-110,9.5,-110,Pirates,115,158,1.5,-110,9,-110,9.5,-110
2020-07-27,Mariners,226,210,1.5,115,9.5,-110,9,-115,Astros,-275,-240,-1.5,-135,9.5,-110,9,-105
2020-07-27,Royals,115,107,1.5,-175,9.5,-110,9.5,-120,Tigers,-135,-117,-1.5,155,9.5,-110,9.5,100
2020-07-27,Mets,100,-113,-1.5,130,10.5,-110,11.5,-110,Red Sox,-110,103,1.5,-150,10.5,-110,11.5,-110
2020-07-28,Blue Jays,115,129,1.5,-150,10.5,-110,10,105,Nationals,-135,-139,-1.5,130,10.5,-110,10,-125
2020-07-28,Braves,125,120,1.5,-160,9,-110,8.5,-110,Rays,-145,-130,-1.5,140,9,-110,8.5,-110
2020-07-28,Cubs,-110,119,1.5,-170,10,-110,10.5,-110,Reds,-110,-129,-1.5,150,10,-110,10.5,-110
2020-07-28,Brewers,-145,-180,-1.5,-120,9.5,-110,10,-110,Pirates,125,165,1.5,100,9.5,-110,10,-110
2020-07-28,White Sox,-105,118,1.5,-165,9.5,-110,10.5,-115,Indians,-115,-128,-1.5,145,9.5,-110,10.5,-105
2020-07-28,Royals,100,-105,1.5,-185,10.5,-110,10.5,-110,Tigers,-110,-105,-1.5,165,10.5,-110,10.5,-110
2020-07-28,Mets,-115,-112,-1.5,130,11.5,-110,11.5,-120,Red Sox,105,102,1.5,-150,11.5,-110,11.5,100
2020-07-28,Cardinals,115,132,1.5,-150,10,-110,10.5,-110,Twins,-135,-142,-1.5,130,10,-110,10.5,-110
2020-07-28,Diamondbacks,100,-106,1.5,-200,9.5,-110,9,-110,Rangers,-120,-104,-1.5,175,9.5,-110,9,-110
2020-07-28,Dodgers,-145,-144,-1.5,100,9,-110,10,-105,Astros,125,134,1.5,-120,9,-110,10,-115
2020-07-28,Mariners,155,170,1.5,-120,9,-110,9,-110,Angels,-180,-185,-1.5,100,9,-110,9,-110
2020-07-28,Rockies,-145,148,1.5,-135,10,-110,9.5,-105,Athletics,125,-158,-1.5,115,10,-110,9.5,-115
2020-07-28,Padres,-150,-148,-1.5,110,8,-110,9,-105,Giants,135,138,1.5,-130,8,-110,9,-115
2020-07-28,White Sox,135,119,1.5,-170,9.5,-110,9,-120,Indians,-150,-129,-1.5,150,9.5,-110,9,100
2020-07-29,Rockies,110,127,1.5,-155,9,-110,8,-105,Athletics,-130,-137,-1.5,135,9,-110,8,-115
2020-07-29,Diamondbacks,120,110,1.5,-185,8.5,-110,8,-105,Rangers,-140,-120,-1.5,165,8.5,-110,8,-115
2020-07-29,White Sox,-110,-114,-1.5,135,9,-110,9.5,100,Indians,-110,104,1.5,-155,9,-110,9.5,-120
2020-07-29,Nationals,-165,-174,-1.5,-110,9,-110,8.5,-125,Blue Jays,144,162,1.5,-110,9,-110,8.5,105
2020-07-29,Cubs,105,100,1.5,-190,9.5,-110,9,-130,Reds,-125,-110,-1.5,170,9.5,-110,9,110
2020-07-29,Brewers,-175,-143,-1.5,105,9,-110,8.5,-125,Pirates,151,133,1.5,-125,9,-110,8.5,105
2020-07-29,Dodgers,-130,-140,-1.5,100,10,-110,10,-105,Astros,118,130,1.5,-120,10,-110,10,-115
2020-07-29,Red Sox,170,180,1.5,-120,8,-110,7.5,-110,Mets,-200,-200,-1.5,100,8,-110,7.5,-110
2020-07-29,Rays,120,115,1.5,-175,8.5,-110,8.5,100,Braves,-140,-125,-1.5,155,8.5,-110,8.5,-120
2020-07-29,Royals,110,110,1.5,-180,9,-110,9.5,-115,Tigers,-130,-120,-1.5,160,9,-110,9.5,-105
2020-07-29,Cardinals,130,146,1.5,-135,10,-110,10,-105,Twins,-150,-156,-1.5,115,10,-110,10,-115
2020-07-29,Padres,-165,-180,-1.5,-115,7.5,-110,7.5,-110,Giants,144,165,1.5,-105,7.5,-110,7.5,-110
2020-07-29,Mariners,160,240,1.5,115,9,-110,9,100,Angels,-185,-270,-1.5,-135,9,-110,9,-120
2020-07-29,Yankees,-350,-360,-1.5,-230,9,-110,9,-115,Orioles,304,310,1.5,200,9,-110,9,-105
2020-07-30,Nationals,118,140,1.5,-140,9,-110,9.5,-115,Blue Jays,-131,-150,-1.5,120,9,-110,9.5,-105
2020-07-30,Royals,-110,-149,-1.5,-110,10,-110,9.5,-115,Tigers,-110,139,1.5,-110,10,-110,9.5,-105
2020-07-30,Rays,110,139,1.5,-150,8.5,-110,9,100,Braves,-130,-149,-1.5,130,8.5,-110,9,-120
2020-07-30,Red Sox,148,152,1.5,-130,9,-110,9.5,-115,Mets,-170,-162,-1.5,110,9,-110,9.5,-105
2020-07-30,Indians,-115,113,1.5,-185,9,-110,8.5,-105,Twins,-105,-123,-1.5,165,9,-110,8.5,-115
2020-07-30,Dodgers,-161,-157,-1.5,-105,9,-110,9.5,-110,Diamondbacks,141,147,1.5,-115,9,-110,9.5,-110
2020-07-30,Mariners,172,163,1.5,-135,9,-110,9,100,Angels,-205,-175,-1.5,115,9,-110,9,-120
2020-07-30,Padres,-170,-160,-1.5,-110,8.5,-110,8,-105,Giants,148,150,1.5,-110,8.5,-110,8,-115
2020-07-30,Yankees,-210,-240,-1.5,-165,10,-110,11,100,Orioles,176,210,1.5,145,10,-110,11,-120
2020-07-31,Rays,-220,-188,-1.5,-125,9.5,-110,8.5,-105,Orioles,196,173,1.5,105,9.5,-110,8.5,-115
2020-07-31,Red Sox,213,165,1.5,-110,10.5,-110,10.5,100,Yankees,-240,-180,-1.5,-110,10.5,-110,10.5,-120
2020-07-31,Reds,-145,-170,-1.5,-115,9,-110,8.5,-110,Tigers,131,160,1.5,-105,9,-110,8.5,-110
2020-07-31,Mets,135,117,1.5,-160,10,-110,10.5,-115,Braves,-150,-127,-1.5,140,10,-110,10.5,-105
2020-07-31,White Sox,-140,-160,-1.5,-115,10,-110,9.5,100,Royals,126,150,1.5,-105,10,-110,9.5,-120
2020-07-31,Indians,-126,-114,-1.5,135,8.5,-110,9,-115,Twins,114,104,1.5,-155,8.5,-110,9,-105
2020-07-31,Padres,110,-108,1.5,-190,11.5,-110,11.5,-115,Rockies,-120,-102,-1.5,170,11.5,-110,11.5,-105
2020-07-31,Pirates,162,180,1.5,-120,8.5,-110,8.5,-115,Cubs,-180,-200,-1.5,100,8.5,-110,8.5,-105
2020-07-31,Astros,-150,-180,-1.5,-125,9.5,-110,9.5,-105,Angels,135,165,1.5,105,9.5,-110,9.5,-115
2020-07-31,Rangers,-155,-122,-1.5,125,8,-110,8,-115,Giants,140,112,1.5,-145,8,-110,8,-105
2020-07-31,Dodgers,-140,-122,-1.5,115,9.5,-110,9.5,-105,Diamondbacks,126,112,1.5,-135,9.5,-110,9.5,-115
2020-07-31,Athletics,-175,-194,-1.5,-130,9,-110,9.5,100,Mariners,157,177,1.5,110,9,-110,9.5,-120
2020-08-01,White Sox,-135,-135,-1.5,110,10,-110,10.5,105,Royals,115,125,1.5,-130,10,-110,10.5,-125
2020-08-01,Rays,-220,-240,-1.5,-150,9,-110,9,100,Orioles,184,210,1.5,130,9,-110,9,-120
2020-08-01,Indians,100,116,1.5,-165,9,-110,8.5,-115,Twins,-120,-126,-1.5,145,9,-110,8.5,-105
2020-08-01,Mets,105,103,1.5,-185,10,-110,10.5,-110,Braves,-125,-113,-1.5,165,10,-110,10.5,-110
2020-08-01,Astros,-165,-145,-1.5,100,9,-110,9,-115,Angels,144,135,1.5,-120,9,-110,9,-105
2020-08-01,Red Sox,207,170,1.5,-110,10,-110,10,-115,Yankees,-250,-185,-1.5,-110,10,-110,10,-105
2020-08-01,Dodgers,-145,-155,-1.5,-115,9.5,-110,9.5,-110,Diamondbacks,125,145,1.5,-105,9.5,-110,9.5,-110
2020-08-01,Padres,-110,-110,-1.5,120,12,-110,12.5,-120,Rockies,-110,100,1.5,-140,12,-110,12.5,100
2020-08-01,Pirates,160,165,1.5,-120,9,-110,9,-125,Cubs,-185,-180,-1.5,100,9,-110,9,105
2020-08-01,Athletics,-155,-148,-1.5,100,9.5,-110,9.5,-110,Mariners,135,138,1.5,-120,9.5,-110,9.5,-110
2020-08-01,Rangers,-130,113,-1.5,180,8.5,-110,8.5,-115,Giants,110,-123,1.5,-205,8.5,-110,8.5,-105
2020-08-02,Rays,-190,-200,-1.5,-135,10,-110,9.5,-105,Orioles,163,180,1.5,115,10,-110,9.5,-115
2020-08-02,Reds,-160,-150,-1.5,115,9.5,-110,7.5,-110,Tigers,140,140,1.5,-135,9.5,-110,7.5,-110
2020-08-02,Mets,-110,105,1.5,-170,11,-110,11,-105,Braves,-110,-115,-1.5,150,11,-110,11,-115
2020-08-02,White Sox,-121,-120,-1.5,125,10.5,-110,9.5,-105,Royals,110,110,1.5,-145,10.5,-110,9.5,-115
2020-08-02,Indians,-105,104,1.5,-175,9.5,-110,9,-120,Twins,-115,-114,-1.5,155,9.5,-110,9,100
2020-08-02,Pirates,180,165,1.5,-125,9,-110,9,-110,Cubs,-215,-180,-1.5,105,9,-110,9,-110
2020-08-02,Padres,-135,-117,-1.5,120,13,-110,13,-105,Rockies,115,107,1.5,-140,13,-110,13,-115
2020-08-02,Rangers,-105,100,1.5,-200,9,-110,9,-110,Giants,-115,-110,-1.5,175,9,-110,9,-110
2020-08-02,Astros,-120,-145,-1.5,100,10,-110,10,-120,Angels,100,135,1.5,-120,10,-110,10,100
2020-08-02,Dodgers,-160,-185,-1.5,-125,9,-110,9,-115,Diamondbacks,140,170,1.5,105,9,-110,9,-105
2020-08-02,Athletics,-155,-160,-1.5,-110,9.5,-110,9,-105,Mariners,140,150,1.5,-110,9.5,-110,9,-115
2020-08-02,Red Sox,213,200,1.5,110,9.5,-110,10.5,-115,Yankees,-240,-220,-1.5,-130,9.5,-110,10.5,-105
2020-08-02,Reds,-175,-176,-1.5,100,7,-110,7,-110,Tigers,157,163,1.5,-120,7,-110,7,-110
2020-08-03,Indians,105,144,1.5,-150,8.5,-110,8,-115,Reds,-125,-154,-1.5,130,8.5,-110,8,-105
2020-08-03,Mets,-125,-126,-1.5,130,7.5,-110,8,-105,Braves,105,116,1.5,-150,7.5,-110,8,-115
2020-08-03,Pirates,207,180,1.5,-105,9.5,-110,9.5,100,Twins,-250,-200,-1.5,-115,9.5,-110,9.5,-120
2020-08-03,White Sox,-105,106,1.5,-185,9.5,-110,9.5,-120,Brewers,-105,-116,-1.5,165,9.5,-110,9.5,100
2020-08-03,Royals,140,139,1.5,-150,8.5,-110,8,-105,Cubs,-160,-149,-1.5,130,8.5,-110,8,-115
2020-08-03,Giants,135,115,1.5,-145,12.5,-110,13.5,-105,Rockies,-155,-125,-1.5,125,12.5,-110,13.5,-115
2020-08-03,Athletics,-175,-185,-1.5,-120,9,-110,9,100,Mariners,151,170,1.5,100,9,-110,9,-120
2020-08-03,Dodgers,-130,-133,-1.5,125,7.5,-110,8,-105,Padres,110,123,1.5,-145,7.5,-110,8,-115
2020-08-03,Phillies,274,245,1.5,120,9,-110,9,-115,Yankees,-340,-280,-1.5,-140,9,-110,9,-105
2020-08-04,Pirates,184,177,1.5,-115,9,-110,8.5,-120,Twins,-220,-194,-1.5,-105,9,-110,8.5,100
2020-08-04,Indians,-175,-160,-1.5,-105,8,-110,8,-115,Reds,151,150,1.5,-115,8,-110,8,-105
2020-08-04,Red Sox,140,125,1.5,-165,8.5,-110,8,-105,Rays,-160,-135,-1.5,145,8.5,-110,8,-115
2020-08-04,Mets,130,150,1.5,-145,9.5,-110,8.5,-120,Nationals,-150,-160,-1.5,125,9.5,-110,8.5,100
2020-08-04,Blue Jays,130,163,1.5,-135,9,-110,8.5,-115,Braves,-150,-176,-1.5,115,9,-110,8.5,-105
2020-08-04,White Sox,105,114,1.5,-170,8.5,-110,8,-120,Brewers,-125,-124,-1.5,150,8.5,-110,8,100
2020-08-04,Royals,176,195,1.5,-110,8,-110,8,100,Cubs,-210,-215,-1.5,-110,8,-110,8,-120
2020-08-04,Giants,180,160,1.5,-115,13,-110,11,-120,Rockies,-215,-170,-1.5,-105,13,-110,11,100
2020-08-04,Rangers,115,150,1.5,-145,8.5,-110,7.5,105,Athletics,-135,-160,-1.5,125,8.5,-110,7.5,-125
2020-08-04,Dodgers,-135,-116,-1.5,135,8.5,-110,8,-110,Padres,115,106,1.5,-155,8.5,-110,8,-110
2020-08-04,Astros,-119,-130,-1.5,110,9,-110,9.5,100,Diamondbacks,-101,120,1.5,-130,9,-110,9.5,-120
2020-08-04,Angels,-175,-185,-1.5,-120,9,-110,9,-110,Mariners,151,170,1.5,100,9,-110,9,-110
2020-08-04,Marlins,131,105,1.5,-180,9.5,-110,9,100,Orioles,-145,-115,-1.5,160,9.5,-110,9,-120
2020-08-05,Mets,170,195,1.5,-110,8.5,-110,8.5,-120,Nationals,-200,-215,-1.5,-110,8.5,-110,8.5,100
2020-08-05,Red Sox,148,130,1.5,-145,8.5,-110,8.5,-105,Rays,-170,-140,-1.5,125,8.5,-110,8.5,-115
2020-08-05,Twins,-175,-163,-1.5,-115,8.5,-110,9.5,-105,Pirates,151,153,1.5,-105,8.5,-110,9.5,-115
2020-08-05,Reds,105,152,1.5,-130,8,-110,8.5,-115,Indians,-125,-162,-1.5,110,8,-110,8.5,-105
2020-08-05,Blue Jays,130,108,1.5,-175,9,-110,9,-115,Braves,-150,-118,-1.5,155,9,-110,9,-105
2020-08-05,Cubs,-170,-198,-1.5,-130,9,-110,9,-105,Royals,148,179,1.5,110,9,-110,9,-115
2020-08-05,Brewers,130,122,1.5,-165,9.5,-110,8.5,-110,White Sox,-150,-132,-1.5,145,9.5,-110,8.5,-110
2020-08-05,Giants,176,158,1.5,-115,12.5,-110,11.5,-105,Rockies,-210,-168,-1.5,-105,12.5,-110,11.5,-115
2020-08-05,Rangers,155,153,1.5,-135,8.5,-110,8,-115,Athletics,-180,-163,-1.5,115,8.5,-110,8,-105
2020-08-05,Dodgers,-140,-125,-1.5,125,8.5,-110,8,-115,Padres,120,115,1.5,-145,8.5,-110,8,-105
2020-08-05,Astros,-165,-145,-1.5,110,9.5,-110,9.5,100,Diamondbacks,144,135,1.5,-130,9.5,-110,9.5,-120
2020-08-05,Angels,-160,-119,-1.5,130,9,-110,9,-105,Mariners,140,109,1.5,-150,9,-110,9,-115
2020-08-05,Phillies,130,105,1.5,-220,8,-110,7.5,100,Yankees,-150,-115,-1.5,195,8,-110,7.5,-120
2020-08-05,Yankees,-125,-140,-1.5,135,7,-110,7.5,100,Phillies,105,130,1.5,-155,7,-110,7.5,-120
2020-08-05,Marlins,-105,104,1.5,-215,7,-110,7,-120,Orioles,-115,-114,-1.5,190,7,-110,7,100
2020-08-05,Orioles,-105,100,1.5,-240,7.5,-110,7.5,100,Marlins,-115,-110,-1.5,210,7.5,-110,7.5,-120
2020-08-06,Twins,-200,-215,-1.5,-135,9,-110,8.5,-110,Pirates,170,195,1.5,115,9,-110,8.5,-110
2020-08-06,Giants,163,152,1.5,-120,12.5,-110,11.5,-105,Rockies,-190,-162,-1.5,100,12.5,-110,11.5,-115
2020-08-06,Rangers,140,150,1.5,-135,8.5,-110,9,100,Athletics,-160,-160,-1.5,115,8.5,-110,9,-120
2020-08-06,Angels,-165,-155,-1.5,-110,9,-110,8.5,-110,Mariners,144,145,1.5,-110,9,-110,8.5,-110
2020-08-06,Reds,105,103,1.5,-200,8,-110,7,-115,Indians,-125,-113,-1.5,175,8,-110,7,-105
2020-08-06,Blue Jays,120,110,1.5,-175,9,-110,9,-120,Braves,-140,-120,-1.5,155,9,-110,9,100
2020-08-06,Cubs,-180,-165,-1.5,-120,9,-110,9.5,100,Royals,155,155,1.5,100,9,-110,9.5,-120
2020-08-06,Astros,-140,105,-1.5,150,9,-110,9,-120,Diamondbacks,120,-115,1.5,-170,9,-110,9,100
2020-08-06,Brewers,125,100,1.5,-190,9,-110,9,-115,White Sox,-145,-110,-1.5,170,9,-110,9,-105
2020-08-06,Yankees,-165,-136,-1.5,110,9.5,-110,9.5,100,Phillies,145,126,1.5,-130,9.5,-110,9.5,-120
2020-08-06,Orioles,118,108,1.5,-180,8.5,-110,8.5,-110,Marlins,-131,-118,-1.5,160,8.5,-110,8.5,-110
2020-08-07,Orioles,180,164,1.5,-125,9,-110,9,-120,Nationals,-215,-178,-1.5,105,9,-110,9,100
2020-08-07,Yankees,-115,-105,1.5,-200,8.5,-110,8,-115,Rays,-105,-105,-1.5,175,8.5,-110,8,-105
2020-08-07,Tigers,-115,-107,-1.5,150,8.5,-110,8.5,-105,Pirates,-105,-103,1.5,-170,8.5,-110,8.5,-115
2020-08-07,Marlins,135,175,1.5,-120,8.5,-110,9,-115,Mets,-150,-190,-1.5,100,8.5,-110,9,-105
2020-08-07,Blue Jays,-119,-107,1.5,-180,10.5,-110,10.5,-110,Red Sox,109,-103,-1.5,160,10.5,-110,10.5,-110
2020-08-07,Twins,-185,-135,-1.5,105,9,-110,9.5,-105,Royals,160,125,1.5,-125,9,-110,9.5,-115
2020-08-07,Indians,-105,-133,-1.5,115,9,-110,8.5,-105,White Sox,-115,123,1.5,-135,9,-110,8.5,-115
2020-08-07,Reds,-135,-106,-1.5,145,8.5,-110,8,-120,Brewers,115,-104,1.5,-165,8.5,-110,8,100
2020-08-07,Angels,-165,-172,-1.5,-120,9.5,-110,9,-115,Rangers,144,161,1.5,100,9.5,-110,9,-105
2020-08-07,Diamondbacks,120,111,1.5,-175,8.5,-110,8.5,-105,Padres,-140,-121,-1.5,155,8.5,-110,8.5,-115
2020-08-07,Astros,-101,112,1.5,-180,9,-110,8.5,100,Athletics,-119,-122,-1.5,160,9,-110,8.5,-120
2020-08-07,Rockies,-125,113,1.5,-185,9,-110,8.5,-120,Mariners,105,-123,-1.5,165,9,-110,8.5,100
2020-08-07,Giants,207,245,1.5,110,9,-110,9,100,Dodgers,-250,-275,-1.5,-130,9,-110,9,-120
2020-08-08,Indians,-119,-132,-1.5,115,8.5,-110,8.5,-115,White Sox,-101,122,1.5,-135,8.5,-110,8.5,-105
2020-08-08,Tigers,-101,122,1.5,-170,9,-110,9.5,-105,Pirates,-119,-132,-1.5,150,9,-110,9.5,-115
2020-08-08,Astros,115,162,1.5,-135,9,-110,8.5,-115,Athletics,-135,-174,-1.5,115,9,-110,8.5,-105
2020-08-08,Braves,-110,104,1.5,-200,10,-110,10,-110,Phillies,-110,-114,-1.5,175,10,-110,10,-110
2020-08-08,Orioles,170,170,1.5,-120,9,-110,9.5,-105,Nationals,-200,-185,-1.5,100,9,-110,9.5,-115
2020-08-08,Yankees,-115,-125,-1.5,150,7,-110,7,-105,Rays,105,115,1.5,-170,7,-110,7,-115
2020-08-08,Twins,-180,-153,-1.5,-105,9,-110,9.5,-110,Royals,155,143,1.5,-115,9,-110,9.5,-110
2020-08-08,Angels,-135,-136,-1.5,115,9,-110,9,-110,Rangers,115,126,1.5,-135,9,-110,9,-110
2020-08-08,Reds,-115,106,1.5,-190,8.5,-110,9,-120,Brewers,-105,-116,-1.5,170,8.5,-110,9,100
2020-08-08,Marlins,126,155,1.5,-140,9,-110,9,100,Mets,-140,-165,-1.5,120,9,-110,9,-120
2020-08-08,Blue Jays,-112,115,1.5,-165,11,-110,10.5,-115,Red Sox,-108,-125,-1.5,145,11,-110,10.5,-105
2020-08-08,Diamondbacks,144,165,1.5,-125,7.5,-110,7.5,100,Padres,-165,-180,-1.5,105,7.5,-110,7.5,-120
2020-08-08,Rockies,-125,104,1.5,-185,9.5,-110,9.5,-105,Mariners,105,-114,-1.5,165,9.5,-110,9.5,-115
2020-08-08,Giants,249,270,1.5,135,8.5,-110,8,-120,Dodgers,-305,-310,-1.5,-155,8.5,-110,8,100
2020-08-08,Yankees,-161,-146,-1.5,135,6,-105,5.5,115,Rays,145,136,1.5,-155,6,-115,5.5,-135
2020-08-09,Orioles,184,200,1.5,-110,8.5,-110,8.5,-115,Nationals,-220,-220,-1.5,-110,8.5,-110,8.5,-105
2020-08-09,Braves,-111,-108,-1.5,165,7.5,-120,7.5,-110,Phillies,-109,-102,1.5,-185,7.5,100,7.5,-110
2020-08-09,Yankees,-105,100,1.5,-205,8.5,-110,8.5,-110,Rays,-115,-110,-1.5,180,8.5,-110,8.5,-110
2020-08-09,Marlins,207,215,1.5,-105,7,-110,7.5,100,Mets,-250,-245,-1.5,-115,7,-110,7.5,-120
2020-08-09,Tigers,-110,-140,-1.5,110,8.5,-110,9,-105,Pirates,-110,130,1.5,-130,8.5,-110,9,-115
2020-08-09,Blue Jays,130,145,1.5,-140,9.5,-110,10,-115,Red Sox,-150,-155,-1.5,120,9.5,-110,10,-105
2020-08-09,Twins,-180,-155,-1.5,-105,9,-110,9.5,-115,Royals,155,145,1.5,-115,9,-110,9.5,-105
2020-08-09,Indians,-140,-160,-1.5,-110,7.5,-110,7.5,100,White Sox,120,150,1.5,-110,7.5,-110,7.5,-120
2020-08-09,Reds,100,107,1.5,-205,8,-110,7,-110,Brewers,-120,-117,-1.5,180,8,-110,7,-110
2020-08-09,Angels,-115,-114,-1.5,140,8.5,-110,7.5,-115,Rangers,-105,104,1.5,-160,8.5,-110,7.5,-105
2020-08-09,Rockies,-185,-147,-1.5,100,9,-110,8,-110,Mariners,160,137,1.5,-120,9,-110,8,-110
2020-08-09,Giants,263,220,1.5,110,8.5,-110,8.5,100,Dodgers,-325,-250,-1.5,-130,8.5,-110,8.5,-120
2020-08-09,Diamondbacks,125,165,1.5,-125,8.5,-110,8,-115,Padres,-145,-180,-1.5,105,8.5,-110,8,-105
2020-08-09,Astros,120,138,1.5,-150,8.5,-110,8,-110,Athletics,-140,-148,-1.5,130,8.5,-110,8,-110
2020-08-09,Braves,-148,-145,-1.5,130,7,101,6.5,-120,Phillies,128,135,1.5,-150,7,-121,6.5,100
2020-08-10,Braves,130,130,1.5,-155,9,-110,9,100,Phillies,-150,-140,-1.5,135,9,-110,9,-120
2020-08-10,White Sox,-150,-130,-1.5,110,9,-110,9,-120,Tigers,130,120,1.5,-130,9,-110,9,100
2020-08-10,Nationals,-115,-120,-1.5,135,8.5,-110,8.5,-120,Mets,-105,110,1.5,-155,8.5,-110,8.5,100
2020-08-10,Rays,-147,-125,-1.5,120,9,-119,9.5,-105,Red Sox,127,115,1.5,-140,9,-101,9.5,-115
2020-08-10,Twins,-110,100,-1.5,160,8,-110,8.5,-120,Brewers,-110,-110,1.5,-180,8,-110,8.5,100
2020-08-10,Diamondbacks,130,117,1.5,-155,11.5,-110,11.5,-115,Rockies,-150,-127,-1.5,135,11.5,-110,11.5,-105
2020-08-10,Mariners,125,165,1.5,-125,9,-110,9,-110,Rangers,-145,-180,-1.5,105,9,-110,9,-110
2020-08-10,Giants,200,190,1.5,-120,9.5,-107,9,100,Astros,-230,-210,-1.5,100,9.5,-113,9,-120
2020-08-10,Athletics,-140,-122,-1.5,125,9,-110,9.5,105,Angels,120,112,1.5,-145,9,-110,9.5,-125
2020-08-10,Padres,151,185,1.5,-115,8.5,-110,8.5,-115,Dodgers,-175,-205,-1.5,-105,8.5,-110,8.5,-105
2020-08-11,Marlins,144,144,1.5,-145,8.5,-110,8,-120,Blue Jays,-165,-154,-1.5,125,8.5,-110,8,100
2020-08-11,Royals,163,161,1.5,-125,9,-110,8.5,-120,Reds,-190,-172,-1.5,105,9,-110,8.5,100
2020-08-11,Braves,140,127,1.5,-150,10,-110,9.5,-105,Yankees,-160,-137,-1.5,130,10,-110,9.5,-115
2020-08-11,Orioles,144,165,1.5,-130,9,-110,8.5,-115,Phillies,-165,-180,-1.5,110,9,-110,8.5,-105
2020-08-11,Cubs,110,-108,-1.5,150,8,-110,9,-115,Indians,-130,-102,1.5,-170,8,-110,9,-105
2020-08-11,White Sox,-110,-122,-1.5,125,9,-110,9,-120,Tigers,-110,112,1.5,-145,9,-110,9,100
2020-08-11,Nationals,-140,-155,-1.5,-115,8,-110,8.5,-115,Mets,120,145,1.5,-105,8,-110,8.5,-105
2020-08-11,Rays,-107,-113,-1.5,140,10,-107,10,-120,Red Sox,-113,103,1.5,-160,10,-113,10,100
2020-08-11,Twins,-111,104,1.5,-200,9,-118,9,-115,Brewers,-109,-114,-1.5,175,9,-102,9,-105
2020-08-11,Diamondbacks,100,-114,1.5,-200,11,-110,11,-120,Rockies,-120,104,-1.5,175,11,-110,11,100
2020-08-11,Mariners,130,120,1.5,-160,8.5,-110,8.5,-105,Rangers,-150,-130,-1.5,140,8.5,-110,8.5,-115
2020-08-11,Giants,176,157,1.5,-125,9.5,-114,9,-120,Astros,-211,-167,-1.5,105,9.5,-106,9,100
2020-08-11,Athletics,100,145,1.5,-150,9,-110,9,-110,Angels,-120,-155,-1.5,130,9,-110,9,-110
2020-08-11,Padres,155,148,1.5,-140,8.5,-110,8.5,-105,Dodgers,-180,-158,-1.5,120,8.5,-110,8.5,-115
2020-08-12,White Sox,-125,-133,-1.5,110,9,-110,9,-110,Tigers,105,123,1.5,-130,9,-110,9,-110
2020-08-12,Diamondbacks,-105,-109,1.5,-190,12.5,-110,12.5,-105,Rockies,-115,-101,-1.5,170,12.5,-110,12.5,-115
2020-08-12,Athletics,100,-109,-1.5,140,9.5,-110,9.5,-105,Angels,-120,-101,1.5,-160,9.5,-110,9.5,-115
2020-08-12,Cubs,115,110,1.5,-190,8,-110,7.5,-120,Indians,-135,-120,-1.5,170,8,-110,7.5,100
2020-08-12,Marlins,148,148,1.5,-135,8.5,-110,8.5,-110,Blue Jays,-170,-158,-1.5,115,8.5,-110,8.5,-110
2020-08-12,Royals,120,105,1.5,-180,9,-110,9.5,-115,Reds,-140,-115,-1.5,160,9,-110,9.5,-105
2020-08-12,Braves,179,155,1.5,-135,9.5,-110,9,-115,Yankees,-200,-165,-1.5,115,9.5,-110,9,-105
2020-08-12,Orioles,148,170,1.5,-115,9.5,-110,10,100,Phillies,-170,-185,-1.5,-105,9.5,-110,10,-120
2020-08-12,Nationals,-115,117,-1.5,175,9.5,-110,9.5,-110,Mets,105,-127,1.5,-200,9.5,-110,9.5,-110
2020-08-12,Twins,-145,-135,-1.5,115,9,-110,9,-120,Brewers,125,125,1.5,-135,9,-110,9,100
2020-08-12,Giants,179,177,1.5,-115,9,-110,9,100,Astros,-200,-194,-1.5,-105,9,-110,9,-120
2020-08-12,Rays,-145,-143,-1.5,105,9,-110,9,-120,Red Sox,125,133,1.5,-125,9,-110,9,100
2020-08-12,Mariners,105,108,1.5,-175,9,-110,8.5,-115,Rangers,-125,-118,-1.5,155,9,-110,8.5,-105
2020-08-12,Padres,148,158,1.5,-135,8.5,-110,9.5,-110,Dodgers,-170,-168,-1.5,115,8.5,-110,9.5,-110
2020-08-13,Nationals,-120,117,1.5,-185,9,-110,8.5,-120,Mets,100,-127,-1.5,165,9,-110,8.5,100
2020-08-13,Brewers,160,155,1.5,-125,8,-110,8.5,100,Cubs,-185,-165,-1.5,105,8,-110,8.5,-120
2020-08-13,Orioles,155,180,1.5,-110,9.5,-110,9.5,-105,Phillies,-180,-200,-1.5,-110,9.5,-110,9.5,-115
2020-08-13,Rays,-150,-159,-1.5,-105,9,-110,9,-115,Red Sox,130,149,1.5,-115,9,-110,9,-105
2020-08-13,Pirates,160,157,1.5,-130,9,-110,9,100,Reds,-185,-167,-1.5,110,9,-110,9,-120
2020-08-13,Padres,125,137,1.5,-150,8,-110,8,-115,Dodgers,-145,-147,-1.5,130,8,-110,8,-105
2020-08-14,Rays,-131,-140,-1.5,100,10,-110,10.5,-115,Blue Jays,118,130,1.5,-120,10,-110,10.5,-105
2020-08-14,Nationals,-180,-162,-1.5,-115,9,-110,9,-105,Orioles,155,152,1.5,-105,9,-110,9,-115
2020-08-14,Red Sox,325,260,1.5,130,9,-110,9,100,Yankees,-375,-300,-1.5,-150,9,-110,9,-120
2020-08-14,Mets,-210,115,-1.5,190,8.5,-110,10,-105,Phillies,190,-125,1.5,-215,8.5,-110,10,-115
2020-08-14,Indians,-170,-200,-1.5,-130,9,-110,8.5,-115,Tigers,148,180,1.5,110,9,-110,8.5,-105
2020-08-14,Pirates,176,185,1.5,-115,8.5,-110,8,-120,Reds,-210,-205,-1.5,-105,8.5,-110,8,100
2020-08-14,Braves,-119,-104,-1.5,155,9,-110,8.5,-120,Marlins,-101,-106,1.5,-175,9,-110,8.5,100
2020-08-14,Brewers,-115,-125,-1.5,135,8.5,-110,8,-120,Cubs,-105,115,1.5,-155,8.5,-110,8,100
2020-08-14,Rangers,-101,-129,-1.5,105,12,-110,12.5,-120,Rockies,-119,119,1.5,-125,12,-110,12.5,100
2020-08-14,Mariners,163,220,1.5,110,9,-110,9.5,100,Astros,-190,-250,-1.5,-130,9,-110,9.5,-120
2020-08-14,Dodgers,-155,-168,-1.5,-115,8.5,-110,9,-120,Angels,135,158,1.5,-105,8.5,-110,9,100
2020-08-14,Padres,-135,-148,-1.5,115,9,-110,9,-105,Diamondbacks,115,138,1.5,-135,9,-110,9,-115
2020-08-14,Athletics,-180,-200,-1.5,-120,8,-110,8.5,-115,Giants,155,180,1.5,100,8,-110,8.5,-105
2020-08-15,Cardinals,109,132,1.5,-160,8,-110,7.5,-115,White Sox,-119,-142,-1.5,140,8,-110,7.5,-105
2020-08-15,Mets,144,155,1.5,-130,9,-110,9,-105,Phillies,-165,-165,-1.5,110,9,-110,9,-115
2020-08-15,Indians,-185,-180,-1.5,-115,8,-110,7.5,100,Tigers,160,165,1.5,-105,8,-110,7.5,-120
2020-08-15,Braves,-175,-200,-1.5,-135,8.5,-110,8.5,-105,Marlins,151,180,1.5,115,8.5,-110,8.5,-115
2020-08-15,Nationals,-170,-174,-1.5,-120,9,-110,9,-120,Orioles,148,162,1.5,100,9,-110,9,100
2020-08-15,Royals,163,170,1.5,-145,9.5,-110,7.5,-115,Twins,-190,-185,-1.5,125,9.5,-110,7.5,-105
2020-08-15,Mariners,188,205,1.5,115,9,-110,10,-110,Astros,-225,-230,-1.5,-135,9,-110,10,-110
2020-08-15,Athletics,-210,-113,-1.5,150,8.5,-110,8.5,-120,Giants,176,103,1.5,-170,8.5,-110,8.5,100
2020-08-15,Red Sox,157,145,1.5,-135,9.5,-110,9,-120,Yankees,-175,-155,-1.5,115,9.5,-110,9,100
2020-08-15,Rangers,140,160,1.5,-120,12.5,-110,11.5,-110,Rockies,-160,-170,-1.5,100,12.5,-110,11.5,-110
2020-08-15,Padres,-125,-112,-1.5,130,9.5,-110,10,-115,Diamondbacks,114,102,1.5,-150,9.5,-110,10,-105
2020-08-15,Brewers,-110,-107,-1.5,145,9,-110,9.5,-120,Cubs,-110,-103,1.5,-165,9,-110,9.5,100
2020-08-15,Dodgers,-160,-145,-1.5,105,9,-110,9.5,-105,Angels,140,135,1.5,-125,9,-110,9.5,-115
2020-08-15,Cardinals,144,145,1.5,-170,7,-110,7,-115,White Sox,-160,-155,-1.5,150,7,-110,7,-105
2020-08-15,Royals,162,165,1.5,-135,10,-110,7.5,-130,Twins,-180,-180,-1.5,115,10,-110,7.5,110
2020-08-16,Nationals,-185,-174,-1.5,-110,9,-110,8,-110,Orioles,160,162,1.5,-110,9,-110,8,-110
2020-08-16,Mets,140,132,1.5,-145,9.5,-110,9,100,Phillies,-160,-142,-1.5,125,9.5,-110,9,-120
2020-08-16,Indians,-155,-135,-1.5,105,9,-110,9,-120,Tigers,135,125,1.5,-125,9,-110,9,100
2020-08-16,Braves,-101,-125,-1.5,135,9,-110,9,100,Marlins,-119,115,1.5,-155,9,-110,9,-120
2020-08-16,Royals,160,163,1.5,-120,9.5,-110,9.5,-110,Twins,-185,-176,-1.5,100,9.5,-110,9.5,-110
2020-08-16,Cardinals,115,135,1.5,-145,9,-110,9.5,-105,White Sox,-135,-145,-1.5,125,9,-110,9.5,-115
2020-08-16,Mariners,199,200,1.5,100,9.5,-110,9,-120,Astros,-240,-220,-1.5,-120,9.5,-110,9,100
2020-08-16,Brewers,130,113,1.5,-175,8.5,-110,9,100,Cubs,-150,-123,-1.5,155,8.5,-110,9,-120
2020-08-16,Rays,-130,-117,-1.5,145,10.5,-110,7.5,-110,Blue Jays,110,107,1.5,-165,10.5,-110,7.5,-110
2020-08-16,Rangers,130,128,1.5,-145,12.5,-110,12.5,-110,Rockies,-150,-138,-1.5,125,12.5,-110,12.5,-110
2020-08-16,Athletics,-131,-122,-1.5,130,9,-110,9.5,-110,Giants,118,112,1.5,-150,9,-110,9.5,-110
2020-08-16,Dodgers,-160,-190,-1.5,-130,9.5,-110,10,-110,Angels,140,175,1.5,110,9.5,-110,10,-110
2020-08-16,Padres,-140,-117,-1.5,130,9.5,-110,9.5,-105,Diamondbacks,120,107,1.5,-150,9.5,-110,9.5,-115
2020-08-16,Red Sox,140,147,1.5,-130,10,-110,10.5,-110,Yankees,-155,-157,-1.5,110,10,-110,10.5,-110
2020-08-17,Blue Jays,-125,-130,-1.5,120,9,-110,8.5,-130,Orioles,105,120,1.5,-140,9,-110,8.5,110
2020-08-17,Red Sox,140,145,1.5,-145,10,-110,10,100,Yankees,-160,-155,-1.5,125,10,-110,10,-120
2020-08-17,Nationals,105,150,1.5,-140,9.5,-110,10.5,-110,Braves,-125,-160,-1.5,120,9.5,-110,10.5,-110
2020-08-17,Mets,-130,-155,-1.5,-105,9,-110,9,-130,Marlins,110,145,1.5,-115,9,-110,9,110
2020-08-17,Tigers,125,155,1.5,-130,9.5,-110,9.5,-110,White Sox,-145,-165,-1.5,110,9.5,-110,9.5,-110
2020-08-17,Royals,172,160,1.5,-135,9.5,-110,9.5,-105,Twins,-205,-170,-1.5,115,9.5,-110,9.5,-115
2020-08-17,Cardinals,-175,150,1.5,-155,7,110,6.5,-105,Cubs,157,-160,-1.5,135,7,-130,6.5,-115
2020-08-17,Padres,-125,-140,-1.5,105,8.5,-110,9,-110,Rangers,105,130,1.5,-125,8.5,-110,9,-110
2020-08-17,Rockies,125,145,1.5,-140,9,-110,9.5,-110,Astros,-145,-155,-1.5,120,9,-110,9.5,-110
2020-08-17,Athletics,-115,102,-1.5,160,9,-110,9,-105,Diamondbacks,-105,-112,1.5,-180,9,-110,9,-115
2020-08-17,Giants,157,161,1.5,-125,9.5,-120,10,100,Angels,-175,-172,-1.5,105,9.5,100,10,-120
2020-08-17,Mariners,230,275,1.5,155,9,-110,10,-110,Dodgers,-280,-315,-1.5,-175,9,-110,10,-110
2020-08-17,Cubs,NL,-118,-1.5,160,NL,NL,7,-125,Cardinals,NL,108,1.5,-180,NL,NL,7,105
2020-08-18,Rockies,160,175,1.5,-120,9,-110,8.5,-105,Astros,-185,-190,-1.5,100,9,-110,8.5,-115
2020-08-18,Padres,-135,-116,-1.5,130,8.5,-110,9,105,Rangers,115,106,1.5,-150,8.5,-110,9,-125
2020-08-18,Giants,199,210,1.5,105,9.5,-110,9.5,-105,Angels,-240,-240,-1.5,-125,9.5,-110,9.5,-115
2020-08-18,Athletics,-165,-149,-1.5,-105,9,-110,9,-115,Diamondbacks,144,139,1.5,-115,9,-110,9,-105
2020-08-18,Blue Jays,-135,-120,-1.5,120,9.5,-110,10,100,Orioles,115,110,1.5,-140,9.5,-110,10,-120
2020-08-18,Rays,115,-123,-1.5,130,8.5,-110,8.5,-115,Yankees,-135,113,1.5,-150,8.5,-110,8.5,-105
2020-08-18,Indians,-185,-185,-1.5,-120,8.5,-110,9,-105,Pirates,160,170,1.5,100,8.5,-110,9,-115
2020-08-18,Mets,-165,-155,-1.5,-110,9.5,-110,10,-105,Marlins,149,145,1.5,-110,9.5,-110,10,-115
2020-08-18,Nationals,-105,118,1.5,-165,10,-110,9.5,-110,Braves,-115,-128,-1.5,145,10,-110,9.5,-110
2020-08-18,Mariners,215,210,1.5,110,9,-110,9.5,-105,Dodgers,-260,-240,-1.5,-130,9,-110,9.5,-115
2020-08-18,Phillies,-120,-130,-1.5,110,10.5,-110,11,-105,Red Sox,100,120,1.5,-130,10.5,-110,11,-115
2020-08-18,Brewers,148,135,1.5,-150,9,-110,9,105,Twins,-170,-145,-1.5,130,9,-110,9,-125
2020-08-18,Tigers,148,152,1.5,-135,9.5,-110,9,-110,White Sox,-170,-162,-1.5,115,9.5,-110,9,-110
2020-08-18,Cardinals,155,163,1.5,-125,8,-110,7.5,-110,Cubs,-180,-176,-1.5,105,8,-110,7.5,-110
2020-08-19,Rays,155,167,1.5,-130,8.5,-110,8,-120,Yankees,-180,-182,-1.5,110,8.5,-110,8,100
2020-08-19,Blue Jays,-115,109,1.5,-185,10,-110,9.5,-120,Orioles,-105,-119,-1.5,165,10,-110,9.5,100
2020-08-19,Indians,-170,-185,-1.5,-125,9,-110,9,-115,Pirates,148,170,1.5,105,9,-110,9,-105
2020-08-19,Mets,-250,-210,-1.5,-120,7.5,-110,7.5,100,Marlins,207,190,1.5,100,7.5,-110,7.5,-120
2020-08-19,Phillies,-155,-166,-1.5,-120,11,-110,10.5,-120,Red Sox,135,156,1.5,100,11,-110,10.5,100
2020-08-19,Reds,NL,-205,-1.5,-110,NL,NL,6.5,100,Royals,NL,185,1.5,-110,NL,NL,6.5,-120
2020-08-19,Brewers,151,143,1.5,-140,9.5,-110,9.5,105,Twins,-175,-153,-1.5,120,9.5,-110,9.5,-125
2020-08-19,Tigers,140,144,1.5,-150,9,-110,9,-120,White Sox,-160,-154,-1.5,130,9,-110,9,100
2020-08-19,Cardinals,-126,-132,-1.5,150,6.5,105,6,100,Cubs,114,122,1.5,-170,6.5,-125,6,-120
2020-08-19,Astros,-130,-143,-1.5,-110,12.5,-110,12.5,100,Rockies,110,133,1.5,-110,12.5,-110,12.5,-120
2020-08-19,Rangers,115,126,1.5,-175,7,-110,8,-105,Padres,-135,-136,-1.5,155,7,-110,8,-115
2020-08-19,Diamondbacks,148,150,1.5,-135,8.5,-110,8.5,-105,Athletics,-170,-160,-1.5,115,8.5,-110,8.5,-115
2020-08-19,Dodgers,-240,-240,-1.5,-150,9.5,-110,9,-110,Mariners,199,210,1.5,130,9.5,-110,9,-110
2020-08-19,Angels,-119,-145,-1.5,120,8.5,-116,9,-110,Giants,109,135,1.5,-140,8.5,-104,9,-110
2020-08-19,Cubs,-124,-125,-1.5,150,7.5,105,7.5,-115,Cardinals,113,115,1.5,-170,7.5,-125,7.5,-105
2020-08-19,Reds,-140,-143,-1.5,130,7,100,6.5,-115,Royals,126,133,1.5,-150,7,-125,6.5,-105
2020-08-20,Rays,110,129,1.5,-155,9.5,-115,9,-125,Yankees,-130,-139,-1.5,135,9.5,-105,9,105
2020-08-20,Tigers,160,150,1.5,-145,8.5,-110,8.5,100,White Sox,-185,-160,-1.5,125,8.5,-110,8.5,-120
2020-08-20,Astros,-115,114,1.5,-165,11.5,-110,11.5,-105,Rockies,-105,-124,-1.5,145,11.5,-110,11.5,-115
2020-08-20,Red Sox,-125,-145,-1.5,100,10,-110,9.5,-110,Orioles,105,135,1.5,-120,10,-110,9.5,-110
2020-08-20,Indians,-220,-280,-1.5,-175,7.5,-110,7.5,-120,Pirates,184,245,1.5,155,7.5,-110,7.5,100
2020-08-20,Dodgers,-240,-330,-1.5,-185,9,-110,8.5,100,Mariners,199,285,1.5,165,9,-110,8.5,-120
2020-08-20,Brewers,115,-105,1.5,-200,8.5,-110,8.5,-110,Twins,-135,-105,-1.5,175,8.5,-110,8.5,-110
2020-08-20,Rangers,160,180,1.5,-115,8.5,-110,8,-120,Padres,-185,-200,-1.5,-105,8.5,-110,8,100
2020-08-20,Reds,-130,-130,-1.5,115,8,-110,8,-120,Cardinals,110,120,1.5,-135,8,-110,8,100
2020-08-20,Diamondbacks,130,148,1.5,-140,9,-110,9,100,Athletics,-150,-158,-1.5,120,9,-110,9,-120
2020-08-20,Angels,-130,115,1.5,-170,9,-115,9,-110,Giants,110,-125,-1.5,150,9,-105,9,-110
2020-08-20,Phillies,118,-115,1.5,-230,9,100,8.5,-105,Blue Jays,-130,105,-1.5,200,9,-120,8.5,-115
2020-08-20,Phillies,110,-113,1.5,-210,9,100,8.5,-105,Blue Jays,-120,103,-1.5,185,9,-120,8.5,-115
2020-08-21,Marlins,176,178,1.5,-115,9,-110,8.5,-120,Nationals,-210,-196,-1.5,-105,9,-110,8.5,100
2020-08-21,Blue Jays,140,143,1.5,-145,8.5,-110,8.5,-115,Rays,-160,-153,-1.5,125,8.5,-110,8.5,-105
2020-08-21,Red Sox,105,-120,-1.5,130,10,-110,10,100,Orioles,-115,110,1.5,-150,10,-110,10,-120
2020-08-21,Brewers,-165,-138,-1.5,105,8.5,-110,8.5,-120,Pirates,144,128,1.5,-125,8.5,-110,8.5,100
2020-08-21,Tigers,151,180,1.5,-110,9.5,-110,9.5,-110,Indians,-175,-200,-1.5,-110,9.5,-110,9.5,-110
2020-08-21,Phillies,105,104,-1.5,180,8.5,-110,8,100,Braves,-125,-114,1.5,-205,8.5,-110,8,-120
2020-08-21,Twins,-140,-138,-1.5,110,8.5,-110,9,100,Royals,120,128,1.5,-130,8.5,-110,9,-120
2020-08-21,White Sox,-105,-109,-1.5,145,8.5,-110,9.5,-105,Cubs,-115,-101,1.5,-165,8.5,-110,9.5,-115
2020-08-21,Reds,-119,105,-1.5,160,8.5,-110,9,-115,Cardinals,-101,-115,1.5,-180,8.5,-110,9,-105
2020-08-21,Rangers,-119,-120,-1.5,130,9,-110,8.5,-120,Mariners,-101,110,1.5,-150,9,-110,8.5,100
2020-08-21,Astros,-115,106,1.5,-185,8.5,-110,9,100,Padres,105,-116,-1.5,165,8.5,-110,9,-120
2020-08-21,Angels,135,-111,-1.5,150,9,-110,9.5,-110,Athletics,-155,101,1.5,-170,9,-110,9.5,-110
2020-08-21,Rockies,180,205,1.5,-105,9,-110,9.5,100,Dodgers,-215,-230,-1.5,-115,9,-110,9.5,-120
2020-08-21,Diamondbacks,-110,-115,-1.5,135,9,-110,9.5,-105,Giants,-110,105,1.5,-155,9,-110,9.5,-115
2020-08-22,Brewers,-165,-160,-1.5,-105,9.5,-110,9.5,-105,Pirates,144,150,1.5,-115,9.5,-110,9.5,-115
2020-08-22,Angels,135,137,1.5,-155,9.5,-110,9.5,-115,Athletics,-155,-147,-1.5,135,9.5,-110,9.5,-105
2020-08-22,Marlins,213,230,1.5,-110,6.5,-110,6.5,-115,Nationals,-240,-260,-1.5,-110,6.5,-110,6.5,-105
2020-08-22,Blue Jays,-111,-115,-1.5,135,8.5,-110,8.5,-120,Rays,101,105,1.5,-155,8.5,-110,8.5,100
2020-08-22,Red Sox,-119,-113,-1.5,135,9.5,-110,10,-110,Orioles,-101,103,1.5,-155,9.5,-110,10,-110
2020-08-22,Twins,-165,-148,-1.5,-105,9,-110,9.5,-115,Royals,144,138,1.5,-115,9,-110,9.5,-105
2020-08-22,Tigers,151,155,1.5,-135,10,-110,9.5,100,Indians,-175,-165,-1.5,115,10,-110,9.5,-120
2020-08-22,Phillies,-130,-113,-1.5,135,9,-110,9,-120,Braves,110,103,1.5,-155,9,-110,9,100
2020-08-22,White Sox,157,165,1.5,-105,9.5,-110,10.5,-110,Cubs,-175,-180,-1.5,-115,9.5,-110,10.5,-110
2020-08-22,Reds,-101,126,1.5,-160,9.5,-110,9.5,100,Cardinals,-119,-136,-1.5,140,9.5,-110,9.5,-120
2020-08-22,Astros,105,110,1.5,-180,8.5,-110,9.5,-120,Padres,-125,-120,-1.5,160,8.5,-110,9.5,100
2020-08-22,Rangers,110,127,1.5,-155,9,-110,8.5,-120,Mariners,-130,-137,-1.5,135,9,-110,8.5,100
2020-08-22,Rockies,172,200,1.5,-110,9.5,-110,8.5,-110,Dodgers,-205,-220,-1.5,-110,9.5,-110,8.5,-110
2020-08-22,Diamondbacks,-165,-160,-1.5,-105,9,-110,8.5,-115,Giants,144,150,1.5,-115,9,-110,8.5,-105
2020-08-22,Nationals,-150,-130,-1.5,135,7.5,-110,7.5,100,Marlins,135,120,1.5,-155,7.5,-110,7.5,-120
2020-08-23,Marlins,144,138,1.5,-150,10,-110,10.5,-115,Nationals,-165,-148,-1.5,130,10,-110,10.5,-105
2020-08-23,Red Sox,-110,-122,-1.5,125,10.5,-110,10.5,-115,Orioles,-110,112,1.5,-145,10.5,-110,10.5,-105
2020-08-23,Tigers,207,230,1.5,115,9,-110,8.5,-115,Indians,-250,-260,-1.5,-135,9,-110,8.5,-105
2020-08-23,Blue Jays,131,132,1.5,-155,9,-110,9,100,Rays,-145,-142,-1.5,135,9,-110,9,-120
2020-08-23,Brewers,-170,-180,-1.5,-120,9,-110,9,-115,Pirates,148,165,1.5,100,9,-110,9,-105
2020-08-23,Twins,-155,-140,-1.5,100,9.5,-110,10,-105,Royals,140,130,1.5,-120,9.5,-110,10,-115
2020-08-23,Reds,-120,105,-1.5,160,9.5,-110,9,-120,Cardinals,100,-115,1.5,-180,9.5,-110,9,100
2020-08-23,White Sox,160,163,1.5,-120,10.5,-110,10,-110,Cubs,-185,-176,-1.5,100,10.5,-110,10,-110
2020-08-23,Angels,115,130,1.5,-165,9,-110,8.5,-115,Athletics,-135,-140,-1.5,145,9,-110,8.5,-105
2020-08-23,Rangers,-130,-125,-1.5,125,9,-110,9,100,Mariners,110,115,1.5,-145,9,-110,9,-120
2020-08-23,Astros,-121,-118,-1.5,140,9,-110,8.5,-115,Padres,110,108,1.5,-160,9,-110,8.5,-105
2020-08-23,Diamondbacks,-120,-118,-1.5,135,9.5,-110,9,-110,Giants,100,108,1.5,-155,9.5,-110,9,-110
2020-08-23,Phillies,115,100,1.5,-200,9.5,-110,9.5,-115,Braves,-135,-110,-1.5,175,9.5,-110,9.5,-105
2020-08-23,Rockies,180,220,1.5,100,9.5,-110,9,-105,Dodgers,-215,-250,-1.5,-120,9.5,-110,9,-115
2020-08-24,Blue Jays,170,200,1.5,-110,8,-110,8,-120,Rays,-200,-220,-1.5,-110,8,-110,8,100
2020-08-24,Marlins,125,102,1.5,-185,9.5,-110,9,-110,Nationals,-145,-112,-1.5,165,9.5,-110,9,-110
2020-08-24,Cubs,-145,-122,-1.5,120,9.5,-110,9.5,-115,Tigers,125,112,1.5,-140,9.5,-110,9.5,-105
2020-08-24,Twins,-115,-123,-1.5,130,9,-110,8.5,-115,Indians,-105,113,1.5,-150,9,-110,8.5,-105
2020-08-24,Reds,-140,-147,-1.5,110,8.5,-110,8.5,-110,Brewers,120,137,1.5,-130,8.5,-110,8.5,-110
2020-08-24,Royals,155,162,1.5,-135,8,-110,8,-105,Cardinals,-180,-174,-1.5,115,8,-110,8,-115
2020-08-24,Athletics,-130,-145,-1.5,115,8,-110,7.5,100,Rangers,110,135,1.5,-135,8,-110,7.5,-120
2020-08-24,Angels,155,150,1.5,-130,9.5,-110,9.5,100,Astros,-180,-160,-1.5,110,9.5,-110,9.5,-120
2020-08-24,Rockies,120,130,1.5,-150,9,-110,10,-120,Diamondbacks,-140,-140,-1.5,130,9,-110,10,100
2020-08-25,Phillies,-101,-122,-1.5,120,9.5,-110,11,-105,Nationals,-119,112,1.5,-140,9.5,-110,11,-115
2020-08-25,Red Sox,115,108,1.5,-160,10.5,-110,11.5,-115,Blue Jays,-135,-118,-1.5,140,10.5,-110,11.5,-105
2020-08-25,Orioles,176,190,1.5,-115,8.5,-110,8,100,Rays,-210,-210,-1.5,-105,8.5,-110,8,-120
2020-08-25,Twins,148,160,1.5,-140,8,-110,8,100,Indians,-170,-170,-1.5,120,8,-110,8,-120
2020-08-25,Cubs,-140,-136,-1.5,110,9.5,-110,9.5,-105,Tigers,126,126,1.5,-130,9.5,-110,9.5,-115
2020-08-25,Marlins,162,175,1.5,-130,7.5,-110,7.5,-120,Mets,-180,-190,-1.5,110,7.5,-110,7.5,100
2020-08-25,Pirates,176,220,1.5,110,9,-110,8.5,-120,White Sox,-210,-250,-1.5,-130,9,-110,8.5,100
2020-08-25,Reds,105,103,1.5,-200,8.5,-110,8,-115,Brewers,-125,-113,-1.5,175,8.5,-110,8,-105
2020-08-25,Royals,170,173,1.5,-115,9.5,-110,9,-115,Cardinals,-200,-188,-1.5,-105,9.5,-110,9,-105
2020-08-25,Athletics,-175,-155,-1.5,-110,9,-110,8.5,-115,Rangers,151,145,1.5,-110,9,-110,8.5,-105
2020-08-25,Angels,151,132,1.5,-155,10,-110,7.5,-120,Astros,-175,-142,-1.5,135,10,-110,7.5,100
2020-08-25,Mariners,163,180,1.5,-120,8,-110,8,-115,Padres,-190,-200,-1.5,100,8,-110,8,-105
2020-08-25,Rockies,-119,-111,1.5,-215,9.5,-110,9.5,100,Diamondbacks,-101,101,-1.5,190,9.5,-110,9.5,-120
2020-08-25,Dodgers,-205,-205,-1.5,-130,9,-110,9,-105,Giants,172,185,1.5,110,9,-110,9,-115
2020-08-25,Mets,-180,-190,-1.5,-105,7.5,-110,7.5,-105,Marlins,162,175,1.5,-115,7.5,-110,7.5,-115
2020-08-25,Angels,179,130,1.5,-160,8,-110,8,-120,Astros,-200,-140,-1.5,140,8,-110,8,100
2020-08-26,Pirates,192,195,1.5,-105,9,-110,9,-105,White Sox,-230,-215,-1.5,-115,9,-110,9,-115
2020-08-26,Phillies,-115,-124,-1.5,135,9,-110,8.5,-115,Nationals,-105,114,1.5,-155,9,-110,8.5,-105
2020-08-26,Red Sox,109,108,1.5,-164,11.5,-110,11.5,-110,Blue Jays,-119,-118,-1.5,144,11.5,-110,11.5,-110
2020-08-26,Orioles,162,153,1.5,-130,9,-110,8.5,-120,Rays,-180,-163,-1.5,110,9,-110,8.5,100
2020-08-26,Twins,-130,-105,1.5,-205,8.5,-110,9,-105,Indians,110,-105,-1.5,180,8.5,-110,9,-115
2020-08-26,Cubs,-145,-140,-1.5,-105,10,-110,10,-130,Tigers,125,130,1.5,-115,10,-110,10,110
2020-08-26,Yankees,-105,122,1.5,-190,9,-110,6.5,105,Braves,-115,-132,-1.5,170,9,-110,6.5,-125
2020-08-26,Marlins,207,240,1.5,100,7,-110,7.5,-115,Mets,-250,-270,-1.5,-120,7,-110,7.5,-105
2020-08-26,Royals,155,155,1.5,-130,9,-110,9,-120,Cardinals,-180,-165,-1.5,110,9,-110,9,100
2020-08-26,Athletics,-160,-133,-1.5,100,9.5,-110,10,-110,Rangers,140,123,1.5,-120,9.5,-110,10,-110
2020-08-26,Rockies,-110,120,1.5,-165,9.5,-110,10.5,-105,Diamondbacks,-110,-130,-1.5,145,9.5,-110,10.5,-115
2020-08-26,Yankees,-170,-169,-1.5,110,7,-110,6.5,100,Braves,153,159,1.5,-130,7,-110,6.5,-120
2020-08-27,Mariners,176,225,1.5,-110,9,-110,6,-120,Padres,-210,-255,-1.5,-110,9,-110,6,100
2020-08-27,Reds,110,-125,-1.5,145,9.5,-110,6.5,105,Brewers,-130,115,1.5,-165,9.5,-110,6.5,-125
2020-08-27,Dodgers,-240,-245,-1.5,-140,9,-110,6.5,100,Giants,199,215,1.5,120,9,-110,6.5,-120
2020-08-27,Pirates,151,144,1.5,-165,7,-110,6.5,-120,Cardinals,-175,-154,-1.5,145,7,-110,6.5,100
2020-08-27,Pirates,166,160,1.5,-145,7,-110,7,-130,Cardinals,-195,-170,-1.5,125,7,-110,7,110
2020-08-27,Mariners,196,175,1.5,-140,6.5,-110,6.5,-115,Padres,-220,-190,-1.5,120,6.5,-110,6.5,-105
2020-08-27,Dodgers,-240,-158,-1.5,110,6.5,-110,6.5,-120,Giants,213,148,1.5,-130,6.5,-110,6.5,100
2020-08-27,Reds,117,152,1.5,-150,7.5,-110,7,-120,Brewers,-129,-162,-1.5,130,7.5,-110,7,100
2020-08-28,Orioles,196,185,1.5,-110,9.5,-110,9.5,105,Blue Jays,-220,-205,-1.5,-110,9.5,-110,9.5,-125
2020-08-28,Mets,125,120,1.5,-175,7.5,-110,8,100,Yankees,-145,-130,-1.5,155,7.5,-110,8,-120
2020-08-28,Braves,115,130,1.5,-160,9,-110,9.5,-105,Phillies,-135,-140,-1.5,140,9,-110,9.5,-115
2020-08-28,Rays,-150,-128,-1.5,130,9,-110,8,-120,Marlins,135,118,1.5,-150,9,-110,8,100
2020-08-28,Cubs,-131,-144,-1.5,105,9.5,-110,9,-115,Reds,118,134,1.5,-125,9.5,-110,9,-105
2020-08-28,Nationals,-170,-152,-1.5,-110,9.5,-110,9,-115,Red Sox,153,142,1.5,-110,9.5,-110,9,-105
2020-08-28,Royals,122,130,1.5,-150,10,-110,10,-105,White Sox,-135,-140,-1.5,130,10,-110,10,-115
2020-08-28,Pirates,170,190,1.5,-115,9.5,-110,9,-110,Brewers,-190,-210,-1.5,-105,9.5,-110,9,-110
2020-08-28,Indians,-145,-130,-1.5,120,9,-110,8.5,-110,Cardinals,131,120,1.5,-140,9,-110,8.5,-110
2020-08-28,Padres,-120,100,-1.5,135,12.5,-110,11.5,-105,Rockies,110,-110,1.5,-155,12.5,-110,11.5,-115
2020-08-28,Dodgers,-230,-220,-1.5,-150,9.5,-110,9,-105,Rangers,205,200,1.5,130,9.5,-110,9,-115
2020-08-28,Mariners,175,185,1.5,-110,9,-110,9,-120,Angels,-195,-205,-1.5,-110,9,-110,9,100
2020-08-28,Giants,157,173,1.5,-125,9,-110,9,-110,Diamondbacks,-175,-188,-1.5,105,9,-110,9,-110
2020-08-28,Yankees,-121,-130,-1.5,140,7.5,-110,7.5,-110,Mets,110,120,1.5,-160,7.5,-110,7.5,-110
2020-08-29,Mets,109,-105,1.5,-190,9.5,-110,10,-115,Yankees,-119,-105,-1.5,170,9.5,-110,10,-105
2020-08-29,Indians,115,123,1.5,-180,8,-110,7.5,100,Cardinals,-135,-133,-1.5,160,8,-110,7.5,-120
2020-08-29,Braves,105,109,1.5,-180,10,-110,10.5,-105,Phillies,-115,-119,-1.5,160,10,-110,10.5,-115
2020-08-29,Royals,144,146,1.5,-140,10,-110,10,-115,White Sox,-160,-156,-1.5,120,10,-110,10,-105
2020-08-29,Rays,-121,104,-1.5,155,8.5,-110,8,-115,Marlins,110,-114,1.5,-175,8.5,-110,8,-105
2020-08-29,Twins,-175,-148,-1.5,125,7,-110,7,105,Tigers,157,138,1.5,-145,7,-110,7,-125
2020-08-29,Cubs,101,-109,1.5,-250,6,-110,6,100,Reds,-111,-101,-1.5,220,6,-110,6,-120
2020-08-29,Orioles,144,140,1.5,-140,10,-110,10,-105,Blue Jays,-160,-150,-1.5,120,10,-110,10,-115
2020-08-29,Dodgers,-150,-155,-1.5,100,8,-110,8.5,-120,Rangers,130,145,1.5,-120,8,-110,8.5,100
2020-08-29,Pirates,155,175,1.5,-120,9,-110,9,-110,Brewers,-180,-190,-1.5,100,9,-110,9,-110
2020-08-29,Athletics,115,119,1.5,-180,9,-110,6.5,100,Astros,-135,-129,-1.5,160,9,-110,6.5,-120
2020-08-29,Nationals,-120,-112,-1.5,120,11.5,-110,11.5,100,Red Sox,100,102,1.5,-140,11.5,-110,11.5,-120
2020-08-29,Padres,120,-110,-1.5,130,9,-110,13,-105,Rockies,-140,100,1.5,-150,9,-110,13,-115
2020-08-29,Giants,120,146,1.5,-150,9.5,-110,9.5,-120,Diamondbacks,-140,-156,-1.5,130,9.5,-110,9.5,100
2020-08-29,Mariners,157,170,1.5,-120,8.5,-110,9,-110,Angels,-175,-185,-1.5,100,8.5,-110,9,-110
2020-08-29,Cubs,118,108,1.5,-210,7,-110,7.5,-105,Reds,-131,-118,-1.5,185,7,-110,7.5,-115
2020-08-29,Twins,-165,-149,-1.5,115,7.5,-110,7,-115,Tigers,149,139,1.5,-135,7.5,-110,7,-105
2020-08-29,Athletics,100,100,1.5,-205,7,-105,7,100,Astros,-110,-110,-1.5,180,7,-115,7,-120
2020-08-30,Mets,110,-111,-1.5,160,7.5,-110,8,-110,Yankees,-121,101,1.5,-180,7.5,-110,8,-110
2020-08-30,Rays,-175,-170,-1.5,100,7.5,-110,7,-110,Marlins,157,160,1.5,-120,7.5,-110,7,-110
2020-08-30,Cubs,125,152,1.5,-140,9,-110,9,-105,Reds,-145,-162,-1.5,120,9,-110,9,-115
2020-08-30,Twins,-210,-210,-1.5,-135,9,-110,8.5,-110,Tigers,176,190,1.5,115,9,-110,8.5,-110
2020-08-30,Nationals,-120,102,-1.5,140,11.5,-110,11,-120,Red Sox,100,-112,1.5,-160,11.5,-110,11,100
2020-08-30,Royals,170,161,1.5,-130,10,-110,9.5,-105,White Sox,-190,-172,-1.5,110,10,-110,9.5,-115
2020-08-30,Pirates,184,240,1.5,105,8.5,-110,8,-115,Brewers,-220,-270,-1.5,-125,8.5,-110,8,-105
2020-08-30,Indians,-110,-120,-1.5,135,8.5,-110,8,-105,Cardinals,-110,110,1.5,-155,8.5,-110,8,-115
2020-08-30,Dodgers,-230,-220,-1.5,-140,9.5,-110,9,-120,Rangers,192,200,1.5,120,9.5,-110,9,100
2020-08-30,Orioles,131,135,1.5,-135,10.5,-110,10,-115,Blue Jays,-145,-145,-1.5,115,10.5,-110,10,-105
2020-08-30,Padres,-150,-165,-1.5,-115,12.5,-110,13,-115,Rockies,130,155,1.5,-105,12.5,-110,13,-105
2020-08-30,Mariners,151,180,1.5,-110,9.5,-110,10,-110,Angels,-175,-200,-1.5,-110,9.5,-110,10,-110
2020-08-30,Giants,115,110,1.5,-175,9.5,-110,9.5,100,Diamondbacks,-135,-120,-1.5,155,9.5,-110,9.5,-120
2020-08-30,Braves,122,-114,1.5,-230,10.5,-110,9,-120,Phillies,-135,104,-1.5,200,10.5,-110,9,100
2020-08-30,Yankees,122,135,1.5,-175,7.5,-110,7,-125,Mets,-135,-145,-1.5,155,7.5,-110,7,105
2020-08-31,Orioles,170,151,1.5,-125,10.5,-110,10,-110,Blue Jays,-190,-161,-1.5,105,10.5,-110,10,-110
2020-08-31,Mariners,135,140,1.5,-150,9.5,-110,9,-110,Angels,-150,-150,-1.5,130,9.5,-110,9,-110
2020-08-31,Cardinals,-101,100,1.5,-200,9,-110,9.5,-110,Reds,-119,-110,-1.5,175,9,-110,9.5,-110
2020-08-31,Rays,125,136,1.5,-155,7.5,-110,7.5,100,Yankees,-145,-146,-1.5,135,7.5,-110,7.5,-120
2020-08-31,Nationals,-105,128,1.5,-155,10.5,-110,10.5,-110,Phillies,-115,-138,-1.5,135,10.5,-110,10.5,-110
2020-08-31,Braves,-185,-196,-1.5,-130,9.5,-110,9,-120,Red Sox,160,178,1.5,110,9.5,-110,9,100
2020-08-31,Pirates,157,180,1.5,-115,9,-110,8.5,-120,Brewers,-175,-200,-1.5,-105,9,-110,8.5,100
2020-08-31,Indians,-220,-240,-1.5,-145,7.5,-110,7.5,-105,Royals,184,210,1.5,125,7.5,-110,7.5,-115
2020-08-31,White Sox,-119,-112,-1.5,140,9,-110,8.5,-115,Twins,-101,102,1.5,-160,9,-110,8.5,-105
2020-08-31,Padres,218,102,-1.5,160,7,-110,12,-120,Rockies,-245,-112,1.5,-180,7,-110,12,100
2020-08-31,Marlins,213,240,1.5,115,7,-110,7.5,-110,Mets,-240,-270,-1.5,-135,7,-110,7.5,-110
2020-09-01,Cardinals,131,154,1.5,-135,8,-110,9,-105,Reds,-145,-164,-1.5,115,8,-110,9,-115
2020-09-01,Blue Jays,-110,112,1.5,-180,8.5,-110,8.5,-105,Marlins,100,-122,-1.5,160,8.5,-110,8.5,-115
2020-09-01,Cubs,-150,-163,-1.5,-115,9,-110,9.5,-120,Pirates,135,153,1.5,-105,9,-110,9.5,100
2020-09-01,Mets,-129,-132,-1.5,110,10,-110,10.5,100,Orioles,117,122,1.5,-130,10,-110,10.5,-120
2020-09-01,Rays,114,139,1.5,-150,8.5,-110,9,-115,Yankees,-126,-149,-1.5,130,8.5,-110,9,-105
2020-09-01,Nationals,135,138,1.5,-155,8.5,-110,8.5,-115,Phillies,-150,-148,-1.5,135,8.5,-110,8.5,-105
2020-09-01,Braves,-190,-168,-1.5,-120,10.5,-110,9.5,-110,Red Sox,170,158,1.5,100,10.5,-110,9.5,-110
2020-09-01,Tigers,144,175,1.5,-120,9.5,-110,9.5,-115,Brewers,-160,-190,-1.5,100,9.5,-110,9.5,-105
2020-09-01,Indians,-195,-200,-1.5,-135,9,-110,9,-120,Royals,175,180,1.5,115,9,-110,9,100
2020-09-01,White Sox,-130,-101,-1.5,150,9,-110,9,-110,Twins,118,-109,1.5,-170,9,-110,9,-110
2020-09-01,Rangers,243,230,1.5,115,9.5,-110,8.5,-120,Astros,-275,-260,-1.5,-135,9.5,-110,8.5,100
2020-09-01,Giants,122,-110,1.5,-190,12.5,-110,11.5,-110,Rockies,-135,100,-1.5,170,12.5,-110,11.5,-110
2020-09-01,Diamondbacks,234,200,1.5,100,9,-110,8.5,-115,Dodgers,-265,-220,-1.5,-120,9,-110,8.5,-105
2020-09-02,Giants,120,108,1.5,-165,12,-110,11.5,-115,Rockies,-140,-118,-1.5,145,12,-110,11.5,-105
2020-09-02,Cardinals,-110,135,1.5,-155,9.5,-110,10,-115,Reds,-110,-145,-1.5,135,9.5,-110,10,-105
2020-09-02,Blue Jays,-119,-112,-1.5,150,7.5,-110,7,-120,Marlins,-101,102,1.5,-170,7.5,-110,7,100
2020-09-02,Cubs,-200,-170,-1.5,-110,9.5,-110,9,-115,Pirates,170,160,1.5,-110,9.5,-110,9,-105
2020-09-02,Mets,-126,-142,-1.5,100,10,-110,10,-110,Orioles,114,132,1.5,-120,10,-110,10,-110
2020-09-02,Rays,-110,118,1.5,-175,9,-110,9,100,Yankees,-110,-128,-1.5,155,9,-110,9,-120
2020-09-02,Nationals,-110,-117,-1.5,135,8.5,-110,8.5,-105,Phillies,-110,107,1.5,-155,8.5,-110,8.5,-115
2020-09-02,Braves,-160,-147,-1.5,-105,11,-110,11,-120,Red Sox,144,137,1.5,-115,11,-110,11,100
2020-09-02,Tigers,135,161,1.5,-135,9,-110,9,-110,Brewers,-155,-172,-1.5,115,9,-110,9,-110
2020-09-02,Indians,-185,-160,-1.5,-110,9,-110,9,100,Royals,160,150,1.5,-110,9,-110,9,-120
2020-09-02,White Sox,125,147,1.5,-140,9,-110,9.5,-105,Twins,-145,-157,-1.5,120,9,-110,9.5,-115
2020-09-02,Rangers,203,165,1.5,-115,9,-110,9,-110,Astros,-245,-180,-1.5,-105,9,-110,9,-110
2020-09-02,Padres,-155,-190,-1.5,-130,9.5,-110,9,-120,Angels,135,175,1.5,110,9.5,-110,9,100
2020-09-02,Diamondbacks,157,180,1.5,-120,8.5,-110,8,-110,Dodgers,-175,-200,-1.5,100,8.5,-110,8,-110
2020-09-03,Cubs,-165,-155,-1.5,-105,9.5,-110,10,-105,Pirates,144,145,1.5,-115,9.5,-110,10,-115
2020-09-03,Rangers,148,150,1.5,-140,8,-110,7.5,100,Astros,-170,-160,-1.5,120,8,-110,7.5,-120
2020-09-03,Nationals,148,162,1.5,-125,10.5,-110,10.5,-110,Phillies,-170,-174,-1.5,105,10.5,-110,10.5,-110
2020-09-03,Padres,-165,-138,-1.5,105,9,-110,8.5,-120,Angels,149,128,1.5,-125,9,-110,8.5,100
2020-09-03,Blue Jays,-130,-120,-1.5,125,10.5,-110,10.5,-105,Red Sox,110,110,1.5,-145,10.5,-110,10.5,-115
2020-09-03,White Sox,-135,-135,-1.5,110,9.5,-110,9.5,105,Royals,115,125,1.5,-130,9.5,-110,9.5,-125
2020-09-03,Diamondbacks,222,260,1.5,125,8.5,-110,8.5,-110,Dodgers,-270,-300,-1.5,-145,8.5,-110,8.5,-110
2020-09-03,Yankees,-115,105,-1.5,155,9.5,-110,9,-120,Mets,105,-115,1.5,-175,9.5,-110,9,100
2020-09-04,Marlins,130,120,1.5,-175,8,-110,7.5,-115,Rays,-150,-130,-1.5,155,8,-110,7.5,-105
2020-09-04,Yankees,-150,-148,-1.5,120,8,-110,8,100,Orioles,135,138,1.5,-140,8,-110,8,-120
2020-09-04,Reds,-160,-185,-1.5,-110,6.5,-110,6.5,-105,Pirates,140,170,1.5,-110,6.5,-110,6.5,-115
2020-09-04,Phillies,100,125,1.5,-155,9.5,-110,10,-120,Mets,-120,-135,-1.5,135,9.5,-110,10,100
2020-09-04,Brewers,130,130,1.5,-160,8.5,-110,7.5,-115,Indians,-150,-140,-1.5,140,8.5,-110,7.5,-105
2020-09-04,Nationals,140,165,1.5,-135,8,-110,8.5,100,Braves,-160,-180,-1.5,115,8,-110,8.5,-120
2020-09-04,Blue Jays,-135,-112,-1.5,145,8,-110,8.5,-115,Red Sox,115,102,1.5,-165,8,-110,8.5,-105
2020-09-04,White Sox,-150,-160,-1.5,-110,9.5,-110,9,-115,Royals,130,150,1.5,-110,9.5,-110,9,-105
2020-09-04,Tigers,151,151,1.5,-145,7,-110,6.5,-120,Twins,-175,-161,-1.5,125,7,-110,6.5,100
2020-09-04,Cardinals,120,130,1.5,-160,8.5,-110,8,-115,Cubs,-140,-140,-1.5,140,8.5,-110,8,-105
2020-09-04,Astros,-110,-115,-1.5,135,8.5,-110,8.5,-115,Angels,-110,105,1.5,-155,8.5,-110,8.5,-105
2020-09-04,Rangers,-101,115,1.5,-180,8.5,-110,8.5,-115,Mariners,-119,-125,-1.5,160,8.5,-110,8.5,-105
2020-09-04,Padres,100,135,1.5,-160,8.5,-110,8,-110,Athletics,-120,-145,-1.5,140,8.5,-110,8,-110
2020-09-04,Rockies,207,220,1.5,120,9,-110,9,-110,Dodgers,-250,-250,-1.5,-140,9,-110,9,-110
2020-09-04,Diamondbacks,-110,140,1.5,-165,8.5,-110,9,-105,Giants,-110,-150,-1.5,145,8.5,-110,9,-115
2020-09-04,Pirates,179,180,1.5,-135,6.5,-110,6,-130,Reds,-200,-200,-1.5,115,6.5,-110,6,110
2020-09-04,Nationals,135,155,1.5,-150,8.5,-110,8,-120,Braves,-150,-165,-1.5,130,8.5,-110,8,100
2020-09-04,Yankees,-180,-170,-1.5,110,8,-110,7.5,-115,Orioles,162,160,1.5,-130,8,-110,7.5,-105
2020-09-04,Twins,-155,-152,-1.5,125,7,-110,7,105,Tigers,140,142,1.5,-145,7,-110,7,-125
2020-09-04,Red Sox,118,130,1.5,-170,8.5,-110,8.5,105,Blue Jays,-130,-140,-1.5,150,8.5,-110,8.5,-125
2020-09-05,Padres,-110,102,1.5,-200,9,-110,9,-105,Athletics,-110,-112,-1.5,175,9,-110,9,-115
2020-09-05,Marlins,195,190,1.5,100,7.5,-110,7.5,-115,Rays,-235,-210,-1.5,-120,7.5,-110,7.5,-105
2020-09-05,Yankees,-260,-240,-1.5,-145,9,-110,9,105,Orioles,215,210,1.5,125,9,-110,9,-125
2020-09-05,Reds,-140,-122,-1.5,125,9.5,-110,9.5,-110,Pirates,120,112,1.5,-145,9.5,-110,9.5,-110
2020-09-05,White Sox,-220,-230,-1.5,-155,9,-110,9.5,100,Royals,184,205,1.5,135,9,-110,9.5,-120
2020-09-05,Tigers,195,245,1.5,115,8.5,-110,8.5,-110,Twins,-235,-280,-1.5,-135,8.5,-110,8.5,-110
2020-09-05,Phillies,115,145,1.5,-140,9.5,-110,9,-110,Mets,-135,-155,-1.5,120,9.5,-110,9,-110
2020-09-05,Brewers,100,104,1.5,-190,8,-110,7.5,-105,Indians,-120,-114,-1.5,170,8,-110,7.5,-115
2020-09-05,Nationals,199,240,1.5,125,9,-110,9.5,-105,Braves,-240,-270,-1.5,-145,9,-110,9.5,-115
2020-09-05,Blue Jays,-135,-125,-1.5,105,10.5,-110,10.5,-115,Red Sox,122,115,1.5,-125,10.5,-110,10.5,-105
2020-09-05,Cardinals,-105,103,1.5,-230,6,-110,6,-115,Cubs,-105,-113,-1.5,200,6,-110,6,-105
2020-09-05,Astros,-111,-103,1.5,-205,7,-110,7.5,-125,Angels,101,-107,-1.5,180,7,-110,7.5,105
2020-09-05,Rangers,130,129,1.5,-150,8.5,-110,8,-115,Mariners,-150,-139,-1.5,130,8.5,-110,8,-105
2020-09-05,Rockies,180,163,1.5,-120,8.5,-110,9,-120,Dodgers,-215,-176,-1.5,100,8.5,-110,9,100
2020-09-05,Diamondbacks,100,128,1.5,-170,8.5,-110,9.5,-110,Giants,-120,-138,-1.5,150,8.5,-110,9.5,-110
2020-09-05,Cubs,122,-108,1.5,-215,7,-110,7,100,Cardinals,-135,-102,-1.5,190,7,-110,7,-120
2020-09-05,Angels,126,154,1.5,-150,7.5,-110,7.5,-120,Astros,-140,-164,-1.5,130,7.5,-110,7.5,-100
2020-09-06,Yankees,-220,-200,-1.5,-135,9,-110,9,-115,Orioles,184,180,1.5,115,9,-110,9,-105
2020-09-06,Phillies,130,147,1.5,-155,7,-110,7.5,-115,Mets,-150,-157,-1.5,135,7,-110,7.5,-105
2020-09-06,Brewers,192,230,1.5,100,7,-110,7,-125,Indians,-230,-260,-1.5,-120,7,-110,7,105
2020-09-06,Nationals,115,127,1.5,-160,9.5,-110,9.5,-110,Braves,-135,-137,-1.5,140,9.5,-110,9.5,-110
2020-09-06,Marlins,176,200,1.5,-110,7.5,-110,7,-120,Rays,-210,-220,-1.5,-110,7.5,-110,7,100
2020-09-06,Blue Jays,-145,-120,-1.5,115,10.5,-110,11,-110,Red Sox,125,110,1.5,-135,10.5,-110,11,-110
2020-09-06,Reds,-130,-155,-1.5,-110,9.5,-110,9,-115,Pirates,110,145,1.5,-110,9.5,-110,9,-105
2020-09-06,White Sox,-170,-210,-1.5,-145,9,-110,11,100,Royals,148,190,1.5,125,9,-110,11,-120
2020-09-06,Tigers,170,170,1.5,-115,9.5,-110,9,-110,Twins,-200,-185,-1.5,-105,9.5,-110,9,-110
2020-09-06,Diamondbacks,130,140,1.5,-150,9,-110,9,-125,Giants,-150,-150,-1.5,130,9,-110,9,105
2020-09-06,Astros,-125,-170,-1.5,-110,9.5,-110,9.5,-120,Angels,105,160,1.5,-110,9.5,-110,9.5,100
2020-09-06,Padres,-110,-107,-1.5,145,9.5,-110,10.5,-115,Athletics,-110,-103,1.5,-165,9.5,-110,10.5,-105
2020-09-06,Rangers,130,115,1.5,-160,9,-110,9,-110,Mariners,-150,-125,-1.5,140,9,-110,9,-110
2020-09-06,Cardinals,-101,-102,-1.5,140,13,-110,12.5,-115,Cubs,-109,-108,1.5,-160,13,-110,12.5,-105
2020-09-06,Rockies,207,240,1.5,125,9.5,-110,9.5,-115,Dodgers,-250,-270,-1.5,-145,9.5,-110,9.5,-105
2020-09-07,Marlins,170,200,1.5,100,9,-110,9,-120,Braves,-200,-220,-1.5,-120,9,-110,9,100
2020-09-07,Phillies,-119,-125,-1.5,130,8.5,-110,9.5,-110,Mets,-101,115,1.5,-150,8.5,-110,9.5,-110
2020-09-07,Tigers,170,180,1.5,-110,8.5,-110,8.5,-120,Twins,-200,-200,-1.5,-110,8.5,-110,8.5,100
2020-09-07,Rangers,125,140,1.5,-155,8.5,-110,8,-115,Mariners,-145,-150,-1.5,135,8.5,-110,8,-105
2020-09-07,Cardinals,140,167,1.5,-130,8,-110,7.5,-120,Cubs,-160,-182,-1.5,110,8,-110,7.5,100
2020-09-07,Rays,126,100,1.5,-200,8.5,-110,8,-105,Nationals,-140,-110,-1.5,175,8.5,-110,8,-115
2020-09-07,Royals,180,190,1.5,-110,8,-110,8,-110,Indians,-215,-210,-1.5,-110,8,-110,8,-110
2020-09-07,Yankees,130,115,1.5,-165,9,-110,9,-105,Blue Jays,-150,-125,-1.5,145,9,-110,9,-115
2020-09-07,Rockies,180,170,1.5,-130,8,-110,8.5,-110,Padres,-215,-185,-1.5,110,8,-110,8.5,-110
2020-09-07,Astros,130,120,1.5,-165,9,-110,9,-115,Athletics,-150,-130,-1.5,145,9,-110,9,-105
2020-09-07,Diamondbacks,-150,100,1.5,-210,8,-110,7.5,-105,Giants,130,-110,-1.5,185,8,-110,7.5,-115
2020-09-08,Rays,-150,-148,-1.5,-115,9.5,-110,9.5,-115,Nationals,130,138,1.5,-105,9.5,-110,9.5,-105
2020-09-08,Royals,199,185,1.5,-110,8.5,-110,8.5,-105,Indians,-240,-205,-1.5,-110,8.5,-110,8.5,-115
2020-09-08,Yankees,125,-109,1.5,-200,10,-110,10,-120,Blue Jays,-145,-101,-1.5,175,10,-110,10,100
2020-09-08,Red Sox,151,170,1.5,-140,8,-110,7.5,-110,Phillies,-175,-185,-1.5,120,8,-110,7.5,-110
2020-09-08,White Sox,-175,-134,-1.5,110,9.5,-110,9.5,-105,Pirates,151,124,1.5,-130,9.5,-110,9.5,-115
2020-09-08,Brewers,-110,-148,-1.5,110,8.5,-110,9,-110,Tigers,-110,138,1.5,-130,8.5,-110,9,-110
2020-09-08,Marlins,125,107,1.5,-185,9.5,-110,9,-120,Braves,-145,-117,-1.5,165,9.5,-110,9,100
2020-09-08,Orioles,160,165,1.5,-130,10,-110,9,-115,Mets,-185,-180,-1.5,110,10,-110,9,-105
2020-09-08,Reds,105,-107,-1.5,155,8,-110,7.5,-120,Cubs,-125,-103,1.5,-175,8,-110,7.5,100
2020-09-08,Twins,-128,-125,-1.5,145,7,-110,6.5,-115,Cardinals,108,115,1.5,-165,7,-110,6.5,-105
2020-09-08,Angels,-130,-128,-1.5,125,8,-110,8,-110,Rangers,110,118,1.5,-145,8,-110,8,-110
2020-09-08,Rockies,320,210,1.5,105,9,-110,8.5,-120,Padres,-405,-240,-1.5,-125,9,-110,8.5,100
2020-09-08,Astros,117,136,1.5,-165,8.5,-110,8,-105,Athletics,-137,-146,-1.5,145,8.5,-110,8,-115
2020-09-08,Dodgers,-225,-255,-1.5,-150,9,-110,9.5,100,Diamondbacks,188,225,1.5,130,9,-110,9.5,-120
2020-09-08,Mariners,144,150,1.5,-150,8.5,-110,9,-110,Giants,-165,-160,-1.5,130,8.5,-110,9,-110
2020-09-08,Twins,-130,-134,-1.5,125,7,-110,7,-115,Cardinals,110,124,1.5,-145,7,-110,7,-105
2020-09-08,Red Sox,157,150,1.5,-145,8.5,-110,8,100,Phillies,-175,-160,-1.5,125,8.5,-110,8,-120
2020-09-08,Athletics,-105,118,1.5,-200,7,-110,6.5,-115,Astros,-115,-128,-1.5,175,7,-110,6.5,-105
2020-09-09,Royals,184,190,1.5,-115,8.5,-110,8,100,Indians,-220,-210,-1.5,-105,8.5,-110,8,-120
2020-09-09,Yankees,-125,-147,-1.5,110,10.5,-110,10,-105,Blue Jays,105,137,1.5,-130,10.5,-110,10,-115
2020-09-09,White Sox,-180,-153,-1.5,-105,9,-110,9,-105,Pirates,155,143,1.5,-115,9,-110,9,-115
2020-09-09,Marlins,120,128,1.5,-170,9.5,-110,9,100,Braves,-140,-138,-1.5,150,9.5,-110,9,-120
2020-09-09,Brewers,-135,-152,-1.5,105,8.5,-110,7.5,-105,Tigers,115,142,1.5,-125,8.5,-110,7.5,-115
2020-09-09,Orioles,150,177,1.5,-120,9.5,-110,9.5,100,Mets,-173,-194,-1.5,100,9.5,-110,9.5,-120
2020-09-09,Rockies,170,162,1.5,-125,8.5,-110,9,-115,Padres,-200,-174,-1.5,105,8.5,-110,9,-105
2020-09-09,Reds,130,140,1.5,-160,6.5,-110,6.5,100,Cubs,-150,-150,-1.5,140,6.5,-110,6.5,-120
2020-09-09,Angels,100,-116,-1.5,130,9.5,-110,9.5,105,Rangers,-120,106,1.5,-150,9.5,-110,9.5,-125
2020-09-09,Astros,140,165,1.5,-125,9,-110,9,100,Athletics,-160,-180,-1.5,105,9,-110,9,-120
2020-09-09,Dodgers,-270,-310,-1.5,-180,8.5,-110,9,-120,Diamondbacks,222,270,1.5,160,8.5,-110,9,100
2020-09-09,Mariners,135,125,1.5,-170,9,-110,9,-110,Giants,-150,-135,-1.5,150,9,-110,9,-110
2020-09-10,Astros,130,137,1.5,-155,9.5,-110,9,100,Athletics,-150,-147,-1.5,135,9.5,-110,9,-120
2020-09-10,Angels,-190,-159,-1.5,-110,9,-110,8.5,-110,Rangers,163,149,1.5,-110,9,-110,8.5,-110
2020-09-10,Braves,-150,-146,-1.5,100,10,-110,11,100,Nationals,130,136,1.5,-120,10,-110,11,-120
2020-09-10,Royals,176,200,1.5,-105,8.5,-110,7.5,-110,Indians,-210,-220,-1.5,-115,8.5,-110,7.5,-110
2020-09-10,Phillies,100,-105,-1.5,155,9,-110,8.5,-120,Marlins,-120,-105,1.5,-175,9,-110,8.5,100
2020-09-10,Red Sox,192,179,1.5,-115,9,-110,9.5,-100,Rays,-230,-198,-1.5,-105,9,-110,9.5,-120
2020-09-10,Reds,-130,-125,-1.5,145,7,-110,7.5,100,Cubs,110,115,1.5,-165,7,-110,7.5,-120
2020-09-10,Giants,176,165,1.5,-120,9,-110,9,-115,Padres,-210,-180,-1.5,100,9,-110,9,-105
2020-09-10,Dodgers,-190,-240,-1.5,-150,9.5,-110,9.5,-120,Diamondbacks,163,210,1.5,130,9.5,-110,9.5,100
2020-09-10,Tigers,180,205,1.5,-120,7,-110,5.5,100,Cardinals,-215,-230,-1.5,100,7,-110,5.5,-120
2020-09-10,Tigers,155,175,1.5,-135,7,-110,7,100,Cardinals,-180,-190,-1.5,115,7,-110,7,-120
2020-09-11,Braves,-150,-155,-1.5,-110,11,-110,11,-110,Nationals,130,145,1.5,-110,11,-110,11,-110
2020-09-11,Mets,-180,-215,-1.5,-140,8,-110,8.5,-120,Blue Jays,155,195,1.5,120,8,-110,8.5,100
2020-09-11,Red Sox,230,240,1.5,120,8.5,-110,8.5,-110,Rays,-260,-270,-1.5,-140,8.5,-110,8.5,-110
2020-09-11,Orioles,192,175,1.5,-140,7,-110,6.5,-110,Yankees,-215,-190,-1.5,120,7,-110,6.5,-110
2020-09-11,Phillies,-140,-160,-1.5,135,6.5,-110,6,105,Marlins,120,150,1.5,-155,6.5,-110,6,-125
2020-09-11,Pirates,-101,128,1.5,-160,9.5,-110,8.5,-115,Royals,-119,-138,-1.5,140,9.5,-110,8.5,-105
2020-09-11,Tigers,222,225,1.5,110,9,-110,8,-105,White Sox,-270,-255,-1.5,-130,9,-110,8,-115
2020-09-11,Cubs,130,156,1.5,-135,8.5,-110,9,-115,Brewers,-150,-166,-1.5,115,8.5,-110,9,-105
2020-09-11,Indians,-115,-115,1.5,-250,7,-110,6.5,-110,Twins,105,105,-1.5,220,7,-110,6.5,-110
2020-09-11,Reds,-101,-112,-1.5,145,8,-110,7.5,100,Cardinals,-119,102,1.5,-165,8,-110,7.5,-120
2020-09-11,Angels,115,124,1.5,-150,12.5,-110,12,-105,Rockies,-135,-134,-1.5,130,12.5,-110,12,-115
2020-09-11,Athletics,-165,-176,-1.5,-120,9.5,-110,9.5,-110,Rangers,144,163,1.5,100,9.5,-110,9.5,-110
2020-09-11,Mariners,105,-110,-1.5,145,9,-110,9.5,100,Diamondbacks,-115,100,1.5,-165,9,-110,9.5,-120
2020-09-11,Phillies,-109,-120,-1.5,160,7,-110,7,-130,Marlins,-101,110,1.5,-180,7,-110,7,110
2020-09-11,Orioles,208,220,1.5,-105,7,110,6.5,100,Yankees,-251,-250,-1.5,-115,7,-130,6.5,-120
2020-09-12,Orioles,140,170,1.5,-115,9,-110,9,-105,Yankees,-160,-185,-1.5,-105,9,-110,9,-115
2020-09-12,Braves,-130,-145,-1.5,105,9,-110,9,-120,Nationals,110,135,1.5,-125,9,-110,9,100
2020-09-12,Phillies,100,-120,-1.5,130,9,-110,9.5,-105,Marlins,-120,110,1.5,-150,9,-110,9.5,-115
2020-09-12,Mets,-185,-161,-1.5,-110,10,-110,10,-105,Blue Jays,166,151,1.5,-110,10,-110,10,-115
2020-09-12,Red Sox,205,190,1.5,-115,8.5,-110,7.5,-110,Rays,-230,-210,-1.5,-105,8.5,-110,7.5,-110
2020-09-12,Pirates,130,102,1.5,-190,9,-110,9.5,-110,Royals,-150,-112,-1.5,170,9,-110,9.5,-110
2020-09-12,Athletics,-190,-196,-1.5,-120,8,-110,7.5,100,Rangers,170,178,1.5,100,8,-110,7.5,-120
2020-09-12,Tigers,153,175,1.5,-105,10,-110,10.5,-110,White Sox,-170,-190,-1.5,-115,10,-110,10.5,-110
2020-09-12,Cubs,-120,-106,-1.5,145,9,-110,9,-100,Brewers,100,-104,1.5,-165,9,-110,9,-120
2020-09-12,Angels,115,125,1.5,-145,12.5,-110,12,-115,Rockies,-135,-135,-1.5,125,12.5,-110,12,-105
2020-09-12,Mariners,151,141,1.5,-150,8,-110,8.5,-120,Diamondbacks,-175,-151,-1.5,130,8,-110,8.5,100
2020-09-12,Reds,120,118,1.5,-165,8.5,-110,8,-105,Cardinals,-140,-128,-1.5,145,8.5,-110,8,-115
2020-09-12,Astros,140,145,1.5,-140,9,-110,9.5,100,Dodgers,-160,-155,-1.5,120,9,-110,9.5,-120
2020-09-12,Indians,-130,-110,-1.5,145,8.5,-110,8,-115,Twins,110,100,1.5,-165,8.5,-110,8,-105
2020-09-12,Athletics,-190,-210,-1.5,-115,7,-110,7,100,Rangers,170,190,1.5,-105,7,-110,7,-120
2020-09-13,Braves,170,155,1.5,-135,9,-110,9,-125,Nationals,-200,-165,-1.5,115,9,-110,9,105
2020-09-13,Orioles,184,160,1.5,-130,10,-110,9.5,-120,Yankees,-220,-170,-1.5,110,10,-110,9.5,100
2020-09-13,Phillies,135,155,1.5,-160,7,-110,6.5,-105,Marlins,-150,-165,-1.5,140,7,-110,6.5,-115
2020-09-13,Red Sox,163,180,1.5,-120,8.5,-110,8,-110,Rays,-190,-200,-1.5,100,8.5,-110,8,-110
2020-09-13,Pirates,135,122,1.5,-155,8.5,-110,8.5,-120,Royals,-155,-132,-1.5,135,8.5,-110,8.5,100
2020-09-13,Tigers,130,160,1.5,-135,9.5,-110,9.5,-110,White Sox,-150,-170,-1.5,115,9.5,-110,9.5,-110
2020-09-13,Cubs,110,114,1.5,-170,9.5,-110,9.5,-110,Brewers,-130,-124,-1.5,150,9.5,-110,9.5,-110
2020-09-13,Reds,-110,-105,-1.5,150,8.5,-110,8,-120,Cardinals,-110,-105,1.5,-170,8.5,-110,8,100
2020-09-13,Athletics,-125,-140,-1.5,115,8,-110,8,-110,Rangers,105,130,1.5,-135,8,-110,8,-110
2020-09-13,Astros,-109,127,1.5,-165,9,-110,9,-115,Dodgers,-101,-137,-1.5,145,9,-110,9,-105
2020-09-13,Mets,120,144,1.5,-135,9.5,-110,9.5,100,Blue Jays,-140,-154,-1.5,115,9.5,-110,9.5,-120
2020-09-13,Angels,-145,-155,-1.5,-110,13,-110,12.5,-120,Rockies,125,145,1.5,-110,13,-110,12.5,100
2020-09-13,Indians,120,125,1.5,-160,8.5,-110,8,-120,Twins,-140,-135,-1.5,140,8.5,-110,8,100
2020-09-13,Giants,157,162,1.5,-150,6.5,-110,6,-120,Padres,-175,-174,-1.5,130,6.5,-110,6,100
2020-09-13,Mariners,125,140,1.5,-145,9,-110,9,-115,Diamondbacks,-145,-150,-1.5,125,9,-110,9,-105
2020-09-13,Phillies,-145,-150,-1.5,130,7,-110,7,-105,Marlins,131,140,1.5,-150,7,-110,7,-115
2020-09-13,Giants,140,150,1.5,-160,7,-110,6.5,-120,Padres,-155,-160,-1.5,140,7,-110,6.5,100
2020-09-14,Pirates,NL,225,1.5,-110,6.5,-110,6,100,Reds,NL,-255,-1.5,-110,6.5,-110,6,-120
2020-09-14,Braves,-160,-164,-1.5,-120,10.5,-110,10,-125,Orioles,140,154,1.5,100,10.5,-110,10,105
2020-09-14,Cardinals,-119,104,1.5,-220,7,-110,6.5,-115,Brewers,109,-114,-1.5,195,7,-110,6.5,-105
2020-09-14,Twins,-120,-136,-1.5,115,9.5,-110,9,-120,White Sox,100,126,1.5,-135,9.5,-110,9,100
2020-09-14,Dodgers,-130,-140,-1.5,115,8,-110,7.5,-115,Padres,110,130,1.5,-135,8,-110,7.5,-105
2020-09-14,Pirates,170,138,1.5,-155,7,-110,7.5,-105,Reds,-190,-148,-1.5,135,7,-110,7.5,-115
2020-09-14,Athletics,-140,-152,-1.5,130,6,-110,6,110,Mariners,126,142,1.5,-150,6,-110,6,-130
2020-09-14,Athletics,-155,-170,-1.5,105,7,-110,7,-125,Mariners,140,160,1.5,-125,7,-110,7,105
2020-09-14,Cardinals,192,180,1.5,-125,6.5,-110,6.5,-105,Brewers,-215,-200,-1.5,105,6.5,-110,6.5,-115
2020-09-14,Phillies,131,109,1.5,-180,9,-110,8.5,-105,Marlins,-145,-119,-1.5,160,9,-110,8.5,-115
2020-09-15,Nationals,155,163,1.5,-120,9,-110,9,-105,Rays,-180,-176,-1.5,100,9,-110,9,-115
2020-09-15,Pirates,120,126,1.5,-160,9,-110,9,-110,Reds,-140,-136,-1.5,140,9,-110,9,-110
2020-09-15,Red Sox,151,148,1.5,-135,9,-110,9,-120,Marlins,-175,-158,-1.5,115,9,-110,9,100
2020-09-15,Braves,-160,-170,-1.5,-115,10.5,-110,10.5,100,Orioles,144,160,1.5,-105,10.5,-110,10.5,-120
2020-09-15,Blue Jays,148,150,1.5,-135,9,-110,9,-115,Yankees,-170,-160,-1.5,115,9,-110,9,-105
2020-09-15,Mets,-105,-117,-1.5,135,10,-110,9.5,-120,Phillies,-115,107,1.5,-155,10,-110,9.5,100
2020-09-15,Royals,-119,105,-1.5,155,9,-110,8.5,-120,Tigers,-101,-115,1.5,-175,9,-110,8.5,100
2020-09-15,Cardinals,-140,-133,-1.5,125,8,-110,8.5,-115,Brewers,120,123,1.5,-145,8,-110,8.5,-105
2020-09-15,Rangers,180,178,1.5,-110,9,-110,9,-115,Astros,-215,-196,-1.5,-110,9,-110,9,-105
2020-09-15,Twins,-101,114,1.5,-175,9,-110,9,-110,White Sox,-119,-124,-1.5,155,9,-110,9,-110
2020-09-15,Indians,130,144,1.5,-145,7.5,-110,8,-120,Cubs,-150,-154,-1.5,125,7.5,-110,8,100
2020-09-15,Athletics,-155,-132,-1.5,100,12,-110,12,-105,Rockies,135,122,1.5,-120,12,-110,12,-115
2020-09-15,Dodgers,-125,-128,-1.5,125,8.5,-110,8.5,-130,Padres,105,118,1.5,-145,8.5,-110,8.5,110
2020-09-15,Diamondbacks,110,135,1.5,-150,9.5,-110,10,-120,Angels,-130,-145,-1.5,130,9.5,-110,10,100
2020-09-16,Nationals,155,164,1.5,-120,9.5,-110,9,-115,Rays,-180,-178,-1.5,100,9.5,-110,9,-105
2020-09-16,Athletics,-110,115,1.5,-175,11.5,-110,11.5,-110,Rockies,-110,-125,-1.5,155,11.5,-110,11.5,-110
2020-09-16,Dodgers,-140,-114,-1.5,140,9,-110,9,-115,Padres,126,104,1.5,-160,9,-110,9,-105
2020-09-16,Pirates,184,220,1.5,100,8.5,-110,8,-115,Reds,-220,-250,-1.5,-120,8.5,-110,8,-105
2020-09-16,Red Sox,120,115,1.5,-165,9,-110,9,105,Marlins,-140,-125,-1.5,145,9,-110,9,-125
2020-09-16,Braves,-175,-180,-1.5,-120,9.5,-110,10,-115,Orioles,151,165,1.5,100,9.5,-110,10,-105
2020-09-16,Blue Jays,218,240,1.5,115,8.5,-110,8.5,-125,Yankees,-265,-270,-1.5,-135,8.5,-110,8.5,105
2020-09-16,Mets,-135,-176,-1.5,-105,7.5,-110,7.5,-105,Phillies,115,163,1.5,-115,7.5,-110,7.5,-115
2020-09-16,Royals,-125,-114,-1.5,135,9,-110,9,100,Tigers,105,104,1.5,-155,9,-110,9,-120
2020-09-16,Cardinals,135,140,1.5,-180,6,-110,6,105,Brewers,-150,-150,-1.5,160,6,-110,6,-125
2020-09-16,Twins,135,143,1.5,-145,8.5,-110,8.5,-120,White Sox,-155,-153,-1.5,125,8.5,-110,8.5,100
2020-09-16,Rangers,199,205,1.5,100,9.5,-110,9,-105,Astros,-240,-230,-1.5,-120,9.5,-110,9,-115
2020-09-16,Indians,-120,-107,-1.5,140,7.5,-110,8,-115,Cubs,100,-103,1.5,-160,7.5,-110,8,-105
2020-09-16,Diamondbacks,155,175,1.5,-120,9,-110,9,100,Angels,-180,-190,-1.5,100,9,-110,9,-120
2020-09-16,Cardinals,131,160,1.5,-145,7,-110,7,100,Brewers,-145,-170,-1.5,125,7,-110,7,-120
2020-09-16,Giants,-150,-152,-1.5,100,9,-110,8.5,-120,Mariners,135,142,1.5,-120,9,-110,8.5,100
2020-09-17,Twins,-155,-161,-1.5,-110,9,-110,8.5,-125,White Sox,140,151,1.5,-110,9,-110,8.5,105
2020-09-17,Diamondbacks,135,155,1.5,-130,9.5,-110,10,100,Angels,-155,-165,-1.5,110,9.5,-110,10,-120
2020-09-17,Rays,-200,-180,-1.5,105,7,-110,6,105,Orioles,179,165,1.5,-125,7,-110,6,-125
2020-09-17,Blue Jays,176,200,1.5,105,9.5,-110,9.5,-110,Yankees,-210,-220,-1.5,-125,9.5,-110,9.5,-110
2020-09-17,Mets,120,105,1.5,-185,8,-110,8,-105,Phillies,-140,-115,-1.5,165,8,-110,8,-115
2020-09-17,Cardinals,-165,-152,-1.5,100,9,-110,8.5,-115,Pirates,144,142,1.5,-120,9,-110,8.5,-105
2020-09-17,Rangers,192,220,1.5,110,9.5,-110,9,-110,Astros,-230,-250,-1.5,-130,9.5,-110,9,-110
2020-09-17,Indians,-270,-270,-1.5,-150,7,-110,7,-115,Tigers,222,240,1.5,130,7,-110,7,-105
2020-09-17,Dodgers,-165,-157,-1.5,-115,11.5,-110,12,-110,Rockies,144,147,1.5,-105,11.5,-110,12,-110
2020-09-17,Giants,-145,-124,-1.5,125,8.5,-110,9,-125,Mariners,125,114,1.5,-145,8.5,-110,9,105
2020-09-17,Orioles,157,161,1.5,-140,8.5,-110,7.5,100,Rays,-175,-172,-1.5,120,8.5,-110,7.5,-120
2020-09-17,Red Sox,114,-108,1.5,-205,9,-110,9.5,-105,Marlins,-126,-102,-1.5,180,9,-110,9.5,-115
2020-09-18,Blue Jays,170,200,1.5,115,7.5,-110,7,-120,Phillies,157,175,1.5,-140,7.5,-110,7,100
2020-09-18,Rays,-175,-190,-1.5,120,9,-101,8.5,100,Orioles,-181,-210,-1.5,-145,9,-119,8.5,-120
2020-09-18,Cardinals,156,190,1.5,125,7,-110,6.5,-120,Pirates,126,145,1.5,-150,7,-110,6.5,100
2020-09-18,White Sox,-146,-155,-1.5,130,9,-110,9.5,100,Reds,148,161,1.5,-130,9,-110,9.5,-120
2020-09-18,Braves,-171,-172,-1.5,110,8.5,-120,8.5,-120,Mets,-171,-220,-1.5,-145,8.5,100,8.5,100
2020-09-18,Indians,148,200,1.5,125,9,-115,8.5,-105,Tigers,126,105,1.5,-205,9,-105,8.5,-115
2020-09-18,Nationals,-146,-115,-1.5,180,6.5,-110,6.5,-115,Marlins,131,175,1.5,-110,6.5,-110,6.5,-105
2020-09-18,Yankees,-151,-190,-1.5,-110,10.5,-115,10.5,-110,Red Sox,144,148,1.5,-140,10.5,-105,10.5,-110
2020-09-18,Royals,-160,-158,-1.5,120,9,-110,8.5,-120,Brewers,-180,-180,-1.5,-120,9,-110,8.5,100
2020-09-18,Diamondbacks,155,165,1.5,100,8,-110,7.5,-115,Astros,149,142,1.5,-165,8,-110,7.5,-105
2020-09-18,Dodgers,-165,-152,-1.5,145,13,-105,13,-120,Rockies,-110,-123,-1.5,145,13,-115,13,100
2020-09-18,Twins,100,113,1.5,-165,7.5,-110,7,-120,Cubs,135,116,1.5,-185,7.5,-110,7,100
2020-09-18,Rangers,-150,-126,-1.5,165,9,-115,9.5,100,Angels,120,143,1.5,-155,9,-105,9.5,-120
2020-09-18,Giants,-140,-153,-1.5,135,8.5,-110,8.5,-110,Athletics,-145,-140,-1.5,110,8.5,-110,8.5,-110
2020-09-18,Padres,125,130,1.5,-130,8.5,-110,8.5,-115,Mariners,126,118,1.5,-170,8.5,-110,8.5,-105
2020-09-18,Pirates,-140,-128,-1.5,150,7,-110,7,105,Cardinals,-105,111,1.5,-200,7,-110,7,-125
2020-09-18,Phillies,-115,-121,-1.5,175,7,-110,6.5,-120,Blue Jays,-165,-185,-1.5,-115,7,-110,6.5,100
2020-09-18,Nationals,144,170,1.5,-105,7,-110,7,-120,Marlins,-170,-176,-1.5,-120,7,-110,7,100
2020-09-19,Giants,-101,-106,1.5,-230,9,-110,8,100,Athletics,-109,-102,-1.5,200,9,-110,8,-120
2020-09-19,Blue Jays,-201,-200,-1.5,-125,9,-110,8,-110,Phillies,170,180,1.5,105,9,-110,8,-110
2020-09-19,White Sox,-165,-170,-1.5,110,8,-110,8,-110,Reds,149,160,1.5,-130,8,-110,8,-110
2020-09-19,Nationals,-116,113,1.5,-180,8,-110,7.5,-120,Marlins,-104,-123,-1.5,160,8,-110,7.5,100
2020-09-19,Indians,-166,-158,-1.5,-110,8.5,-110,8,100,Tigers,145,148,1.5,-110,8.5,-110,8,-120
2020-09-19,Rays,-201,-220,-1.5,-135,9,-110,8,-120,Orioles,148,163,1.5,100,9,-110,8,100
2020-09-19,Cardinals,-190,-164,-1.5,-105,8.5,-110,8,-125,Pirates,163,154,1.5,-115,8.5,-110,8,105
2020-09-19,Royals,184,180,1.5,-115,8.5,-110,7.5,-120,Brewers,-220,-200,-1.5,-105,8.5,-110,7.5,100
2020-09-19,Diamondbacks,148,156,1.5,-130,9,-110,9.5,-105,Astros,-170,-166,-1.5,110,9,-110,9.5,-115
2020-09-19,Braves,-145,-149,-1.5,100,9,-110,9,-105,Mets,125,139,1.5,-120,9,-110,9,-115
2020-09-19,Rangers,148,145,1.5,-150,7.5,-110,7.5,105,Angels,-170,-155,-1.5,130,7.5,-110,7.5,-125
2020-09-19,Yankees,-205,-205,-1.5,-145,11,-110,10.5,100,Red Sox,183,185,1.5,125,11,-110,10.5,-120
2020-09-19,Dodgers,-290,-280,-1.5,-180,11,-110,12,-115,Rockies,237,245,1.5,160,11,-110,12,-105
2020-09-19,Twins,-135,-123,-1.5,130,8.5,-110,8,-115,Cubs,115,113,1.5,-150,8.5,-110,8,-105
2020-09-19,Padres,-190,-160,-1.5,-105,8,-110,8.5,-120,Mariners,163,150,1.5,-115,8,-110,8.5,100
2020-09-20,Blue Jays,104,-110,1.5,-210,9.5,-110,9.5,-105,Phillies,-114,100,-1.5,185,9.5,-110,9.5,-115
2020-09-20,Cardinals,-160,-160,-1.5,100,8.5,-110,7.5,-105,Pirates,140,150,1.5,-120,8.5,-110,7.5,-115
2020-09-20,Rays,-180,-152,-1.5,100,9,-110,8.5,100,Orioles,155,142,1.5,-120,9,-110,8.5,-120
2020-09-20,White Sox,-120,120,1.5,-180,9,-110,9.5,-105,Reds,100,-130,-1.5,160,9,-110,9.5,-115
2020-09-20,Braves,-101,108,1.5,-180,10,-110,9.5,100,Mets,-119,-118,-1.5,160,10,-110,9.5,-120
2020-09-20,Indians,-200,-194,-1.5,-115,8,-110,7.5,100,Tigers,170,177,1.5,-105,8,-110,7.5,-120
2020-09-20,Nationals,-160,-140,-1.5,145,6,-110,6,100,Marlins,140,130,1.5,-165,6,-110,6,-120
2020-09-20,Yankees,-170,-196,-1.5,-130,10,-110,9,-115,Red Sox,148,178,1.5,110,10,-110,9,-105
2020-09-20,Royals,120,145,1.5,-145,8.5,-110,8.5,-105,Brewers,-140,-155,-1.5,125,8.5,-110,8.5,-115
2020-09-20,Diamondbacks,170,180,1.5,-120,9.5,-110,9.5,105,Astros,-200,-200,-1.5,100,9.5,-110,9.5,-125
2020-09-20,Twins,140,143,1.5,-155,7.5,-110,7.5,100,Cubs,-160,-153,-1.5,135,7.5,-110,7.5,-120
2020-09-20,Dodgers,-190,-200,-1.5,-140,12.5,-110,12,-110,Rockies,163,180,1.5,120,12.5,-110,12,-110
2020-09-20,Giants,125,162,1.5,-140,8.5,-110,9,-110,Athletics,-145,-174,-1.5,120,8.5,-110,9,-110
2020-09-20,Padres,-220,-280,-1.5,-165,8,-110,8.5,-120,Mariners,184,245,1.5,145,8,-110,8.5,100
2020-09-20,Rangers,115,140,1.5,-150,9.5,-110,10,-120,Angels,-135,-150,-1.5,130,9.5,-110,10,100
2020-09-20,Nationals,122,125,1.5,-175,7,-110,7,-120,Marlins,-135,-135,-1.5,155,7,-110,7,100
2020-09-21,Rangers,184,190,1.5,-110,8.5,-110,8.5,-120,Angels,-220,-210,-1.5,-110,8.5,-110,8.5,100
2020-09-21,Phillies,-145,-155,-1.5,-105,9,-110,8.5,-110,Nationals,125,145,1.5,-115,9,-110,8.5,-110
2020-09-21,White Sox,-115,-101,1.5,-190,8.5,-110,8,-120,Indians,-105,-109,-1.5,170,8.5,-110,8,100
2020-09-21,Yankees,-140,-143,-1.5,105,10.5,-110,11,100,Blue Jays,126,133,1.5,-125,10.5,-110,11,-120
2020-09-21,Brewers,110,114,1.5,-185,7.5,-110,7,-115,Reds,-130,-124,-1.5,165,7.5,-110,7,-105
2020-09-21,Cubs,-160,-146,-1.5,110,9,-110,8.5,-110,Pirates,140,136,1.5,-130,9,-110,8.5,-110
2020-09-21,Marlins,148,151,1.5,-130,9,-110,9.5,-115,Braves,-170,-161,-1.5,110,9,-110,9.5,-105
2020-09-21,Rays,192,165,1.5,-135,7,-110,7,100,Mets,-230,-180,-1.5,115,7,-110,7,-120
2020-09-21,Cardinals,-145,-185,-1.5,-125,9,-110,9,-110,Royals,125,170,1.5,105,9,-110,9,-110
2020-09-21,Astros,-145,-124,-1.5,125,8,-110,8,-120,Mariners,125,114,1.5,-145,8,-110,8,100
2020-09-21,Rockies,-105,108,1.5,-180,8.5,-110,8,-105,Giants,-115,-118,-1.5,160,8.5,-110,8,-115
2020-09-22,Phillies,-185,-200,-1.5,-110,6.5,-110,6.5,-115,Nationals,160,180,1.5,-110,6.5,-110,6.5,-105
2020-09-22,White Sox,188,112,1.5,-175,7.5,-110,9.5,100,Indians,-225,-122,-1.5,155,7.5,-110,9.5,-120
2020-09-22,Yankees,-245,-270,-1.5,-175,9.5,-110,9.5,-105,Blue Jays,203,240,1.5,155,9.5,-110,9.5,-115
2020-09-22,Brewers,135,142,1.5,-150,8,-110,9,100,Reds,-155,-152,-1.5,130,8,-110,9,-120
2020-09-22,Cubs,-145,-155,-1.5,100,8.5,-110,8.5,-110,Pirates,131,145,1.5,-120,8.5,-110,8.5,-110
2020-09-22,Marlins,172,150,1.5,-135,9,-110,10.5,-105,Braves,-205,-160,-1.5,115,9,-110,10.5,-115
2020-09-22,Rays,-135,-135,-1.5,125,7.5,-110,7.5,-105,Mets,115,125,1.5,-145,7.5,-110,7.5,-115
2020-09-22,Orioles,-115,101,1.5,-180,10,-110,9.5,-105,Red Sox,-105,-111,-1.5,160,10,-110,9.5,-115
2020-09-22,Tigers,175,165,1.5,-125,10.5,-110,9,-105,Twins,-195,-180,-1.5,105,10.5,-110,9,-115
2020-09-22,Cardinals,-125,-103,-1.5,150,9,-110,8.5,-110,Royals,105,-107,1.5,-170,9,-110,8.5,-110
2020-09-22,Angels,148,149,1.5,-135,9,-110,9,-105,Padres,-170,-159,-1.5,115,9,-110,9,-115
2020-09-22,Astros,-170,-196,-1.5,-120,8.5,-110,9,-105,Mariners,148,178,1.5,100,8.5,-110,9,-115
2020-09-22,Rangers,105,147,1.5,-145,9,-110,9.5,-110,Diamondbacks,-125,-157,-1.5,125,9,-110,9.5,-110
2020-09-22,Athletics,170,163,1.5,-130,9,-110,9,-105,Dodgers,-200,-176,-1.5,110,9,-110,9,-115
2020-09-22,Rockies,105,150,1.5,-155,8,-110,7.5,-115,Giants,-125,-160,-1.5,135,8,-110,7.5,-105
2020-09-22,Phillies,-122,-127,-1.5,140,8,-110,8,-125,Nationals,102,117,1.5,-160,8,-110,8,105
2020-09-23,Angels,160,152,1.5,-135,8.5,-110,8.5,-110,Padres,-185,-162,-1.5,115,8.5,-110,8.5,-110
2020-09-23,Phillies,-125,-160,-1.5,-110,9.5,-110,9.5,100,Nationals,105,150,1.5,-110,9.5,-110,9.5,-120
2020-09-23,White Sox,135,154,1.5,-155,7,-110,6.5,-120,Indians,-155,-164,-1.5,135,7,-110,6.5,100
2020-09-23,Rangers,135,139,1.5,-145,9.5,-110,9,-120,Diamondbacks,-150,-149,-1.5,125,9.5,-110,9,100
2020-09-23,Yankees,-220,-215,-1.5,-150,10,-110,10.5,-120,Blue Jays,196,195,1.5,130,10,-110,10.5,100
2020-09-23,Astros,-170,-205,-1.5,-125,8.5,-110,8.5,-105,Mariners,148,185,1.5,105,8.5,-110,8.5,-115
2020-09-23,Brewers,140,158,1.5,-140,8,-110,8.5,-115,Reds,-160,-168,-1.5,120,8,-110,8.5,-105
2020-09-23,Cubs,-200,-240,-1.5,-150,8,-110,8.5,-115,Pirates,179,210,1.5,130,8,-110,8.5,-105
2020-09-23,Marlins,157,158,1.5,-145,8,-110,8,-115,Braves,-175,-168,-1.5,125,8,-110,8,-105
2020-09-23,Rays,-180,-145,-1.5,105,8.5,-110,8.5,-105,Mets,162,135,1.5,-125,8.5,-110,8.5,-115
2020-09-23,Orioles,120,155,1.5,-140,9,-110,9,-105,Red Sox,-140,-165,-1.5,120,9,-110,9,-115
2020-09-23,Tigers,226,285,1.5,130,8,-110,8,-120,Twins,-275,-330,-1.5,-150,8,-110,8,100
2020-09-23,Cardinals,-110,-127,-1.5,125,9.5,-110,9,100,Royals,-110,117,1.5,-145,9.5,-110,9,-120
2020-09-23,Athletics,151,154,1.5,-140,8.5,-110,8.5,-125,Dodgers,-175,-164,-1.5,120,8.5,-110,8.5,105
2020-09-23,Rockies,144,170,1.5,-125,9,-110,9,-125,Giants,-165,-185,-1.5,105,9,-110,9,105
2020-09-24,Rockies,192,210,1.5,105,9,-110,9,100,Giants,-230,-240,-1.5,-125,9,-110,9,-120
2020-09-24,Mets,-120,118,1.5,-175,9,-110,9,-105,Nationals,100,-128,-1.5,155,9,-110,9,-115
2020-09-24,White Sox,100,120,1.5,-185,8,-110,7.5,-110,Indians,-120,-130,-1.5,165,8,-110,7.5,-110
2020-09-24,Yankees,126,-113,1.5,-210,10,-110,9.5,100,Blue Jays,-140,103,-1.5,185,10,-110,9.5,-120
2020-09-24,Cubs,-190,-157,-1.5,-115,9,-110,9,-105,Pirates,163,147,1.5,-105,9,-110,9,-115
2020-09-24,Marlins,163,154,1.5,-140,9.5,-110,9,-105,Braves,-190,-164,-1.5,120,9.5,-110,9,-115
2020-09-24,Orioles,120,145,1.5,-135,10,-110,9.5,-110,Red Sox,-140,-155,-1.5,115,10,-110,9.5,-110
2020-09-24,Tigers,130,146,1.5,-140,9.5,-110,9,-105,Royals,-150,-156,-1.5,120,9.5,-110,9,-115
2020-09-24,Astros,-140,-119,-1.5,130,8,-110,8,-115,Rangers,120,109,1.5,-150,8,-110,8,-105
2020-09-24,Brewers,-120,-140,-1.5,120,7.5,-110,7,-115,Cardinals,100,130,1.5,-140,7.5,-110,7,-105
2020-09-24,Athletics,151,200,1.5,-105,9,-110,9,-115,Dodgers,-175,-220,-1.5,-115,9,-110,9,-105
2020-09-25,Orioles,162,154,1.5,-135,10,-110,9.5,-115,Blue Jays,-180,-164,-1.5,115,10,-110,9.5,-105
2020-09-25,Phillies,148,115,1.5,-175,8.5,-110,8.5,-105,Rays,-170,-125,-1.5,155,8.5,-110,8.5,-115
2020-09-25,Marlins,160,165,1.5,-120,9.5,-110,9.5,100,Yankees,-185,-180,-1.5,100,9.5,-110,9.5,-120
2020-09-25,Pirates,218,210,1.5,100,7.5,-110,7.5,-115,Indians,-265,-240,-1.5,-120,7.5,-110,7.5,-105
2020-09-25,Red Sox,140,156,1.5,-130,10,-110,9.5,-115,Braves,-160,-166,-1.5,110,10,-110,9.5,-105
2020-09-25,Astros,-155,-165,-1.5,-120,8,-110,9,-105,Rangers,135,155,1.5,100,8,-110,9,-115
2020-09-25,Tigers,148,140,1.5,-140,8,-110,8.5,-110,Royals,-170,-150,-1.5,120,8,-110,8.5,-110
2020-09-25,Cubs,-135,-166,-1.5,-110,8.5,-110,8,-120,White Sox,115,156,1.5,-110,8.5,-110,8,100
2020-09-25,Reds,125,144,1.5,-150,8.5,-110,8.5,-105,Twins,-145,-154,-1.5,130,8.5,-110,8.5,-115
2020-09-25,Mariners,172,190,1.5,-110,8.5,-110,7.5,-115,Athletics,-205,-210,-1.5,-110,8.5,-110,7.5,-105
2020-09-25,Angels,199,190,1.5,-115,8.5,-110,8,-115,Dodgers,-240,-210,-1.5,-105,8.5,-110,8,-105
2020-09-25,Rockies,135,125,1.5,-175,7.5,-110,7.5,100,Diamondbacks,-150,-135,-1.5,155,7.5,-110,7.5,-120
2020-09-25,Padres,-147,-150,-1.5,130,6.5,-110,6.5,-115,Giants,133,140,1.5,-150,6.5,-110,6.5,-105
2020-09-25,Cardinals,-119,-110,-1.5,170,6,-110,6,100,Brewers,109,100,1.5,-190,6,-110,6,-120
2020-09-25,Rockies,157,156,1.5,-160,6.5,-110,6,100,Diamondbacks,-175,-166,-1.5,140,6.5,-110,6,-120
2020-09-25,Giants,153,190,1.5,-130,6.5,-110,6.5,-105,Padres,-170,-210,-1.5,110,6.5,-110,6.5,-115
2020-09-25,Cardinals,100,-105,1.5,-210,6.5,-110,6.5,-115,Brewers,-110,-105,-1.5,175,6.5,-110,6.5,-105
2020-09-26,Marlins,163,205,1.5,105,9.5,-110,9.5,-105,Yankees,-190,-230,-1.5,-125,9.5,-110,9.5,-115
2020-09-26,Orioles,125,109,1.5,-170,9.5,-110,9,-120,Blue Jays,-145,-119,-1.5,150,9.5,-110,9,100
2020-09-26,Phillies,-110,-108,-1.5,145,8,-110,7.5,-115,Rays,-110,-102,1.5,-165,8,-110,7.5,-105
2020-09-26,Astros,-200,-138,-1.5,105,9,-110,9,105,Rangers,170,128,1.5,-125,9,-110,9,-125
2020-09-26,Tigers,110,115,1.5,-165,9,-110,9.5,-115,Royals,-130,-125,-1.5,145,9,-110,9.5,-105
2020-09-26,Pirates,192,150,1.5,-140,8,-110,8,-115,Indians,-230,-160,-1.5,120,8,-110,8,-105
2020-09-26,Red Sox,110,140,1.5,-150,9,-110,9.5,100,Braves,-130,-150,-1.5,130,9,-110,9.5,-120
2020-09-26,Cubs,125,142,1.5,-140,8.5,-110,9.5,100,White Sox,-145,-152,-1.5,120,8.5,-110,9.5,-120
2020-09-26,Reds,125,110,1.5,-180,8,-110,7.5,-115,Twins,-145,-120,-1.5,160,8,-110,7.5,-105
2020-09-26,Mets,-225,-130,-1.5,135,8.5,-110,7,-105,Nationals,188,120,1.5,-155,8.5,-110,7,-115
2020-09-26,Brewers,-110,-117,-1.5,140,7.5,-110,7.5,-115,Cardinals,-110,107,1.5,-160,7.5,-110,7.5,-105
2020-09-26,Rockies,151,-105,1.5,-190,8.5,-110,9,-115,Diamondbacks,-175,-105,-1.5,170,8.5,-110,9,-105
2020-09-26,Angels,151,260,1.5,135,8.5,-110,9,-110,Dodgers,-175,-300,-1.5,-155,8.5,-110,9,-110
2020-09-26,Padres,-126,-130,-1.5,120,9,-110,9,-110,Giants,114,120,1.5,-140,9,-110,9,-110
2020-09-26,Mets,144,-131,-1.5,155,6,-110,5,105,Nationals,-160,121,1.5,-175,6,-110,5,-125
2020-09-26,Mariners,-140,134,1.5,-180,6,-110,6,-110,Athletics,126,-144,-1.5,160,6,-110,6,-110
2020-09-26,Athletics,-140,-138,-1.5,130,7,-110,7,-110,Mariners,126,128,1.5,-150,7,-110,7,-110
2020-09-27,Astros,-126,-124,-1.5,130,9.5,-110,9.5,-105,Rangers,114,114,1.5,-150,9.5,-110,9.5,-115
2020-09-27,Tigers,140,160,1.5,-135,9,-110,8,105,Royals,-160,-170,-1.5,115,9,-110,8,-125
2020-09-27,Marlins,148,162,1.5,-115,9.5,-110,9.5,-115,Yankees,-170,-174,-1.5,-105,9.5,-110,9.5,-105
2020-09-27,Mets,-150,-128,-1.5,120,9,-110,8.5,-120,Nationals,135,118,1.5,-140,9,-110,8.5,100
2020-09-27,Padres,131,109,1.5,-170,9,-110,8.5,-120,Giants,-145,-119,-1.5,150,9,-110,8.5,100
2020-09-27,Orioles,115,116,1.5,-165,10.5,-110,10,-110,Blue Jays,-135,-126,-1.5,145,10.5,-110,10,-110
2020-09-27,Cubs,110,140,1.5,-145,10,-110,9,-110,White Sox,-130,-150,-1.5,125,10,-110,9,-110
2020-09-27,Pirates,175,136,1.5,-145,8,-110,8,-110,Indians,-195,-146,-1.5,125,8,-110,8,-110
2020-09-27,Red Sox,130,133,1.5,-155,10,-110,9.5,-110,Braves,-150,-143,-1.5,135,10,-110,9.5,-110
2020-09-27,Reds,114,115,1.5,-180,8.5,-110,8,100,Twins,-125,-125,-1.5,160,8.5,-110,8,-120
2020-09-27,Mariners,120,113,1.5,-180,8.5,-110,8,-110,Athletics,-140,-123,-1.5,160,8.5,-110,8,-110
2020-09-27,Angels,155,190,1.5,-110,9,-110,8.5,-110,Dodgers,-180,-210,-1.5,-110,9,-110,8.5,-110
2020-09-27,Rockies,-115,-102,-1.5,150,9.5,-110,9,-110,Diamondbacks,-105,-108,1.5,-170,9.5,-110,9,-110
2020-09-27,Phillies,-150,-145,-1.5,110,7.5,-110,7.5,-105,Rays,135,135,1.5,-130,7.5,-110,7.5,-115
2020-09-27,Brewers,-114,-105,-1.5,145,8,-110,8,-120,Cardinals,104,-105,1.5,-165,8,-110,8,100
